Date,Category,Quantity
2021-03-28,Boots,3.0
2021-03-29,Boots,0.0
2021-03-30,Boots,0.0
2021-03-31,Boots,0.0
2021-04-01,Boots,0.0
2021-04-02,Boots,1.0
2021-04-03,Boots,1.0
2021-04-04,Boots,0.0
2021-04-05,Boots,0.0
2021-04-06,Boots,0.0
2021-04-07,Boots,0.0
2021-04-08,Boots,1.0
2021-04-09,Boots,1.0
2021-04-10,Boots,0.0
2021-04-11,Boots,0.0
2021-04-12,Boots,2.0
2021-04-13,Boots,1.0
2021-04-14,Boots,0.0
2021-04-15,Boots,3.0
2021-04-16,Boots,0.0
2021-04-17,Boots,2.0
2021-04-18,Boots,1.0
2021-04-19,Boots,0.0
2021-04-20,Boots,0.0
2021-04-21,Boots,0.0
2021-04-22,Boots,0.0
2021-04-23,Boots,0.0
2021-04-24,Boots,1.0
2021-04-25,Boots,0.0
2021-04-26,Boots,0.0
2021-04-27,Boots,0.0
2021-04-28,Boots,0.0
2021-04-29,Boots,0.0
2021-04-30,Boots,0.0
2021-05-01,Boots,0.0
2021-05-02,Boots,0.0
2021-05-03,Boots,0.0
2021-05-04,Boots,0.0
2021-05-05,Boots,0.0
2021-05-06,Boots,0.0
2021-05-07,Boots,0.0
2021-05-08,Boots,0.0
2021-05-09,Boots,0.0
2021-05-10,Boots,0.0
2021-05-11,Boots,0.0
2021-05-12,Boots,0.0
2021-05-13,Boots,0.0
2021-05-14,Boots,0.0
2021-05-15,Boots,2.0
2021-05-16,Boots,2.0
2021-05-17,Boots,0.0
2021-05-18,Boots,0.0
2021-05-19,Boots,0.0
2021-05-20,Boots,0.0
2021-05-21,Boots,1.0
2021-05-22,Boots,0.0
2021-05-23,Boots,3.0
2021-05-24,Boots,0.0
2021-05-25,Boots,1.0
2021-05-26,Boots,0.0
2021-05-27,Boots,1.0
2021-05-28,Boots,1.0
2021-05-29,Boots,1.0
2021-05-30,Boots,0.0
2021-05-31,Boots,2.0
2021-06-01,Boots,2.0
2021-06-02,Boots,0.0
2021-06-03,Boots,1.0
2021-06-04,Boots,1.0
2021-06-05,Boots,0.0
2021-06-06,Boots,0.0
2021-06-07,Boots,0.0
2021-06-08,Boots,0.0
2021-06-09,Boots,1.0
2021-06-10,Boots,2.0
2021-06-11,Boots,3.0
2021-06-12,Boots,0.0
2021-06-13,Boots,0.0
2021-06-14,Boots,1.0
2021-06-15,Boots,0.0
2021-06-16,Boots,0.0
2021-06-17,Boots,0.0
2021-06-18,Boots,2.0
2021-06-19,Boots,0.0
2021-06-20,Boots,0.0
2021-06-21,Boots,0.0
2021-06-22,Boots,1.0
2021-06-23,Boots,0.0
2021-06-24,Boots,1.0
2021-06-25,Boots,1.0
2021-06-26,Boots,0.0
2021-06-27,Boots,0.0
2021-06-28,Boots,0.0
2021-06-29,Boots,0.0
2021-06-30,Boots,0.0
2021-07-01,Boots,0.0
2021-07-02,Boots,1.0
2021-07-03,Boots,0.0
2021-07-04,Boots,1.0
2021-07-05,Boots,0.0
2021-07-06,Boots,6.0
2021-07-07,Boots,1.0
2021-07-08,Boots,1.0
2021-07-09,Boots,0.0
2021-07-10,Boots,0.0
2021-07-11,Boots,2.0
2021-07-12,Boots,0.0
2021-07-13,Boots,0.0
2021-07-14,Boots,1.0
2021-07-15,Boots,1.0
2021-07-16,Boots,1.0
2021-07-17,Boots,0.0
2021-07-18,Boots,1.0
2021-07-19,Boots,0.0
2021-07-20,Boots,1.0
2021-07-21,Boots,1.0
2021-07-22,Boots,2.0
2021-07-23,Boots,3.0
2021-07-24,Boots,0.0
2021-07-25,Boots,0.0
2021-07-26,Boots,0.0
2021-07-27,Boots,0.0
2021-07-28,Boots,2.0
2021-07-29,Boots,0.0
2021-07-30,Boots,1.0
2021-07-31,Boots,0.0
2021-08-01,Boots,0.0
2021-08-02,Boots,0.0
2021-08-03,Boots,2.0
2021-08-04,Boots,0.0
2021-08-05,Boots,0.0
2021-08-06,Boots,0.0
2021-08-07,Boots,2.0
2021-08-08,Boots,1.0
2021-08-09,Boots,3.0
2021-08-10,Boots,0.0
2021-08-11,Boots,1.0
2021-08-12,Boots,0.0
2021-08-13,Boots,0.0
2021-08-14,Boots,1.0
2021-08-15,Boots,0.0
2021-08-16,Boots,0.0
2021-08-17,Boots,0.0
2021-08-18,Boots,1.0
2021-08-19,Boots,0.0
2021-08-20,Boots,2.0
2021-08-21,Boots,0.0
2021-08-22,Boots,1.0
2021-08-23,Boots,0.0
2021-08-24,Boots,1.0
2021-08-25,Boots,0.0
2021-08-26,Boots,0.0
2021-08-27,Boots,0.0
2021-08-28,Boots,2.0
2021-08-29,Boots,2.0
2021-08-30,Boots,1.0
2021-08-31,Boots,0.0
2021-09-01,Boots,1.0
2021-09-02,Boots,3.0
2021-09-03,Boots,0.0
2021-09-04,Boots,1.0
2021-09-05,Boots,1.0
2021-09-06,Boots,0.0
2021-09-07,Boots,1.0
2021-09-08,Boots,1.0
2021-09-09,Boots,3.0
2021-09-10,Boots,0.0
2021-09-11,Boots,0.0
2021-09-12,Boots,1.0
2021-09-13,Boots,1.0
2021-09-14,Boots,0.0
2021-09-15,Boots,0.0
2021-09-16,Boots,0.0
2021-09-17,Boots,0.0
2021-09-18,Boots,1.0
2021-09-19,Boots,1.0
2021-09-20,Boots,2.0
2021-09-21,Boots,0.0
2021-09-22,Boots,2.0
2021-09-23,Boots,0.0
2021-09-24,Boots,0.0
2021-09-25,Boots,0.0
2021-09-26,Boots,3.0
2021-09-27,Boots,2.0
2021-09-28,Boots,2.0
2021-09-29,Boots,0.0
2021-09-30,Boots,0.0
2021-10-01,Boots,2.0
2021-10-02,Boots,1.0
2021-10-03,Boots,0.0
2021-10-04,Boots,0.0
2021-10-05,Boots,1.0
2021-10-06,Boots,0.0
2021-10-07,Boots,2.0
2021-10-08,Boots,0.0
2021-10-09,Boots,1.0
2021-10-10,Boots,4.0
2021-10-11,Boots,0.0
2021-10-12,Boots,1.0
2021-10-13,Boots,1.0
2021-10-14,Boots,0.0
2021-10-15,Boots,0.0
2021-10-16,Boots,1.0
2021-10-17,Boots,0.0
2021-10-18,Boots,0.0
2021-10-19,Boots,2.0
2021-10-20,Boots,0.0
2021-10-21,Boots,1.0
2021-10-22,Boots,1.0
2021-10-23,Boots,0.0
2021-10-24,Boots,2.0
2021-10-25,Boots,1.0
2021-10-26,Boots,0.0
2021-10-27,Boots,1.0
2021-10-28,Boots,0.0
2021-10-29,Boots,0.0
2021-10-30,Boots,0.0
2021-10-31,Boots,0.0
2021-11-01,Boots,2.0
2021-11-02,Boots,0.0
2021-11-03,Boots,2.0
2021-11-04,Boots,0.0
2021-11-05,Boots,0.0
2021-11-06,Boots,2.0
2021-11-07,Boots,1.0
2021-11-08,Boots,1.0
2021-11-09,Boots,1.0
2021-11-10,Boots,2.0
2021-11-11,Boots,0.0
2021-11-12,Boots,0.0
2021-11-13,Boots,0.0
2021-11-14,Boots,0.0
2021-11-15,Boots,1.0
2021-11-16,Boots,1.0
2021-11-17,Boots,2.0
2021-11-18,Boots,2.0
2021-11-19,Boots,1.0
2021-11-20,Boots,1.0
2021-11-21,Boots,2.0
2021-11-22,Boots,1.0
2021-11-23,Boots,0.0
2021-11-24,Boots,0.0
2021-11-25,Boots,2.0
2021-11-26,Boots,0.0
2021-11-27,Boots,1.0
2021-11-28,Boots,0.0
2021-11-29,Boots,2.0
2021-11-30,Boots,1.0
2021-12-01,Boots,0.0
2021-12-02,Boots,0.0
2021-12-03,Boots,1.0
2021-12-04,Boots,0.0
2021-12-05,Boots,1.0
2021-12-06,Boots,0.0
2021-12-07,Boots,1.0
2021-12-08,Boots,1.0
2021-12-09,Boots,0.0
2021-12-10,Boots,3.0
2021-12-11,Boots,0.0
2021-12-12,Boots,0.0
2021-12-13,Boots,2.0
2021-12-14,Boots,0.0
2021-12-15,Boots,0.0
2021-12-16,Boots,0.0
2021-12-17,Boots,1.0
2021-12-18,Boots,0.0
2021-12-19,Boots,1.0
2021-12-20,Boots,0.0
2021-12-21,Boots,1.0
2021-12-22,Boots,0.0
2021-12-23,Boots,0.0
2021-12-24,Boots,0.0
2021-12-25,Boots,3.0
2021-12-26,Boots,1.0
2021-12-27,Boots,2.0
2021-12-28,Boots,2.0
2021-12-29,Boots,0.0
2021-12-30,Boots,2.0
2021-12-31,Boots,0.0
2022-01-01,Boots,0.0
2022-01-02,Boots,1.0
2022-01-03,Boots,0.0
2022-01-04,Boots,2.0
2022-01-05,Boots,0.0
2022-01-06,Boots,1.0
2022-01-07,Boots,2.0
2022-01-08,Boots,1.0
2022-01-09,Boots,1.0
2022-01-10,Boots,0.0
2022-01-11,Boots,0.0
2022-01-12,Boots,1.0
2022-01-13,Boots,0.0
2022-01-14,Boots,1.0
2022-01-15,Boots,1.0
2022-01-16,Boots,0.0
2022-01-17,Boots,2.0
2022-01-18,Boots,0.0
2022-01-19,Boots,0.0
2022-01-20,Boots,2.0
2022-01-21,Boots,1.0
2022-01-22,Boots,1.0
2022-01-23,Boots,0.0
2022-01-24,Boots,1.0
2022-01-25,Boots,2.0
2022-01-26,Boots,0.0
2022-01-27,Boots,0.0
2022-01-28,Boots,1.0
2022-01-29,Boots,1.0
2022-01-30,Boots,0.0
2022-01-31,Boots,1.0
2022-02-01,Boots,1.0
2022-02-02,Boots,0.0
2022-02-03,Boots,1.0
2022-02-04,Boots,1.0
2022-02-05,Boots,0.0
2022-02-06,Boots,0.0
2022-02-07,Boots,0.0
2022-02-08,Boots,0.0
2022-02-09,Boots,0.0
2022-02-10,Boots,0.0
2022-02-11,Boots,0.0
2022-02-12,Boots,1.0
2022-02-13,Boots,0.0
2022-02-14,Boots,4.0
2022-02-15,Boots,2.0
2022-02-16,Boots,2.0
2022-02-17,Boots,1.0
2022-02-18,Boots,1.0
2022-02-19,Boots,1.0
2022-02-20,Boots,0.0
2022-02-21,Boots,0.0
2022-02-22,Boots,0.0
2022-02-23,Boots,0.0
2022-02-24,Boots,0.0
2022-02-25,Boots,0.0
2022-02-26,Boots,0.0
2022-02-27,Boots,0.0
2022-02-28,Boots,2.0
2022-03-01,Boots,0.0
2022-03-02,Boots,2.0
2022-03-03,Boots,1.0
2022-03-04,Boots,1.0
2022-03-05,Boots,0.0
2022-03-06,Boots,1.0
2022-03-07,Boots,0.0
2022-03-08,Boots,0.0
2022-03-09,Boots,0.0
2022-03-10,Boots,0.0
2022-03-11,Boots,0.0
2022-03-12,Boots,0.0
2022-03-13,Boots,1.0
2022-03-14,Boots,0.0
2022-03-15,Boots,1.0
2022-03-16,Boots,0.0
2022-03-17,Boots,1.0
2022-03-18,Boots,0.0
2022-03-19,Boots,0.0
2022-03-20,Boots,0.0
2022-03-21,Boots,0.0
2022-03-22,Boots,0.0
2022-03-23,Boots,1.0
2022-03-24,Boots,0.0
2022-03-25,Boots,2.0
2022-03-26,Boots,1.0
2022-03-27,Boots,0.0
2022-03-28,Boots,1.0
2022-03-29,Boots,1.0
2022-03-30,Boots,1.0
2022-03-31,Boots,0.0
2022-04-01,Boots,0.0
2022-04-02,Boots,0.0
2022-04-03,Boots,0.0
2022-04-04,Boots,0.0
2022-04-05,Boots,0.0
2022-04-06,Boots,1.0
2022-04-07,Boots,1.0
2022-04-08,Boots,1.0
2022-04-09,Boots,1.0
2022-04-10,Boots,0.0
2022-04-11,Boots,0.0
2022-04-12,Boots,1.0
2022-04-13,Boots,0.0
2022-04-14,Boots,1.0
2022-04-15,Boots,2.0
2022-04-16,Boots,1.0
2022-04-17,Boots,1.0
2022-04-18,Boots,3.0
2022-04-19,Boots,1.0
2022-04-20,Boots,1.0
2022-04-21,Boots,1.0
2022-04-22,Boots,0.0
2022-04-23,Boots,0.0
2022-04-24,Boots,0.0
2022-04-25,Boots,0.0
2022-04-26,Boots,1.0
2022-04-27,Boots,1.0
2022-04-28,Boots,0.0
2022-04-29,Boots,1.0
2022-04-30,Boots,1.0
2022-05-01,Boots,2.0
2022-05-02,Boots,0.0
2022-05-03,Boots,0.0
2022-05-04,Boots,2.0
2022-05-05,Boots,1.0
2022-05-06,Boots,1.0
2022-05-07,Boots,1.0
2022-05-08,Boots,0.0
2022-05-09,Boots,0.0
2022-05-10,Boots,0.0
2022-05-11,Boots,0.0
2022-05-12,Boots,1.0
2022-05-13,Boots,0.0
2022-05-14,Boots,0.0
2022-05-15,Boots,1.0
2022-05-16,Boots,0.0
2022-05-17,Boots,0.0
2022-05-18,Boots,0.0
2022-05-19,Boots,0.0
2022-05-20,Boots,2.0
2022-05-21,Boots,0.0
2022-05-22,Boots,0.0
2022-05-23,Boots,1.0
2022-05-24,Boots,1.0
2022-05-25,Boots,1.0
2022-05-26,Boots,1.0
2022-05-27,Boots,0.0
2022-05-28,Boots,0.0
2022-05-29,Boots,0.0
2022-05-30,Boots,2.0
2022-05-31,Boots,1.0
2022-06-01,Boots,0.0
2022-06-02,Boots,1.0
2022-06-03,Boots,1.0
2022-06-04,Boots,0.0
2022-06-05,Boots,0.0
2022-06-06,Boots,0.0
2022-06-07,Boots,0.0
2022-06-08,Boots,0.0
2022-06-09,Boots,1.0
2022-06-10,Boots,0.0
2022-06-11,Boots,3.0
2022-06-12,Boots,0.0
2022-06-13,Boots,0.0
2022-06-14,Boots,1.0
2022-06-15,Boots,0.0
2022-06-16,Boots,0.0
2022-06-17,Boots,2.0
2022-06-18,Boots,1.0
2022-06-19,Boots,0.0
2022-06-20,Boots,2.0
2022-06-21,Boots,0.0
2022-06-22,Boots,0.0
2022-06-23,Boots,1.0
2022-06-24,Boots,0.0
2022-06-25,Boots,1.0
2022-06-26,Boots,0.0
2022-06-27,Boots,2.0
2022-06-28,Boots,1.0
2022-06-29,Boots,0.0
2022-06-30,Boots,1.0
2022-07-01,Boots,1.0
2022-07-02,Boots,0.0
2022-07-03,Boots,2.0
2022-07-04,Boots,2.0
2022-07-05,Boots,0.0
2022-07-06,Boots,1.0
2022-07-07,Boots,0.0
2022-07-08,Boots,0.0
2022-07-09,Boots,0.0
2022-07-10,Boots,0.0
2022-07-11,Boots,1.0
2022-07-12,Boots,0.0
2022-07-13,Boots,2.0
2022-07-14,Boots,3.0
2022-07-15,Boots,0.0
2022-07-16,Boots,2.0
2022-07-17,Boots,0.0
2022-07-18,Boots,1.0
2022-07-19,Boots,1.0
2022-07-20,Boots,0.0
2022-07-21,Boots,1.0
2022-07-22,Boots,0.0
2022-07-23,Boots,0.0
2022-07-24,Boots,0.0
2022-07-25,Boots,1.0
2022-07-26,Boots,0.0
2022-07-27,Boots,0.0
2022-07-28,Boots,1.0
2022-07-29,Boots,1.0
2022-07-30,Boots,2.0
2022-07-31,Boots,2.0
2022-08-01,Boots,0.0
2022-08-02,Boots,1.0
2022-08-03,Boots,0.0
2022-08-04,Boots,3.0
2022-08-05,Boots,1.0
2022-08-06,Boots,0.0
2022-08-07,Boots,1.0
2022-08-08,Boots,2.0
2022-08-09,Boots,2.0
2022-08-10,Boots,0.0
2022-08-11,Boots,0.0
2022-08-12,Boots,4.0
2022-08-13,Boots,0.0
2022-08-14,Boots,0.0
2022-08-15,Boots,0.0
2022-08-16,Boots,0.0
2022-08-17,Boots,1.0
2022-08-18,Boots,1.0
2022-08-19,Boots,0.0
2022-08-20,Boots,0.0
2022-08-21,Boots,0.0
2022-08-22,Boots,0.0
2022-08-23,Boots,2.0
2022-08-24,Boots,0.0
2022-08-25,Boots,1.0
2022-08-26,Boots,0.0
2022-08-27,Boots,1.0
2022-08-28,Boots,0.0
2022-08-29,Boots,0.0
2022-08-30,Boots,4.0
2022-08-31,Boots,0.0
2022-09-01,Boots,0.0
2022-09-02,Boots,1.0
2022-09-03,Boots,2.0
2022-09-04,Boots,0.0
2022-09-05,Boots,1.0
2022-09-06,Boots,0.0
2022-09-07,Boots,0.0
2022-09-08,Boots,1.0
2022-09-09,Boots,0.0
2022-09-10,Boots,3.0
2022-09-11,Boots,0.0
2022-09-12,Boots,2.0
2022-09-13,Boots,1.0
2022-09-14,Boots,0.0
2022-09-15,Boots,5.0
2022-09-16,Boots,4.0
2022-09-17,Boots,1.0
2022-09-18,Boots,2.0
2022-09-19,Boots,1.0
2022-09-20,Boots,2.0
2022-09-21,Boots,1.0
2022-09-22,Boots,2.0
2022-09-23,Boots,0.0
2022-09-24,Boots,2.0
2022-09-25,Boots,1.0
2022-09-26,Boots,1.0
2022-09-27,Boots,1.0
2022-09-28,Boots,0.0
2022-09-29,Boots,1.0
2022-09-30,Boots,0.0
2022-10-01,Boots,0.0
2022-10-02,Boots,0.0
2022-10-03,Boots,3.0
2022-10-04,Boots,1.0
2022-10-05,Boots,2.0
2022-10-06,Boots,0.0
2022-10-07,Boots,0.0
2022-10-08,Boots,3.0
2022-10-09,Boots,1.0
2022-10-10,Boots,1.0
2022-10-11,Boots,0.0
2022-10-12,Boots,0.0
2022-10-13,Boots,1.0
2022-10-14,Boots,1.0
2022-10-15,Boots,3.0
2022-10-16,Boots,1.0
2022-10-17,Boots,0.0
2022-10-18,Boots,1.0
2022-10-19,Boots,0.0
2022-10-20,Boots,0.0
2022-10-21,Boots,0.0
2022-10-22,Boots,1.0
2022-10-23,Boots,1.0
2022-10-24,Boots,0.0
2022-10-25,Boots,0.0
2022-10-26,Boots,0.0
2022-10-27,Boots,0.0
2022-10-28,Boots,1.0
2022-10-29,Boots,1.0
2022-10-30,Boots,1.0
2022-10-31,Boots,0.0
2022-11-01,Boots,1.0
2022-11-02,Boots,1.0
2022-11-03,Boots,0.0
2022-11-04,Boots,0.0
2022-11-05,Boots,2.0
2022-11-06,Boots,0.0
2022-11-07,Boots,0.0
2022-11-08,Boots,0.0
2022-11-09,Boots,1.0
2022-11-10,Boots,0.0
2022-11-11,Boots,3.0
2022-11-12,Boots,1.0
2022-11-13,Boots,3.0
2022-11-14,Boots,1.0
2022-11-15,Boots,1.0
2022-11-16,Boots,1.0
2022-11-17,Boots,0.0
2022-11-18,Boots,0.0
2022-11-19,Boots,0.0
2022-11-20,Boots,0.0
2022-11-21,Boots,0.0
2022-11-22,Boots,2.0
2022-11-23,Boots,1.0
2022-11-24,Boots,1.0
2022-11-25,Boots,0.0
2022-11-26,Boots,1.0
2022-11-27,Boots,1.0
2022-11-28,Boots,1.0
2022-11-29,Boots,1.0
2022-11-30,Boots,1.0
2022-12-01,Boots,0.0
2022-12-02,Boots,1.0
2022-12-03,Boots,0.0
2022-12-04,Boots,1.0
2022-12-05,Boots,1.0
2022-12-06,Boots,1.0
2022-12-07,Boots,0.0
2022-12-08,Boots,0.0
2022-12-09,Boots,0.0
2022-12-10,Boots,0.0
2022-12-11,Boots,1.0
2022-12-12,Boots,1.0
2022-12-13,Boots,1.0
2022-12-14,Boots,1.0
2022-12-15,Boots,0.0
2022-12-16,Boots,0.0
2022-12-17,Boots,0.0
2022-12-18,Boots,0.0
2022-12-19,Boots,0.0
2022-12-20,Boots,0.0
2022-12-21,Boots,2.0
2022-12-22,Boots,0.0
2022-12-23,Boots,0.0
2022-12-24,Boots,0.0
2022-12-25,Boots,0.0
2022-12-26,Boots,1.0
2022-12-27,Boots,2.0
2022-12-28,Boots,0.0
2022-12-29,Boots,0.0
2022-12-30,Boots,0.0
2022-12-31,Boots,0.0
2023-01-01,Boots,0.0
2023-01-02,Boots,1.0
2023-01-03,Boots,0.0
2023-01-04,Boots,0.0
2023-01-05,Boots,3.0
2023-01-06,Boots,0.0
2023-01-07,Boots,1.0
2023-01-08,Boots,0.0
2023-01-09,Boots,1.0
2023-01-10,Boots,0.0
2023-01-11,Boots,2.0
2023-01-12,Boots,0.0
2023-01-13,Boots,1.0
2023-01-14,Boots,2.0
2023-01-15,Boots,1.0
2023-01-16,Boots,2.0
2023-01-17,Boots,0.0
2023-01-18,Boots,1.0
2023-01-19,Boots,0.0
2023-01-20,Boots,0.0
2023-01-21,Boots,0.0
2023-01-22,Boots,0.0
2023-01-23,Boots,0.0
2023-01-24,Boots,2.0
2023-01-25,Boots,1.0
2023-01-26,Boots,0.0
2023-01-27,Boots,3.0
2023-01-28,Boots,1.0
2023-01-29,Boots,0.0
2023-01-30,Boots,2.0
2023-01-31,Boots,0.0
2023-02-01,Boots,0.0
2023-02-02,Boots,1.0
2023-02-03,Boots,0.0
2023-02-04,Boots,0.0
2023-02-05,Boots,1.0
2023-02-06,Boots,1.0
2023-02-07,Boots,0.0
2023-02-08,Boots,1.0
2023-02-09,Boots,1.0
2023-02-10,Boots,1.0
2023-02-11,Boots,0.0
2023-02-12,Boots,0.0
2023-02-13,Boots,1.0
2023-02-14,Boots,1.0
2023-02-15,Boots,1.0
2023-02-16,Boots,0.0
2023-02-17,Boots,1.0
2023-02-18,Boots,0.0
2023-02-19,Boots,1.0
2023-02-20,Boots,0.0
2023-02-21,Boots,0.0
2023-02-22,Boots,1.0
2023-02-23,Boots,0.0
2023-02-24,Boots,0.0
2023-02-25,Boots,1.0
2023-02-26,Boots,0.0
2023-02-27,Boots,1.0
2023-02-28,Boots,0.0
2023-03-01,Boots,0.0
2023-03-02,Boots,0.0
2023-03-03,Boots,0.0
2023-03-04,Boots,0.0
2023-03-05,Boots,0.0
2023-03-06,Boots,0.0
2023-03-07,Boots,1.0
2023-03-08,Boots,1.0
2023-03-09,Boots,0.0
2023-03-10,Boots,0.0
2023-03-11,Boots,1.0
2023-03-12,Boots,0.0
2023-03-13,Boots,0.0
2023-03-14,Boots,4.0
2023-03-15,Boots,1.0
2023-03-16,Boots,1.0
2023-03-17,Boots,0.0
2023-03-18,Boots,0.0
2023-03-19,Boots,2.0
2023-03-20,Boots,1.0
2023-03-21,Boots,0.0
2023-03-22,Boots,0.0
2023-03-23,Boots,2.0
2023-03-24,Boots,1.0
2023-03-25,Boots,3.0
2023-03-26,Boots,0.0
2023-03-27,Boots,0.0
2023-03-28,Boots,0.0
2023-03-29,Boots,1.0
2023-03-30,Boots,1.0
2023-03-31,Boots,1.0
2023-04-01,Boots,1.0
2023-04-02,Boots,0.0
2023-04-03,Boots,0.0
2023-04-04,Boots,0.0
2023-04-05,Boots,1.0
2023-04-06,Boots,1.0
2023-04-07,Boots,1.0
2023-04-08,Boots,0.0
2023-04-09,Boots,1.0
2023-04-10,Boots,0.0
2023-04-11,Boots,0.0
2023-04-12,Boots,0.0
2023-04-13,Boots,0.0
2023-04-14,Boots,0.0
2023-04-15,Boots,0.0
2023-04-16,Boots,1.0
2023-04-17,Boots,1.0
2023-04-18,Boots,1.0
2023-04-19,Boots,1.0
2023-04-20,Boots,0.0
2023-04-21,Boots,1.0
2023-04-22,Boots,0.0
2023-04-23,Boots,1.0
2023-04-24,Boots,0.0
2023-04-25,Boots,0.0
2023-04-26,Boots,1.0
2023-04-27,Boots,1.0
2023-04-28,Boots,2.0
2023-04-29,Boots,1.0
2023-04-30,Boots,0.0
2023-05-01,Boots,0.0
2023-05-02,Boots,0.0
2023-05-03,Boots,0.0
2023-05-04,Boots,0.0
2023-05-05,Boots,0.0
2023-05-06,Boots,0.0
2023-05-07,Boots,0.0
2023-05-08,Boots,2.0
2023-05-09,Boots,0.0
2023-05-10,Boots,1.0
2023-05-11,Boots,0.0
2023-05-12,Boots,0.0
2023-05-13,Boots,0.0
2023-05-14,Boots,1.0
2023-05-15,Boots,0.0
2023-05-16,Boots,1.0
2023-05-17,Boots,2.0
2023-05-18,Boots,1.0
2023-05-19,Boots,0.0
2023-05-20,Boots,1.0
2023-05-21,Boots,2.0
2023-05-22,Boots,0.0
2023-05-23,Boots,0.0
2023-05-24,Boots,0.0
2023-05-25,Boots,0.0
2023-05-26,Boots,0.0
2023-05-27,Boots,2.0
2023-05-28,Boots,0.0
2023-05-29,Boots,0.0
2023-05-30,Boots,0.0
2023-05-31,Boots,0.0
2023-06-01,Boots,2.0
2023-06-02,Boots,0.0
2023-06-03,Boots,1.0
2023-06-04,Boots,0.0
2023-06-05,Boots,0.0
2023-06-06,Boots,0.0
2023-06-07,Boots,0.0
2023-06-08,Boots,4.0
2023-06-09,Boots,4.0
2023-06-10,Boots,0.0
2023-06-11,Boots,0.0
2023-06-12,Boots,1.0
2023-06-13,Boots,0.0
2023-06-14,Boots,2.0
2023-06-15,Boots,1.0
2023-06-16,Boots,0.0
2023-06-17,Boots,0.0
2023-06-18,Boots,0.0
2023-06-19,Boots,1.0
2023-06-20,Boots,0.0
2023-06-21,Boots,2.0
2023-06-22,Boots,3.0
2023-06-23,Boots,1.0
2023-06-24,Boots,1.0
2023-06-25,Boots,0.0
2023-06-26,Boots,2.0
2023-06-27,Boots,2.0
2023-06-28,Boots,1.0
2023-06-29,Boots,0.0
2023-06-30,Boots,1.0
2023-07-01,Boots,0.0
2023-07-02,Boots,2.0
2023-07-03,Boots,1.0
2023-07-04,Boots,1.0
2023-07-05,Boots,1.0
2023-07-06,Boots,2.0
2023-07-07,Boots,1.0
2023-07-08,Boots,0.0
2023-07-09,Boots,0.0
2023-07-10,Boots,0.0
2023-07-11,Boots,0.0
2023-07-12,Boots,0.0
2023-07-13,Boots,1.0
2023-07-14,Boots,0.0
2023-07-15,Boots,1.0
2023-07-16,Boots,2.0
2023-07-17,Boots,0.0
2023-07-18,Boots,2.0
2023-07-19,Boots,2.0
2023-07-20,Boots,1.0
2023-07-21,Boots,1.0
2023-07-22,Boots,0.0
2023-07-23,Boots,1.0
2023-07-24,Boots,2.0
2023-07-25,Boots,0.0
2023-07-26,Boots,0.0
2023-07-27,Boots,0.0
2023-07-28,Boots,0.0
2023-07-29,Boots,2.0
2023-07-30,Boots,1.0
2023-07-31,Boots,0.0
2023-08-01,Boots,1.0
2023-08-02,Boots,1.0
2023-08-03,Boots,0.0
2023-08-04,Boots,1.0
2023-08-05,Boots,1.0
2023-08-06,Boots,3.0
2023-08-07,Boots,0.0
2023-08-08,Boots,1.0
2023-08-09,Boots,2.0
2023-08-10,Boots,0.0
2023-08-11,Boots,0.0
2023-08-12,Boots,1.0
2023-08-13,Boots,1.0
2023-08-14,Boots,1.0
2023-08-15,Boots,3.0
2023-08-16,Boots,3.0
2023-08-17,Boots,0.0
2023-08-18,Boots,2.0
2023-08-19,Boots,0.0
2023-08-20,Boots,2.0
2023-08-21,Boots,1.0
2023-08-22,Boots,1.0
2023-08-23,Boots,1.0
2023-08-24,Boots,1.0
2023-08-25,Boots,0.0
2023-08-26,Boots,1.0
2023-08-27,Boots,2.0
2023-08-28,Boots,0.0
2023-08-29,Boots,0.0
2023-08-30,Boots,1.0
2023-08-31,Boots,3.0
2023-09-01,Boots,2.0
2023-09-02,Boots,0.0
2023-09-03,Boots,0.0
2023-09-04,Boots,0.0
2023-09-05,Boots,2.0
2023-09-06,Boots,2.0
2023-09-07,Boots,0.0
2023-09-08,Boots,0.0
2023-09-09,Boots,0.0
2023-09-10,Boots,2.0
2023-09-11,Boots,0.0
2023-09-12,Boots,1.0
2023-09-13,Boots,1.0
2023-09-14,Boots,0.0
2023-09-15,Boots,1.0
2023-09-16,Boots,1.0
2023-09-17,Boots,1.0
2023-09-18,Boots,0.0
2023-09-19,Boots,2.0
2023-09-20,Boots,0.0
2023-09-21,Boots,1.0
2023-09-22,Boots,0.0
2023-09-23,Boots,0.0
2023-09-24,Boots,0.0
2023-09-25,Boots,0.0
2023-09-26,Boots,3.0
2023-09-27,Boots,1.0
2023-09-28,Boots,2.0
2023-09-29,Boots,0.0
2023-09-30,Boots,2.0
2023-10-01,Boots,1.0
2023-10-02,Boots,0.0
2023-10-03,Boots,2.0
2023-10-04,Boots,0.0
2023-10-05,Boots,1.0
2023-10-06,Boots,2.0
2023-10-07,Boots,0.0
2023-10-08,Boots,3.0
2023-10-09,Boots,1.0
2023-10-10,Boots,2.0
2023-10-11,Boots,0.0
2023-10-12,Boots,1.0
2023-10-13,Boots,2.0
2023-10-14,Boots,0.0
2023-10-15,Boots,0.0
2023-10-16,Boots,0.0
2023-10-17,Boots,0.0
2023-10-18,Boots,1.0
2023-10-19,Boots,1.0
2023-10-20,Boots,1.0
2023-10-21,Boots,0.0
2023-10-22,Boots,1.0
2023-10-23,Boots,1.0
2023-10-24,Boots,2.0
2023-10-25,Boots,0.0
2023-10-26,Boots,0.0
2023-10-27,Boots,1.0
2023-10-28,Boots,1.0
2023-10-29,Boots,2.0
2023-10-30,Boots,1.0
2023-10-31,Boots,0.0
2023-11-01,Boots,0.0
2023-11-02,Boots,0.0
2023-11-03,Boots,1.0
2023-11-04,Boots,0.0
2023-11-05,Boots,0.0
2023-11-06,Boots,0.0
2023-11-07,Boots,1.0
2023-11-08,Boots,1.0
2023-11-09,Boots,0.0
2023-11-10,Boots,0.0
2023-11-11,Boots,0.0
2023-11-12,Boots,1.0
2023-11-13,Boots,0.0
2023-11-14,Boots,1.0
2023-11-15,Boots,2.0
2023-11-16,Boots,0.0
2023-11-17,Boots,0.0
2023-11-18,Boots,0.0
2023-11-19,Boots,0.0
2023-11-20,Boots,3.0
2023-11-21,Boots,0.0
2023-11-22,Boots,2.0
2023-11-23,Boots,0.0
2023-11-24,Boots,1.0
2023-11-25,Boots,2.0
2023-11-26,Boots,0.0
2023-11-27,Boots,5.0
2023-11-28,Boots,0.0
2023-11-29,Boots,1.0
2023-11-30,Boots,1.0
2023-12-01,Boots,1.0
2023-12-02,Boots,0.0
2023-12-03,Boots,0.0
2023-12-04,Boots,0.0
2023-12-05,Boots,0.0
2023-12-06,Boots,2.0
2023-12-07,Boots,1.0
2023-12-08,Boots,2.0
2023-12-09,Boots,0.0
2023-12-10,Boots,2.0
2023-12-11,Boots,0.0
2023-12-12,Boots,2.0
2023-12-13,Boots,0.0
2023-12-14,Boots,1.0
2023-12-15,Boots,1.0
2023-12-16,Boots,0.0
2023-12-17,Boots,1.0
2023-12-18,Boots,0.0
2023-12-19,Boots,1.0
2023-12-20,Boots,0.0
2023-12-21,Boots,1.0
2023-12-22,Boots,0.0
2023-12-23,Boots,2.0
2023-12-24,Boots,1.0
2023-12-25,Boots,0.0
2023-12-26,Boots,0.0
2023-12-27,Boots,2.0
2023-12-28,Boots,1.0
2023-12-29,Boots,0.0
2023-12-30,Boots,0.0
2023-12-31,Boots,0.0
2024-01-01,Boots,0.0
2024-01-02,Boots,0.0
2024-01-03,Boots,1.0
2024-01-04,Boots,0.0
2024-01-05,Boots,1.0
2024-01-06,Boots,1.0
2024-01-07,Boots,2.0
2024-01-08,Boots,1.0
2024-01-09,Boots,1.0
2024-01-10,Boots,2.0
2024-01-11,Boots,0.0
2024-01-12,Boots,1.0
2024-01-13,Boots,1.0
2024-01-14,Boots,0.0
2024-01-15,Boots,1.0
2024-01-16,Boots,0.0
2024-01-17,Boots,2.0
2024-01-18,Boots,0.0
2024-01-19,Boots,1.0
2024-01-20,Boots,0.0
2024-01-21,Boots,0.0
2024-01-22,Boots,0.0
2024-01-23,Boots,0.0
2024-01-24,Boots,1.0
2024-01-25,Boots,2.0
2024-01-26,Boots,0.0
2024-01-27,Boots,1.0
2024-01-28,Boots,0.0
2024-01-29,Boots,0.0
2024-01-30,Boots,0.0
2024-01-31,Boots,0.0
2024-02-01,Boots,0.0
2024-02-02,Boots,1.0
2024-02-03,Boots,0.0
2024-02-04,Boots,3.0
2024-02-05,Boots,0.0
2024-02-06,Boots,1.0
2024-02-07,Boots,0.0
2024-02-08,Boots,2.0
2024-02-09,Boots,0.0
2024-02-10,Boots,1.0
2024-02-11,Boots,0.0
2024-02-12,Boots,0.0
2024-02-13,Boots,1.0
2024-02-14,Boots,0.0
2024-02-15,Boots,0.0
2024-02-16,Boots,0.0
2024-02-17,Boots,1.0
2024-02-18,Boots,0.0
2024-02-19,Boots,0.0
2024-02-20,Boots,0.0
2024-02-21,Boots,1.0
2024-02-22,Boots,1.0
2024-02-23,Boots,0.0
2024-02-24,Boots,0.0
2024-02-25,Boots,0.0
2024-02-26,Boots,2.0
2024-02-27,Boots,2.0
2024-02-28,Boots,3.0
2024-02-29,Boots,2.0
2024-03-01,Boots,0.0
2024-03-02,Boots,1.0
2024-03-03,Boots,1.0
2024-03-04,Boots,2.0
2024-03-05,Boots,1.0
2024-03-06,Boots,0.0
2024-03-07,Boots,1.0
2024-03-08,Boots,0.0
2024-03-09,Boots,0.0
2024-03-10,Boots,0.0
2024-03-11,Boots,0.0
2024-03-12,Boots,1.0
2024-03-13,Boots,0.0
2024-03-14,Boots,3.0
2024-03-15,Boots,0.0
2024-03-16,Boots,0.0
2024-03-17,Boots,0.0
2024-03-18,Boots,0.0
2024-03-19,Boots,0.0
2024-03-20,Boots,1.0
2024-03-21,Boots,0.0
2024-03-22,Boots,0.0
2024-03-23,Boots,0.0
2024-03-24,Boots,0.0
2024-03-25,Boots,1.0
2024-03-26,Boots,0.0
2021-03-28,Jacket,2.0
2021-03-29,Jacket,0.0
2021-03-30,Jacket,1.0
2021-03-31,Jacket,1.0
2021-04-01,Jacket,0.0
2021-04-02,Jacket,1.0
2021-04-03,Jacket,0.0
2021-04-04,Jacket,0.0
2021-04-05,Jacket,0.0
2021-04-06,Jacket,0.0
2021-04-07,Jacket,1.0
2021-04-08,Jacket,1.0
2021-04-09,Jacket,0.0
2021-04-10,Jacket,0.0
2021-04-11,Jacket,0.0
2021-04-12,Jacket,2.0
2021-04-13,Jacket,2.0
2021-04-14,Jacket,0.0
2021-04-15,Jacket,2.0
2021-04-16,Jacket,0.0
2021-04-17,Jacket,1.0
2021-04-18,Jacket,1.0
2021-04-19,Jacket,1.0
2021-04-20,Jacket,0.0
2021-04-21,Jacket,1.0
2021-04-22,Jacket,1.0
2021-04-23,Jacket,0.0
2021-04-24,Jacket,1.0
2021-04-25,Jacket,1.0
2021-04-26,Jacket,0.0
2021-04-27,Jacket,0.0
2021-04-28,Jacket,2.0
2021-04-29,Jacket,0.0
2021-04-30,Jacket,0.0
2021-05-01,Jacket,0.0
2021-05-02,Jacket,0.0
2021-05-03,Jacket,0.0
2021-05-04,Jacket,1.0
2021-05-05,Jacket,0.0
2021-05-06,Jacket,0.0
2021-05-07,Jacket,0.0
2021-05-08,Jacket,1.0
2021-05-09,Jacket,0.0
2021-05-10,Jacket,0.0
2021-05-11,Jacket,1.0
2021-05-12,Jacket,0.0
2021-05-13,Jacket,1.0
2021-05-14,Jacket,0.0
2021-05-15,Jacket,1.0
2021-05-16,Jacket,0.0
2021-05-17,Jacket,1.0
2021-05-18,Jacket,0.0
2021-05-19,Jacket,2.0
2021-05-20,Jacket,0.0
2021-05-21,Jacket,2.0
2021-05-22,Jacket,1.0
2021-05-23,Jacket,3.0
2021-05-24,Jacket,0.0
2021-05-25,Jacket,0.0
2021-05-26,Jacket,0.0
2021-05-27,Jacket,0.0
2021-05-28,Jacket,1.0
2021-05-29,Jacket,1.0
2021-05-30,Jacket,0.0
2021-05-31,Jacket,0.0
2021-06-01,Jacket,0.0
2021-06-02,Jacket,1.0
2021-06-03,Jacket,0.0
2021-06-04,Jacket,1.0
2021-06-05,Jacket,0.0
2021-06-06,Jacket,0.0
2021-06-07,Jacket,3.0
2021-06-08,Jacket,2.0
2021-06-09,Jacket,0.0
2021-06-10,Jacket,0.0
2021-06-11,Jacket,1.0
2021-06-12,Jacket,0.0
2021-06-13,Jacket,0.0
2021-06-14,Jacket,0.0
2021-06-15,Jacket,0.0
2021-06-16,Jacket,0.0
2021-06-17,Jacket,0.0
2021-06-18,Jacket,2.0
2021-06-19,Jacket,1.0
2021-06-20,Jacket,2.0
2021-06-21,Jacket,0.0
2021-06-22,Jacket,1.0
2021-06-23,Jacket,0.0
2021-06-24,Jacket,0.0
2021-06-25,Jacket,0.0
2021-06-26,Jacket,0.0
2021-06-27,Jacket,1.0
2021-06-28,Jacket,0.0
2021-06-29,Jacket,0.0
2021-06-30,Jacket,0.0
2021-07-01,Jacket,1.0
2021-07-02,Jacket,0.0
2021-07-03,Jacket,0.0
2021-07-04,Jacket,0.0
2021-07-05,Jacket,0.0
2021-07-06,Jacket,6.0
2021-07-07,Jacket,0.0
2021-07-08,Jacket,1.0
2021-07-09,Jacket,0.0
2021-07-10,Jacket,1.0
2021-07-11,Jacket,3.0
2021-07-12,Jacket,0.0
2021-07-13,Jacket,0.0
2021-07-14,Jacket,0.0
2021-07-15,Jacket,0.0
2021-07-16,Jacket,2.0
2021-07-17,Jacket,1.0
2021-07-18,Jacket,1.0
2021-07-19,Jacket,1.0
2021-07-20,Jacket,0.0
2021-07-21,Jacket,3.0
2021-07-22,Jacket,0.0
2021-07-23,Jacket,0.0
2021-07-24,Jacket,0.0
2021-07-25,Jacket,0.0
2021-07-26,Jacket,0.0
2021-07-27,Jacket,3.0
2021-07-28,Jacket,2.0
2021-07-29,Jacket,0.0
2021-07-30,Jacket,0.0
2021-07-31,Jacket,2.0
2021-08-01,Jacket,1.0
2021-08-02,Jacket,1.0
2021-08-03,Jacket,0.0
2021-08-04,Jacket,5.0
2021-08-05,Jacket,1.0
2021-08-06,Jacket,0.0
2021-08-07,Jacket,1.0
2021-08-08,Jacket,1.0
2021-08-09,Jacket,0.0
2021-08-10,Jacket,0.0
2021-08-11,Jacket,1.0
2021-08-12,Jacket,1.0
2021-08-13,Jacket,1.0
2021-08-14,Jacket,1.0
2021-08-15,Jacket,1.0
2021-08-16,Jacket,0.0
2021-08-17,Jacket,1.0
2021-08-18,Jacket,3.0
2021-08-19,Jacket,1.0
2021-08-20,Jacket,0.0
2021-08-21,Jacket,0.0
2021-08-22,Jacket,0.0
2021-08-23,Jacket,0.0
2021-08-24,Jacket,0.0
2021-08-25,Jacket,2.0
2021-08-26,Jacket,0.0
2021-08-27,Jacket,0.0
2021-08-28,Jacket,0.0
2021-08-29,Jacket,0.0
2021-08-30,Jacket,0.0
2021-08-31,Jacket,0.0
2021-09-01,Jacket,0.0
2021-09-02,Jacket,0.0
2021-09-03,Jacket,0.0
2021-09-04,Jacket,0.0
2021-09-05,Jacket,0.0
2021-09-06,Jacket,0.0
2021-09-07,Jacket,0.0
2021-09-08,Jacket,1.0
2021-09-09,Jacket,0.0
2021-09-10,Jacket,0.0
2021-09-11,Jacket,0.0
2021-09-12,Jacket,0.0
2021-09-13,Jacket,1.0
2021-09-14,Jacket,2.0
2021-09-15,Jacket,0.0
2021-09-16,Jacket,0.0
2021-09-17,Jacket,0.0
2021-09-18,Jacket,0.0
2021-09-19,Jacket,1.0
2021-09-20,Jacket,1.0
2021-09-21,Jacket,0.0
2021-09-22,Jacket,0.0
2021-09-23,Jacket,0.0
2021-09-24,Jacket,4.0
2021-09-25,Jacket,2.0
2021-09-26,Jacket,0.0
2021-09-27,Jacket,0.0
2021-09-28,Jacket,0.0
2021-09-29,Jacket,0.0
2021-09-30,Jacket,1.0
2021-10-01,Jacket,0.0
2021-10-02,Jacket,4.0
2021-10-03,Jacket,0.0
2021-10-04,Jacket,1.0
2021-10-05,Jacket,2.0
2021-10-06,Jacket,3.0
2021-10-07,Jacket,0.0
2021-10-08,Jacket,0.0
2021-10-09,Jacket,1.0
2021-10-10,Jacket,2.0
2021-10-11,Jacket,0.0
2021-10-12,Jacket,0.0
2021-10-13,Jacket,1.0
2021-10-14,Jacket,0.0
2021-10-15,Jacket,0.0
2021-10-16,Jacket,0.0
2021-10-17,Jacket,2.0
2021-10-18,Jacket,0.0
2021-10-19,Jacket,2.0
2021-10-20,Jacket,0.0
2021-10-21,Jacket,0.0
2021-10-22,Jacket,0.0
2021-10-23,Jacket,2.0
2021-10-24,Jacket,4.0
2021-10-25,Jacket,0.0
2021-10-26,Jacket,0.0
2021-10-27,Jacket,0.0
2021-10-28,Jacket,1.0
2021-10-29,Jacket,0.0
2021-10-30,Jacket,2.0
2021-10-31,Jacket,0.0
2021-11-01,Jacket,2.0
2021-11-02,Jacket,1.0
2021-11-03,Jacket,1.0
2021-11-04,Jacket,1.0
2021-11-05,Jacket,0.0
2021-11-06,Jacket,3.0
2021-11-07,Jacket,1.0
2021-11-08,Jacket,0.0
2021-11-09,Jacket,1.0
2021-11-10,Jacket,3.0
2021-11-11,Jacket,0.0
2021-11-12,Jacket,1.0
2021-11-13,Jacket,4.0
2021-11-14,Jacket,2.0
2021-11-15,Jacket,3.0
2021-11-16,Jacket,0.0
2021-11-17,Jacket,2.0
2021-11-18,Jacket,0.0
2021-11-19,Jacket,1.0
2021-11-20,Jacket,3.0
2021-11-21,Jacket,3.0
2021-11-22,Jacket,0.0
2021-11-23,Jacket,0.0
2021-11-24,Jacket,0.0
2021-11-25,Jacket,1.0
2021-11-26,Jacket,0.0
2021-11-27,Jacket,2.0
2021-11-28,Jacket,0.0
2021-11-29,Jacket,0.0
2021-11-30,Jacket,0.0
2021-12-01,Jacket,1.0
2021-12-02,Jacket,0.0
2021-12-03,Jacket,2.0
2021-12-04,Jacket,1.0
2021-12-05,Jacket,3.0
2021-12-06,Jacket,0.0
2021-12-07,Jacket,6.0
2021-12-08,Jacket,1.0
2021-12-09,Jacket,0.0
2021-12-10,Jacket,1.0
2021-12-11,Jacket,1.0
2021-12-12,Jacket,2.0
2021-12-13,Jacket,1.0
2021-12-14,Jacket,0.0
2021-12-15,Jacket,1.0
2021-12-16,Jacket,1.0
2021-12-17,Jacket,0.0
2021-12-18,Jacket,0.0
2021-12-19,Jacket,1.0
2021-12-20,Jacket,1.0
2021-12-21,Jacket,0.0
2021-12-22,Jacket,2.0
2021-12-23,Jacket,2.0
2021-12-24,Jacket,0.0
2021-12-25,Jacket,1.0
2021-12-26,Jacket,1.0
2021-12-27,Jacket,1.0
2021-12-28,Jacket,1.0
2021-12-29,Jacket,1.0
2021-12-30,Jacket,0.0
2021-12-31,Jacket,1.0
2022-01-01,Jacket,0.0
2022-01-02,Jacket,1.0
2022-01-03,Jacket,0.0
2022-01-04,Jacket,1.0
2022-01-05,Jacket,2.0
2022-01-06,Jacket,2.0
2022-01-07,Jacket,1.0
2022-01-08,Jacket,0.0
2022-01-09,Jacket,0.0
2022-01-10,Jacket,0.0
2022-01-11,Jacket,0.0
2022-01-12,Jacket,0.0
2022-01-13,Jacket,0.0
2022-01-14,Jacket,0.0
2022-01-15,Jacket,0.0
2022-01-16,Jacket,1.0
2022-01-17,Jacket,0.0
2022-01-18,Jacket,2.0
2022-01-19,Jacket,0.0
2022-01-20,Jacket,1.0
2022-01-21,Jacket,1.0
2022-01-22,Jacket,0.0
2022-01-23,Jacket,0.0
2022-01-24,Jacket,1.0
2022-01-25,Jacket,1.0
2022-01-26,Jacket,1.0
2022-01-27,Jacket,1.0
2022-01-28,Jacket,1.0
2022-01-29,Jacket,1.0
2022-01-30,Jacket,0.0
2022-01-31,Jacket,1.0
2022-02-01,Jacket,0.0
2022-02-02,Jacket,1.0
2022-02-03,Jacket,2.0
2022-02-04,Jacket,1.0
2022-02-05,Jacket,1.0
2022-02-06,Jacket,0.0
2022-02-07,Jacket,0.0
2022-02-08,Jacket,1.0
2022-02-09,Jacket,0.0
2022-02-10,Jacket,0.0
2022-02-11,Jacket,1.0
2022-02-12,Jacket,0.0
2022-02-13,Jacket,2.0
2022-02-14,Jacket,1.0
2022-02-15,Jacket,0.0
2022-02-16,Jacket,2.0
2022-02-17,Jacket,2.0
2022-02-18,Jacket,0.0
2022-02-19,Jacket,1.0
2022-02-20,Jacket,0.0
2022-02-21,Jacket,1.0
2022-02-22,Jacket,0.0
2022-02-23,Jacket,0.0
2022-02-24,Jacket,1.0
2022-02-25,Jacket,0.0
2022-02-26,Jacket,0.0
2022-02-27,Jacket,1.0
2022-02-28,Jacket,1.0
2022-03-01,Jacket,0.0
2022-03-02,Jacket,0.0
2022-03-03,Jacket,0.0
2022-03-04,Jacket,2.0
2022-03-05,Jacket,0.0
2022-03-06,Jacket,1.0
2022-03-07,Jacket,3.0
2022-03-08,Jacket,0.0
2022-03-09,Jacket,0.0
2022-03-10,Jacket,1.0
2022-03-11,Jacket,1.0
2022-03-12,Jacket,0.0
2022-03-13,Jacket,1.0
2022-03-14,Jacket,2.0
2022-03-15,Jacket,0.0
2022-03-16,Jacket,1.0
2022-03-17,Jacket,0.0
2022-03-18,Jacket,0.0
2022-03-19,Jacket,1.0
2022-03-20,Jacket,0.0
2022-03-21,Jacket,0.0
2022-03-22,Jacket,0.0
2022-03-23,Jacket,0.0
2022-03-24,Jacket,0.0
2022-03-25,Jacket,0.0
2022-03-26,Jacket,0.0
2022-03-27,Jacket,1.0
2022-03-28,Jacket,1.0
2022-03-29,Jacket,1.0
2022-03-30,Jacket,1.0
2022-03-31,Jacket,1.0
2022-04-01,Jacket,0.0
2022-04-02,Jacket,2.0
2022-04-03,Jacket,0.0
2022-04-04,Jacket,0.0
2022-04-05,Jacket,0.0
2022-04-06,Jacket,0.0
2022-04-07,Jacket,2.0
2022-04-08,Jacket,1.0
2022-04-09,Jacket,1.0
2022-04-10,Jacket,0.0
2022-04-11,Jacket,0.0
2022-04-12,Jacket,2.0
2022-04-13,Jacket,0.0
2022-04-14,Jacket,1.0
2022-04-15,Jacket,2.0
2022-04-16,Jacket,0.0
2022-04-17,Jacket,1.0
2022-04-18,Jacket,2.0
2022-04-19,Jacket,0.0
2022-04-20,Jacket,0.0
2022-04-21,Jacket,2.0
2022-04-22,Jacket,2.0
2022-04-23,Jacket,3.0
2022-04-24,Jacket,1.0
2022-04-25,Jacket,2.0
2022-04-26,Jacket,3.0
2022-04-27,Jacket,0.0
2022-04-28,Jacket,2.0
2022-04-29,Jacket,0.0
2022-04-30,Jacket,0.0
2022-05-01,Jacket,0.0
2022-05-02,Jacket,0.0
2022-05-03,Jacket,0.0
2022-05-04,Jacket,1.0
2022-05-05,Jacket,1.0
2022-05-06,Jacket,0.0
2022-05-07,Jacket,1.0
2022-05-08,Jacket,1.0
2022-05-09,Jacket,0.0
2022-05-10,Jacket,0.0
2022-05-11,Jacket,0.0
2022-05-12,Jacket,0.0
2022-05-13,Jacket,0.0
2022-05-14,Jacket,0.0
2022-05-15,Jacket,0.0
2022-05-16,Jacket,3.0
2022-05-17,Jacket,3.0
2022-05-18,Jacket,0.0
2022-05-19,Jacket,0.0
2022-05-20,Jacket,0.0
2022-05-21,Jacket,4.0
2022-05-22,Jacket,0.0
2022-05-23,Jacket,1.0
2022-05-24,Jacket,0.0
2022-05-25,Jacket,1.0
2022-05-26,Jacket,1.0
2022-05-27,Jacket,0.0
2022-05-28,Jacket,1.0
2022-05-29,Jacket,0.0
2022-05-30,Jacket,2.0
2022-05-31,Jacket,0.0
2022-06-01,Jacket,0.0
2022-06-02,Jacket,0.0
2022-06-03,Jacket,1.0
2022-06-04,Jacket,1.0
2022-06-05,Jacket,2.0
2022-06-06,Jacket,0.0
2022-06-07,Jacket,3.0
2022-06-08,Jacket,2.0
2022-06-09,Jacket,0.0
2022-06-10,Jacket,0.0
2022-06-11,Jacket,3.0
2022-06-12,Jacket,0.0
2022-06-13,Jacket,0.0
2022-06-14,Jacket,1.0
2022-06-15,Jacket,2.0
2022-06-16,Jacket,0.0
2022-06-17,Jacket,2.0
2022-06-18,Jacket,0.0
2022-06-19,Jacket,0.0
2022-06-20,Jacket,1.0
2022-06-21,Jacket,0.0
2022-06-22,Jacket,1.0
2022-06-23,Jacket,1.0
2022-06-24,Jacket,0.0
2022-06-25,Jacket,5.0
2022-06-26,Jacket,0.0
2022-06-27,Jacket,0.0
2022-06-28,Jacket,0.0
2022-06-29,Jacket,1.0
2022-06-30,Jacket,0.0
2022-07-01,Jacket,2.0
2022-07-02,Jacket,0.0
2022-07-03,Jacket,0.0
2022-07-04,Jacket,3.0
2022-07-05,Jacket,1.0
2022-07-06,Jacket,1.0
2022-07-07,Jacket,0.0
2022-07-08,Jacket,0.0
2022-07-09,Jacket,0.0
2022-07-10,Jacket,0.0
2022-07-11,Jacket,1.0
2022-07-12,Jacket,1.0
2022-07-13,Jacket,0.0
2022-07-14,Jacket,2.0
2022-07-15,Jacket,0.0
2022-07-16,Jacket,0.0
2022-07-17,Jacket,1.0
2022-07-18,Jacket,1.0
2022-07-19,Jacket,2.0
2022-07-20,Jacket,0.0
2022-07-21,Jacket,3.0
2022-07-22,Jacket,0.0
2022-07-23,Jacket,1.0
2022-07-24,Jacket,0.0
2022-07-25,Jacket,1.0
2022-07-26,Jacket,2.0
2022-07-27,Jacket,0.0
2022-07-28,Jacket,0.0
2022-07-29,Jacket,0.0
2022-07-30,Jacket,1.0
2022-07-31,Jacket,2.0
2022-08-01,Jacket,0.0
2022-08-02,Jacket,1.0
2022-08-03,Jacket,0.0
2022-08-04,Jacket,0.0
2022-08-05,Jacket,4.0
2022-08-06,Jacket,0.0
2022-08-07,Jacket,0.0
2022-08-08,Jacket,1.0
2022-08-09,Jacket,0.0
2022-08-10,Jacket,1.0
2022-08-11,Jacket,4.0
2022-08-12,Jacket,2.0
2022-08-13,Jacket,2.0
2022-08-14,Jacket,1.0
2022-08-15,Jacket,0.0
2022-08-16,Jacket,1.0
2022-08-17,Jacket,1.0
2022-08-18,Jacket,0.0
2022-08-19,Jacket,0.0
2022-08-20,Jacket,0.0
2022-08-21,Jacket,2.0
2022-08-22,Jacket,0.0
2022-08-23,Jacket,1.0
2022-08-24,Jacket,2.0
2022-08-25,Jacket,1.0
2022-08-26,Jacket,1.0
2022-08-27,Jacket,0.0
2022-08-28,Jacket,1.0
2022-08-29,Jacket,1.0
2022-08-30,Jacket,0.0
2022-08-31,Jacket,0.0
2022-09-01,Jacket,2.0
2022-09-02,Jacket,1.0
2022-09-03,Jacket,1.0
2022-09-04,Jacket,0.0
2022-09-05,Jacket,1.0
2022-09-06,Jacket,1.0
2022-09-07,Jacket,3.0
2022-09-08,Jacket,1.0
2022-09-09,Jacket,1.0
2022-09-10,Jacket,0.0
2022-09-11,Jacket,0.0
2022-09-12,Jacket,2.0
2022-09-13,Jacket,0.0
2022-09-14,Jacket,1.0
2022-09-15,Jacket,2.0
2022-09-16,Jacket,1.0
2022-09-17,Jacket,0.0
2022-09-18,Jacket,2.0
2022-09-19,Jacket,1.0
2022-09-20,Jacket,0.0
2022-09-21,Jacket,0.0
2022-09-22,Jacket,0.0
2022-09-23,Jacket,1.0
2022-09-24,Jacket,2.0
2022-09-25,Jacket,0.0
2022-09-26,Jacket,1.0
2022-09-27,Jacket,1.0
2022-09-28,Jacket,0.0
2022-09-29,Jacket,0.0
2022-09-30,Jacket,1.0
2022-10-01,Jacket,0.0
2022-10-02,Jacket,0.0
2022-10-03,Jacket,1.0
2022-10-04,Jacket,3.0
2022-10-05,Jacket,0.0
2022-10-06,Jacket,0.0
2022-10-07,Jacket,0.0
2022-10-08,Jacket,1.0
2022-10-09,Jacket,0.0
2022-10-10,Jacket,1.0
2022-10-11,Jacket,0.0
2022-10-12,Jacket,0.0
2022-10-13,Jacket,0.0
2022-10-14,Jacket,0.0
2022-10-15,Jacket,1.0
2022-10-16,Jacket,1.0
2022-10-17,Jacket,0.0
2022-10-18,Jacket,1.0
2022-10-19,Jacket,0.0
2022-10-20,Jacket,1.0
2022-10-21,Jacket,1.0
2022-10-22,Jacket,1.0
2022-10-23,Jacket,3.0
2022-10-24,Jacket,0.0
2022-10-25,Jacket,0.0
2022-10-26,Jacket,0.0
2022-10-27,Jacket,0.0
2022-10-28,Jacket,2.0
2022-10-29,Jacket,1.0
2022-10-30,Jacket,1.0
2022-10-31,Jacket,0.0
2022-11-01,Jacket,0.0
2022-11-02,Jacket,2.0
2022-11-03,Jacket,1.0
2022-11-04,Jacket,0.0
2022-11-05,Jacket,0.0
2022-11-06,Jacket,0.0
2022-11-07,Jacket,4.0
2022-11-08,Jacket,0.0
2022-11-09,Jacket,0.0
2022-11-10,Jacket,1.0
2022-11-11,Jacket,1.0
2022-11-12,Jacket,2.0
2022-11-13,Jacket,0.0
2022-11-14,Jacket,1.0
2022-11-15,Jacket,1.0
2022-11-16,Jacket,1.0
2022-11-17,Jacket,2.0
2022-11-18,Jacket,1.0
2022-11-19,Jacket,0.0
2022-11-20,Jacket,1.0
2022-11-21,Jacket,1.0
2022-11-22,Jacket,0.0
2022-11-23,Jacket,2.0
2022-11-24,Jacket,0.0
2022-11-25,Jacket,1.0
2022-11-26,Jacket,0.0
2022-11-27,Jacket,2.0
2022-11-28,Jacket,2.0
2022-11-29,Jacket,0.0
2022-11-30,Jacket,0.0
2022-12-01,Jacket,0.0
2022-12-02,Jacket,4.0
2022-12-03,Jacket,1.0
2022-12-04,Jacket,1.0
2022-12-05,Jacket,1.0
2022-12-06,Jacket,0.0
2022-12-07,Jacket,2.0
2022-12-08,Jacket,1.0
2022-12-09,Jacket,0.0
2022-12-10,Jacket,0.0
2022-12-11,Jacket,0.0
2022-12-12,Jacket,0.0
2022-12-13,Jacket,1.0
2022-12-14,Jacket,1.0
2022-12-15,Jacket,2.0
2022-12-16,Jacket,0.0
2022-12-17,Jacket,1.0
2022-12-18,Jacket,0.0
2022-12-19,Jacket,1.0
2022-12-20,Jacket,0.0
2022-12-21,Jacket,0.0
2022-12-22,Jacket,2.0
2022-12-23,Jacket,2.0
2022-12-24,Jacket,0.0
2022-12-25,Jacket,1.0
2022-12-26,Jacket,5.0
2022-12-27,Jacket,1.0
2022-12-28,Jacket,0.0
2022-12-29,Jacket,1.0
2022-12-30,Jacket,0.0
2022-12-31,Jacket,0.0
2023-01-01,Jacket,1.0
2023-01-02,Jacket,1.0
2023-01-03,Jacket,0.0
2023-01-04,Jacket,0.0
2023-01-05,Jacket,3.0
2023-01-06,Jacket,2.0
2023-01-07,Jacket,0.0
2023-01-08,Jacket,1.0
2023-01-09,Jacket,0.0
2023-01-10,Jacket,1.0
2023-01-11,Jacket,1.0
2023-01-12,Jacket,0.0
2023-01-13,Jacket,2.0
2023-01-14,Jacket,2.0
2023-01-15,Jacket,2.0
2023-01-16,Jacket,0.0
2023-01-17,Jacket,1.0
2023-01-18,Jacket,1.0
2023-01-19,Jacket,0.0
2023-01-20,Jacket,0.0
2023-01-21,Jacket,0.0
2023-01-22,Jacket,3.0
2023-01-23,Jacket,0.0
2023-01-24,Jacket,2.0
2023-01-25,Jacket,0.0
2023-01-26,Jacket,1.0
2023-01-27,Jacket,3.0
2023-01-28,Jacket,0.0
2023-01-29,Jacket,1.0
2023-01-30,Jacket,0.0
2023-01-31,Jacket,0.0
2023-02-01,Jacket,1.0
2023-02-02,Jacket,0.0
2023-02-03,Jacket,2.0
2023-02-04,Jacket,0.0
2023-02-05,Jacket,3.0
2023-02-06,Jacket,3.0
2023-02-07,Jacket,1.0
2023-02-08,Jacket,0.0
2023-02-09,Jacket,0.0
2023-02-10,Jacket,0.0
2023-02-11,Jacket,0.0
2023-02-12,Jacket,0.0
2023-02-13,Jacket,1.0
2023-02-14,Jacket,0.0
2023-02-15,Jacket,1.0
2023-02-16,Jacket,1.0
2023-02-17,Jacket,1.0
2023-02-18,Jacket,0.0
2023-02-19,Jacket,0.0
2023-02-20,Jacket,0.0
2023-02-21,Jacket,0.0
2023-02-22,Jacket,0.0
2023-02-23,Jacket,2.0
2023-02-24,Jacket,0.0
2023-02-25,Jacket,1.0
2023-02-26,Jacket,1.0
2023-02-27,Jacket,2.0
2023-02-28,Jacket,0.0
2023-03-01,Jacket,0.0
2023-03-02,Jacket,0.0
2023-03-03,Jacket,1.0
2023-03-04,Jacket,1.0
2023-03-05,Jacket,0.0
2023-03-06,Jacket,0.0
2023-03-07,Jacket,0.0
2023-03-08,Jacket,2.0
2023-03-09,Jacket,1.0
2023-03-10,Jacket,2.0
2023-03-11,Jacket,0.0
2023-03-12,Jacket,0.0
2023-03-13,Jacket,1.0
2023-03-14,Jacket,1.0
2023-03-15,Jacket,2.0
2023-03-16,Jacket,0.0
2023-03-17,Jacket,2.0
2023-03-18,Jacket,0.0
2023-03-19,Jacket,0.0
2023-03-20,Jacket,2.0
2023-03-21,Jacket,0.0
2023-03-22,Jacket,1.0
2023-03-23,Jacket,0.0
2023-03-24,Jacket,1.0
2023-03-25,Jacket,1.0
2023-03-26,Jacket,0.0
2023-03-27,Jacket,2.0
2023-03-28,Jacket,1.0
2023-03-29,Jacket,1.0
2023-03-30,Jacket,1.0
2023-03-31,Jacket,0.0
2023-04-01,Jacket,0.0
2023-04-02,Jacket,0.0
2023-04-03,Jacket,0.0
2023-04-04,Jacket,2.0
2023-04-05,Jacket,1.0
2023-04-06,Jacket,1.0
2023-04-07,Jacket,0.0
2023-04-08,Jacket,1.0
2023-04-09,Jacket,0.0
2023-04-10,Jacket,0.0
2023-04-11,Jacket,1.0
2023-04-12,Jacket,1.0
2023-04-13,Jacket,2.0
2023-04-14,Jacket,3.0
2023-04-15,Jacket,0.0
2023-04-16,Jacket,2.0
2023-04-17,Jacket,2.0
2023-04-18,Jacket,2.0
2023-04-19,Jacket,1.0
2023-04-20,Jacket,1.0
2023-04-21,Jacket,0.0
2023-04-22,Jacket,2.0
2023-04-23,Jacket,0.0
2023-04-24,Jacket,2.0
2023-04-25,Jacket,0.0
2023-04-26,Jacket,1.0
2023-04-27,Jacket,2.0
2023-04-28,Jacket,1.0
2023-04-29,Jacket,2.0
2023-04-30,Jacket,0.0
2023-05-01,Jacket,0.0
2023-05-02,Jacket,0.0
2023-05-03,Jacket,2.0
2023-05-04,Jacket,1.0
2023-05-05,Jacket,1.0
2023-05-06,Jacket,1.0
2023-05-07,Jacket,0.0
2023-05-08,Jacket,0.0
2023-05-09,Jacket,0.0
2023-05-10,Jacket,2.0
2023-05-11,Jacket,0.0
2023-05-12,Jacket,0.0
2023-05-13,Jacket,0.0
2023-05-14,Jacket,1.0
2023-05-15,Jacket,0.0
2023-05-16,Jacket,1.0
2023-05-17,Jacket,1.0
2023-05-18,Jacket,0.0
2023-05-19,Jacket,0.0
2023-05-20,Jacket,2.0
2023-05-21,Jacket,0.0
2023-05-22,Jacket,0.0
2023-05-23,Jacket,0.0
2023-05-24,Jacket,3.0
2023-05-25,Jacket,0.0
2023-05-26,Jacket,1.0
2023-05-27,Jacket,2.0
2023-05-28,Jacket,0.0
2023-05-29,Jacket,1.0
2023-05-30,Jacket,0.0
2023-05-31,Jacket,1.0
2023-06-01,Jacket,2.0
2023-06-02,Jacket,0.0
2023-06-03,Jacket,2.0
2023-06-04,Jacket,1.0
2023-06-05,Jacket,1.0
2023-06-06,Jacket,0.0
2023-06-07,Jacket,0.0
2023-06-08,Jacket,1.0
2023-06-09,Jacket,0.0
2023-06-10,Jacket,1.0
2023-06-11,Jacket,0.0
2023-06-12,Jacket,0.0
2023-06-13,Jacket,3.0
2023-06-14,Jacket,0.0
2023-06-15,Jacket,0.0
2023-06-16,Jacket,0.0
2023-06-17,Jacket,0.0
2023-06-18,Jacket,1.0
2023-06-19,Jacket,2.0
2023-06-20,Jacket,0.0
2023-06-21,Jacket,0.0
2023-06-22,Jacket,2.0
2023-06-23,Jacket,0.0
2023-06-24,Jacket,1.0
2023-06-25,Jacket,0.0
2023-06-26,Jacket,1.0
2023-06-27,Jacket,3.0
2023-06-28,Jacket,0.0
2023-06-29,Jacket,1.0
2023-06-30,Jacket,3.0
2023-07-01,Jacket,0.0
2023-07-02,Jacket,0.0
2023-07-03,Jacket,0.0
2023-07-04,Jacket,0.0
2023-07-05,Jacket,0.0
2023-07-06,Jacket,1.0
2023-07-07,Jacket,1.0
2023-07-08,Jacket,2.0
2023-07-09,Jacket,1.0
2023-07-10,Jacket,1.0
2023-07-11,Jacket,1.0
2023-07-12,Jacket,0.0
2023-07-13,Jacket,1.0
2023-07-14,Jacket,2.0
2023-07-15,Jacket,2.0
2023-07-16,Jacket,1.0
2023-07-17,Jacket,2.0
2023-07-18,Jacket,2.0
2023-07-19,Jacket,1.0
2023-07-20,Jacket,1.0
2023-07-21,Jacket,2.0
2023-07-22,Jacket,2.0
2023-07-23,Jacket,1.0
2023-07-24,Jacket,0.0
2023-07-25,Jacket,3.0
2023-07-26,Jacket,0.0
2023-07-27,Jacket,1.0
2023-07-28,Jacket,0.0
2023-07-29,Jacket,0.0
2023-07-30,Jacket,1.0
2023-07-31,Jacket,1.0
2023-08-01,Jacket,0.0
2023-08-02,Jacket,0.0
2023-08-03,Jacket,0.0
2023-08-04,Jacket,1.0
2023-08-05,Jacket,0.0
2023-08-06,Jacket,1.0
2023-08-07,Jacket,1.0
2023-08-08,Jacket,1.0
2023-08-09,Jacket,0.0
2023-08-10,Jacket,0.0
2023-08-11,Jacket,1.0
2023-08-12,Jacket,1.0
2023-08-13,Jacket,1.0
2023-08-14,Jacket,4.0
2023-08-15,Jacket,1.0
2023-08-16,Jacket,1.0
2023-08-17,Jacket,0.0
2023-08-18,Jacket,2.0
2023-08-19,Jacket,2.0
2023-08-20,Jacket,0.0
2023-08-21,Jacket,0.0
2023-08-22,Jacket,0.0
2023-08-23,Jacket,0.0
2023-08-24,Jacket,0.0
2023-08-25,Jacket,2.0
2023-08-26,Jacket,0.0
2023-08-27,Jacket,0.0
2023-08-28,Jacket,1.0
2023-08-29,Jacket,0.0
2023-08-30,Jacket,1.0
2023-08-31,Jacket,3.0
2023-09-01,Jacket,0.0
2023-09-02,Jacket,0.0
2023-09-03,Jacket,1.0
2023-09-04,Jacket,1.0
2023-09-05,Jacket,1.0
2023-09-06,Jacket,0.0
2023-09-07,Jacket,4.0
2023-09-08,Jacket,1.0
2023-09-09,Jacket,0.0
2023-09-10,Jacket,0.0
2023-09-11,Jacket,1.0
2023-09-12,Jacket,0.0
2023-09-13,Jacket,0.0
2023-09-14,Jacket,0.0
2023-09-15,Jacket,0.0
2023-09-16,Jacket,2.0
2023-09-17,Jacket,1.0
2023-09-18,Jacket,0.0
2023-09-19,Jacket,0.0
2023-09-20,Jacket,1.0
2023-09-21,Jacket,1.0
2023-09-22,Jacket,0.0
2023-09-23,Jacket,1.0
2023-09-24,Jacket,0.0
2023-09-25,Jacket,1.0
2023-09-26,Jacket,0.0
2023-09-27,Jacket,0.0
2023-09-28,Jacket,0.0
2023-09-29,Jacket,0.0
2023-09-30,Jacket,3.0
2023-10-01,Jacket,0.0
2023-10-02,Jacket,1.0
2023-10-03,Jacket,0.0
2023-10-04,Jacket,4.0
2023-10-05,Jacket,0.0
2023-10-06,Jacket,0.0
2023-10-07,Jacket,1.0
2023-10-08,Jacket,2.0
2023-10-09,Jacket,2.0
2023-10-10,Jacket,0.0
2023-10-11,Jacket,1.0
2023-10-12,Jacket,1.0
2023-10-13,Jacket,2.0
2023-10-14,Jacket,1.0
2023-10-15,Jacket,1.0
2023-10-16,Jacket,0.0
2023-10-17,Jacket,0.0
2023-10-18,Jacket,0.0
2023-10-19,Jacket,1.0
2023-10-20,Jacket,1.0
2023-10-21,Jacket,2.0
2023-10-22,Jacket,0.0
2023-10-23,Jacket,2.0
2023-10-24,Jacket,1.0
2023-10-25,Jacket,5.0
2023-10-26,Jacket,1.0
2023-10-27,Jacket,1.0
2023-10-28,Jacket,0.0
2023-10-29,Jacket,1.0
2023-10-30,Jacket,1.0
2023-10-31,Jacket,1.0
2023-11-01,Jacket,0.0
2023-11-02,Jacket,0.0
2023-11-03,Jacket,2.0
2023-11-04,Jacket,0.0
2023-11-05,Jacket,0.0
2023-11-06,Jacket,3.0
2023-11-07,Jacket,2.0
2023-11-08,Jacket,1.0
2023-11-09,Jacket,1.0
2023-11-10,Jacket,1.0
2023-11-11,Jacket,0.0
2023-11-12,Jacket,1.0
2023-11-13,Jacket,1.0
2023-11-14,Jacket,1.0
2023-11-15,Jacket,2.0
2023-11-16,Jacket,0.0
2023-11-17,Jacket,3.0
2023-11-18,Jacket,0.0
2023-11-19,Jacket,1.0
2023-11-20,Jacket,0.0
2023-11-21,Jacket,1.0
2023-11-22,Jacket,0.0
2023-11-23,Jacket,0.0
2023-11-24,Jacket,1.0
2023-11-25,Jacket,5.0
2023-11-26,Jacket,1.0
2023-11-27,Jacket,1.0
2023-11-28,Jacket,2.0
2023-11-29,Jacket,1.0
2023-11-30,Jacket,2.0
2023-12-01,Jacket,0.0
2023-12-02,Jacket,0.0
2023-12-03,Jacket,1.0
2023-12-04,Jacket,3.0
2023-12-05,Jacket,0.0
2023-12-06,Jacket,0.0
2023-12-07,Jacket,0.0
2023-12-08,Jacket,0.0
2023-12-09,Jacket,0.0
2023-12-10,Jacket,1.0
2023-12-11,Jacket,2.0
2023-12-12,Jacket,2.0
2023-12-13,Jacket,0.0
2023-12-14,Jacket,1.0
2023-12-15,Jacket,2.0
2023-12-16,Jacket,1.0
2023-12-17,Jacket,0.0
2023-12-18,Jacket,1.0
2023-12-19,Jacket,1.0
2023-12-20,Jacket,2.0
2023-12-21,Jacket,3.0
2023-12-22,Jacket,1.0
2023-12-23,Jacket,0.0
2023-12-24,Jacket,3.0
2023-12-25,Jacket,0.0
2023-12-26,Jacket,1.0
2023-12-27,Jacket,1.0
2023-12-28,Jacket,1.0
2023-12-29,Jacket,0.0
2023-12-30,Jacket,1.0
2023-12-31,Jacket,0.0
2024-01-01,Jacket,1.0
2024-01-02,Jacket,0.0
2024-01-03,Jacket,0.0
2024-01-04,Jacket,1.0
2024-01-05,Jacket,0.0
2024-01-06,Jacket,0.0
2024-01-07,Jacket,0.0
2024-01-08,Jacket,4.0
2024-01-09,Jacket,0.0
2024-01-10,Jacket,2.0
2024-01-11,Jacket,0.0
2024-01-12,Jacket,1.0
2024-01-13,Jacket,0.0
2024-01-14,Jacket,0.0
2024-01-15,Jacket,0.0
2024-01-16,Jacket,3.0
2024-01-17,Jacket,1.0
2024-01-18,Jacket,0.0
2024-01-19,Jacket,0.0
2024-01-20,Jacket,0.0
2024-01-21,Jacket,1.0
2024-01-22,Jacket,2.0
2024-01-23,Jacket,1.0
2024-01-24,Jacket,0.0
2024-01-25,Jacket,2.0
2024-01-26,Jacket,0.0
2024-01-27,Jacket,1.0
2024-01-28,Jacket,1.0
2024-01-29,Jacket,2.0
2024-01-30,Jacket,2.0
2024-01-31,Jacket,0.0
2024-02-01,Jacket,0.0
2024-02-02,Jacket,1.0
2024-02-03,Jacket,0.0
2024-02-04,Jacket,1.0
2024-02-05,Jacket,1.0
2024-02-06,Jacket,0.0
2024-02-07,Jacket,0.0
2024-02-08,Jacket,0.0
2024-02-09,Jacket,7.0
2024-02-10,Jacket,1.0
2024-02-11,Jacket,0.0
2024-02-12,Jacket,0.0
2024-02-13,Jacket,1.0
2024-02-14,Jacket,0.0
2024-02-15,Jacket,2.0
2024-02-16,Jacket,0.0
2024-02-17,Jacket,1.0
2024-02-18,Jacket,0.0
2024-02-19,Jacket,0.0
2024-02-20,Jacket,0.0
2024-02-21,Jacket,0.0
2024-02-22,Jacket,0.0
2024-02-23,Jacket,2.0
2024-02-24,Jacket,1.0
2024-02-25,Jacket,0.0
2024-02-26,Jacket,3.0
2024-02-27,Jacket,1.0
2024-02-28,Jacket,3.0
2024-02-29,Jacket,0.0
2024-03-01,Jacket,2.0
2024-03-02,Jacket,1.0
2024-03-03,Jacket,1.0
2024-03-04,Jacket,0.0
2024-03-05,Jacket,0.0
2024-03-06,Jacket,1.0
2024-03-07,Jacket,2.0
2024-03-08,Jacket,0.0
2024-03-09,Jacket,0.0
2024-03-10,Jacket,0.0
2024-03-11,Jacket,2.0
2024-03-12,Jacket,2.0
2024-03-13,Jacket,3.0
2024-03-14,Jacket,2.0
2024-03-15,Jacket,1.0
2024-03-16,Jacket,0.0
2024-03-17,Jacket,0.0
2024-03-18,Jacket,0.0
2024-03-19,Jacket,1.0
2024-03-20,Jacket,0.0
2024-03-21,Jacket,2.0
2024-03-22,Jacket,0.0
2024-03-23,Jacket,2.0
2024-03-24,Jacket,5.0
2024-03-25,Jacket,0.0
2024-03-26,Jacket,1.0
2021-03-28,Jeans,2.0
2021-03-29,Jeans,0.0
2021-03-30,Jeans,1.0
2021-03-31,Jeans,0.0
2021-04-01,Jeans,0.0
2021-04-02,Jeans,0.0
2021-04-03,Jeans,0.0
2021-04-04,Jeans,0.0
2021-04-05,Jeans,0.0
2021-04-06,Jeans,0.0
2021-04-07,Jeans,0.0
2021-04-08,Jeans,2.0
2021-04-09,Jeans,3.0
2021-04-10,Jeans,0.0
2021-04-11,Jeans,2.0
2021-04-12,Jeans,4.0
2021-04-13,Jeans,1.0
2021-04-14,Jeans,0.0
2021-04-15,Jeans,1.0
2021-04-16,Jeans,0.0
2021-04-17,Jeans,3.0
2021-04-18,Jeans,2.0
2021-04-19,Jeans,0.0
2021-04-20,Jeans,0.0
2021-04-21,Jeans,1.0
2021-04-22,Jeans,1.0
2021-04-23,Jeans,0.0
2021-04-24,Jeans,0.0
2021-04-25,Jeans,0.0
2021-04-26,Jeans,2.0
2021-04-27,Jeans,0.0
2021-04-28,Jeans,1.0
2021-04-29,Jeans,0.0
2021-04-30,Jeans,0.0
2021-05-01,Jeans,0.0
2021-05-02,Jeans,0.0
2021-05-03,Jeans,0.0
2021-05-04,Jeans,2.0
2021-05-05,Jeans,0.0
2021-05-06,Jeans,1.0
2021-05-07,Jeans,0.0
2021-05-08,Jeans,0.0
2021-05-09,Jeans,1.0
2021-05-10,Jeans,0.0
2021-05-11,Jeans,1.0
2021-05-12,Jeans,0.0
2021-05-13,Jeans,1.0
2021-05-14,Jeans,0.0
2021-05-15,Jeans,2.0
2021-05-16,Jeans,1.0
2021-05-17,Jeans,0.0
2021-05-18,Jeans,1.0
2021-05-19,Jeans,0.0
2021-05-20,Jeans,1.0
2021-05-21,Jeans,0.0
2021-05-22,Jeans,1.0
2021-05-23,Jeans,0.0
2021-05-24,Jeans,2.0
2021-05-25,Jeans,1.0
2021-05-26,Jeans,0.0
2021-05-27,Jeans,0.0
2021-05-28,Jeans,1.0
2021-05-29,Jeans,1.0
2021-05-30,Jeans,0.0
2021-05-31,Jeans,1.0
2021-06-01,Jeans,1.0
2021-06-02,Jeans,0.0
2021-06-03,Jeans,1.0
2021-06-04,Jeans,1.0
2021-06-05,Jeans,1.0
2021-06-06,Jeans,2.0
2021-06-07,Jeans,0.0
2021-06-08,Jeans,1.0
2021-06-09,Jeans,3.0
2021-06-10,Jeans,0.0
2021-06-11,Jeans,1.0
2021-06-12,Jeans,0.0
2021-06-13,Jeans,2.0
2021-06-14,Jeans,2.0
2021-06-15,Jeans,0.0
2021-06-16,Jeans,0.0
2021-06-17,Jeans,0.0
2021-06-18,Jeans,2.0
2021-06-19,Jeans,1.0
2021-06-20,Jeans,0.0
2021-06-21,Jeans,0.0
2021-06-22,Jeans,1.0
2021-06-23,Jeans,2.0
2021-06-24,Jeans,0.0
2021-06-25,Jeans,2.0
2021-06-26,Jeans,0.0
2021-06-27,Jeans,0.0
2021-06-28,Jeans,1.0
2021-06-29,Jeans,1.0
2021-06-30,Jeans,0.0
2021-07-01,Jeans,0.0
2021-07-02,Jeans,1.0
2021-07-03,Jeans,0.0
2021-07-04,Jeans,0.0
2021-07-05,Jeans,0.0
2021-07-06,Jeans,3.0
2021-07-07,Jeans,0.0
2021-07-08,Jeans,0.0
2021-07-09,Jeans,0.0
2021-07-10,Jeans,0.0
2021-07-11,Jeans,1.0
2021-07-12,Jeans,1.0
2021-07-13,Jeans,0.0
2021-07-14,Jeans,0.0
2021-07-15,Jeans,0.0
2021-07-16,Jeans,1.0
2021-07-17,Jeans,1.0
2021-07-18,Jeans,2.0
2021-07-19,Jeans,0.0
2021-07-20,Jeans,0.0
2021-07-21,Jeans,2.0
2021-07-22,Jeans,1.0
2021-07-23,Jeans,0.0
2021-07-24,Jeans,0.0
2021-07-25,Jeans,0.0
2021-07-26,Jeans,0.0
2021-07-27,Jeans,1.0
2021-07-28,Jeans,1.0
2021-07-29,Jeans,0.0
2021-07-30,Jeans,1.0
2021-07-31,Jeans,0.0
2021-08-01,Jeans,0.0
2021-08-02,Jeans,1.0
2021-08-03,Jeans,2.0
2021-08-04,Jeans,1.0
2021-08-05,Jeans,0.0
2021-08-06,Jeans,0.0
2021-08-07,Jeans,1.0
2021-08-08,Jeans,2.0
2021-08-09,Jeans,1.0
2021-08-10,Jeans,1.0
2021-08-11,Jeans,1.0
2021-08-12,Jeans,0.0
2021-08-13,Jeans,2.0
2021-08-14,Jeans,3.0
2021-08-15,Jeans,0.0
2021-08-16,Jeans,0.0
2021-08-17,Jeans,1.0
2021-08-18,Jeans,1.0
2021-08-19,Jeans,0.0
2021-08-20,Jeans,0.0
2021-08-21,Jeans,1.0
2021-08-22,Jeans,0.0
2021-08-23,Jeans,1.0
2021-08-24,Jeans,0.0
2021-08-25,Jeans,1.0
2021-08-26,Jeans,2.0
2021-08-27,Jeans,2.0
2021-08-28,Jeans,2.0
2021-08-29,Jeans,1.0
2021-08-30,Jeans,1.0
2021-08-31,Jeans,1.0
2021-09-01,Jeans,1.0
2021-09-02,Jeans,1.0
2021-09-03,Jeans,0.0
2021-09-04,Jeans,0.0
2021-09-05,Jeans,0.0
2021-09-06,Jeans,3.0
2021-09-07,Jeans,0.0
2021-09-08,Jeans,1.0
2021-09-09,Jeans,2.0
2021-09-10,Jeans,1.0
2021-09-11,Jeans,0.0
2021-09-12,Jeans,0.0
2021-09-13,Jeans,1.0
2021-09-14,Jeans,2.0
2021-09-15,Jeans,1.0
2021-09-16,Jeans,1.0
2021-09-17,Jeans,0.0
2021-09-18,Jeans,0.0
2021-09-19,Jeans,4.0
2021-09-20,Jeans,1.0
2021-09-21,Jeans,1.0
2021-09-22,Jeans,1.0
2021-09-23,Jeans,1.0
2021-09-24,Jeans,0.0
2021-09-25,Jeans,1.0
2021-09-26,Jeans,1.0
2021-09-27,Jeans,1.0
2021-09-28,Jeans,0.0
2021-09-29,Jeans,1.0
2021-09-30,Jeans,0.0
2021-10-01,Jeans,1.0
2021-10-02,Jeans,0.0
2021-10-03,Jeans,0.0
2021-10-04,Jeans,0.0
2021-10-05,Jeans,1.0
2021-10-06,Jeans,2.0
2021-10-07,Jeans,1.0
2021-10-08,Jeans,3.0
2021-10-09,Jeans,1.0
2021-10-10,Jeans,4.0
2021-10-11,Jeans,1.0
2021-10-12,Jeans,0.0
2021-10-13,Jeans,1.0
2021-10-14,Jeans,1.0
2021-10-15,Jeans,3.0
2021-10-16,Jeans,1.0
2021-10-17,Jeans,2.0
2021-10-18,Jeans,0.0
2021-10-19,Jeans,3.0
2021-10-20,Jeans,0.0
2021-10-21,Jeans,0.0
2021-10-22,Jeans,1.0
2021-10-23,Jeans,1.0
2021-10-24,Jeans,1.0
2021-10-25,Jeans,2.0
2021-10-26,Jeans,1.0
2021-10-27,Jeans,2.0
2021-10-28,Jeans,1.0
2021-10-29,Jeans,1.0
2021-10-30,Jeans,0.0
2021-10-31,Jeans,0.0
2021-11-01,Jeans,2.0
2021-11-02,Jeans,0.0
2021-11-03,Jeans,1.0
2021-11-04,Jeans,0.0
2021-11-05,Jeans,1.0
2021-11-06,Jeans,0.0
2021-11-07,Jeans,0.0
2021-11-08,Jeans,2.0
2021-11-09,Jeans,0.0
2021-11-10,Jeans,2.0
2021-11-11,Jeans,2.0
2021-11-12,Jeans,0.0
2021-11-13,Jeans,0.0
2021-11-14,Jeans,1.0
2021-11-15,Jeans,1.0
2021-11-16,Jeans,1.0
2021-11-17,Jeans,0.0
2021-11-18,Jeans,0.0
2021-11-19,Jeans,1.0
2021-11-20,Jeans,1.0
2021-11-21,Jeans,1.0
2021-11-22,Jeans,1.0
2021-11-23,Jeans,0.0
2021-11-24,Jeans,0.0
2021-11-25,Jeans,1.0
2021-11-26,Jeans,2.0
2021-11-27,Jeans,0.0
2021-11-28,Jeans,0.0
2021-11-29,Jeans,1.0
2021-11-30,Jeans,1.0
2021-12-01,Jeans,0.0
2021-12-02,Jeans,1.0
2021-12-03,Jeans,0.0
2021-12-04,Jeans,0.0
2021-12-05,Jeans,0.0
2021-12-06,Jeans,0.0
2021-12-07,Jeans,0.0
2021-12-08,Jeans,1.0
2021-12-09,Jeans,1.0
2021-12-10,Jeans,2.0
2021-12-11,Jeans,1.0
2021-12-12,Jeans,2.0
2021-12-13,Jeans,0.0
2021-12-14,Jeans,1.0
2021-12-15,Jeans,1.0
2021-12-16,Jeans,0.0
2021-12-17,Jeans,1.0
2021-12-18,Jeans,1.0
2021-12-19,Jeans,1.0
2021-12-20,Jeans,0.0
2021-12-21,Jeans,0.0
2021-12-22,Jeans,0.0
2021-12-23,Jeans,1.0
2021-12-24,Jeans,0.0
2021-12-25,Jeans,2.0
2021-12-26,Jeans,0.0
2021-12-27,Jeans,1.0
2021-12-28,Jeans,1.0
2021-12-29,Jeans,3.0
2021-12-30,Jeans,0.0
2021-12-31,Jeans,0.0
2022-01-01,Jeans,1.0
2022-01-02,Jeans,0.0
2022-01-03,Jeans,0.0
2022-01-04,Jeans,0.0
2022-01-05,Jeans,1.0
2022-01-06,Jeans,1.0
2022-01-07,Jeans,0.0
2022-01-08,Jeans,1.0
2022-01-09,Jeans,1.0
2022-01-10,Jeans,0.0
2022-01-11,Jeans,1.0
2022-01-12,Jeans,0.0
2022-01-13,Jeans,1.0
2022-01-14,Jeans,0.0
2022-01-15,Jeans,0.0
2022-01-16,Jeans,2.0
2022-01-17,Jeans,2.0
2022-01-18,Jeans,0.0
2022-01-19,Jeans,0.0
2022-01-20,Jeans,0.0
2022-01-21,Jeans,0.0
2022-01-22,Jeans,0.0
2022-01-23,Jeans,2.0
2022-01-24,Jeans,2.0
2022-01-25,Jeans,1.0
2022-01-26,Jeans,1.0
2022-01-27,Jeans,1.0
2022-01-28,Jeans,0.0
2022-01-29,Jeans,1.0
2022-01-30,Jeans,0.0
2022-01-31,Jeans,2.0
2022-02-01,Jeans,1.0
2022-02-02,Jeans,2.0
2022-02-03,Jeans,2.0
2022-02-04,Jeans,2.0
2022-02-05,Jeans,2.0
2022-02-06,Jeans,0.0
2022-02-07,Jeans,0.0
2022-02-08,Jeans,0.0
2022-02-09,Jeans,0.0
2022-02-10,Jeans,0.0
2022-02-11,Jeans,1.0
2022-02-12,Jeans,0.0
2022-02-13,Jeans,1.0
2022-02-14,Jeans,1.0
2022-02-15,Jeans,1.0
2022-02-16,Jeans,1.0
2022-02-17,Jeans,2.0
2022-02-18,Jeans,0.0
2022-02-19,Jeans,0.0
2022-02-20,Jeans,2.0
2022-02-21,Jeans,5.0
2022-02-22,Jeans,1.0
2022-02-23,Jeans,1.0
2022-02-24,Jeans,0.0
2022-02-25,Jeans,2.0
2022-02-26,Jeans,1.0
2022-02-27,Jeans,1.0
2022-02-28,Jeans,3.0
2022-03-01,Jeans,0.0
2022-03-02,Jeans,4.0
2022-03-03,Jeans,1.0
2022-03-04,Jeans,0.0
2022-03-05,Jeans,0.0
2022-03-06,Jeans,0.0
2022-03-07,Jeans,1.0
2022-03-08,Jeans,0.0
2022-03-09,Jeans,0.0
2022-03-10,Jeans,0.0
2022-03-11,Jeans,0.0
2022-03-12,Jeans,0.0
2022-03-13,Jeans,0.0
2022-03-14,Jeans,0.0
2022-03-15,Jeans,0.0
2022-03-16,Jeans,0.0
2022-03-17,Jeans,2.0
2022-03-18,Jeans,0.0
2022-03-19,Jeans,2.0
2022-03-20,Jeans,0.0
2022-03-21,Jeans,2.0
2022-03-22,Jeans,0.0
2022-03-23,Jeans,0.0
2022-03-24,Jeans,0.0
2022-03-25,Jeans,0.0
2022-03-26,Jeans,1.0
2022-03-27,Jeans,1.0
2022-03-28,Jeans,3.0
2022-03-29,Jeans,0.0
2022-03-30,Jeans,2.0
2022-03-31,Jeans,0.0
2022-04-01,Jeans,0.0
2022-04-02,Jeans,1.0
2022-04-03,Jeans,1.0
2022-04-04,Jeans,0.0
2022-04-05,Jeans,0.0
2022-04-06,Jeans,1.0
2022-04-07,Jeans,1.0
2022-04-08,Jeans,1.0
2022-04-09,Jeans,0.0
2022-04-10,Jeans,1.0
2022-04-11,Jeans,1.0
2022-04-12,Jeans,2.0
2022-04-13,Jeans,0.0
2022-04-14,Jeans,1.0
2022-04-15,Jeans,2.0
2022-04-16,Jeans,1.0
2022-04-17,Jeans,1.0
2022-04-18,Jeans,0.0
2022-04-19,Jeans,1.0
2022-04-20,Jeans,0.0
2022-04-21,Jeans,0.0
2022-04-22,Jeans,1.0
2022-04-23,Jeans,3.0
2022-04-24,Jeans,0.0
2022-04-25,Jeans,0.0
2022-04-26,Jeans,0.0
2022-04-27,Jeans,1.0
2022-04-28,Jeans,1.0
2022-04-29,Jeans,0.0
2022-04-30,Jeans,0.0
2022-05-01,Jeans,1.0
2022-05-02,Jeans,2.0
2022-05-03,Jeans,0.0
2022-05-04,Jeans,1.0
2022-05-05,Jeans,2.0
2022-05-06,Jeans,0.0
2022-05-07,Jeans,0.0
2022-05-08,Jeans,1.0
2022-05-09,Jeans,0.0
2022-05-10,Jeans,1.0
2022-05-11,Jeans,1.0
2022-05-12,Jeans,1.0
2022-05-13,Jeans,2.0
2022-05-14,Jeans,0.0
2022-05-15,Jeans,1.0
2022-05-16,Jeans,1.0
2022-05-17,Jeans,0.0
2022-05-18,Jeans,0.0
2022-05-19,Jeans,0.0
2022-05-20,Jeans,0.0
2022-05-21,Jeans,0.0
2022-05-22,Jeans,2.0
2022-05-23,Jeans,3.0
2022-05-24,Jeans,0.0
2022-05-25,Jeans,0.0
2022-05-26,Jeans,1.0
2022-05-27,Jeans,0.0
2022-05-28,Jeans,0.0
2022-05-29,Jeans,0.0
2022-05-30,Jeans,4.0
2022-05-31,Jeans,0.0
2022-06-01,Jeans,0.0
2022-06-02,Jeans,1.0
2022-06-03,Jeans,0.0
2022-06-04,Jeans,1.0
2022-06-05,Jeans,1.0
2022-06-06,Jeans,0.0
2022-06-07,Jeans,0.0
2022-06-08,Jeans,0.0
2022-06-09,Jeans,0.0
2022-06-10,Jeans,0.0
2022-06-11,Jeans,0.0
2022-06-12,Jeans,1.0
2022-06-13,Jeans,0.0
2022-06-14,Jeans,4.0
2022-06-15,Jeans,0.0
2022-06-16,Jeans,0.0
2022-06-17,Jeans,2.0
2022-06-18,Jeans,0.0
2022-06-19,Jeans,0.0
2022-06-20,Jeans,1.0
2022-06-21,Jeans,0.0
2022-06-22,Jeans,1.0
2022-06-23,Jeans,1.0
2022-06-24,Jeans,1.0
2022-06-25,Jeans,1.0
2022-06-26,Jeans,0.0
2022-06-27,Jeans,1.0
2022-06-28,Jeans,0.0
2022-06-29,Jeans,0.0
2022-06-30,Jeans,0.0
2022-07-01,Jeans,1.0
2022-07-02,Jeans,1.0
2022-07-03,Jeans,1.0
2022-07-04,Jeans,0.0
2022-07-05,Jeans,0.0
2022-07-06,Jeans,1.0
2022-07-07,Jeans,0.0
2022-07-08,Jeans,1.0
2022-07-09,Jeans,0.0
2022-07-10,Jeans,1.0
2022-07-11,Jeans,2.0
2022-07-12,Jeans,1.0
2022-07-13,Jeans,1.0
2022-07-14,Jeans,0.0
2022-07-15,Jeans,0.0
2022-07-16,Jeans,0.0
2022-07-17,Jeans,0.0
2022-07-18,Jeans,1.0
2022-07-19,Jeans,2.0
2022-07-20,Jeans,0.0
2022-07-21,Jeans,2.0
2022-07-22,Jeans,0.0
2022-07-23,Jeans,0.0
2022-07-24,Jeans,0.0
2022-07-25,Jeans,2.0
2022-07-26,Jeans,0.0
2022-07-27,Jeans,0.0
2022-07-28,Jeans,0.0
2022-07-29,Jeans,0.0
2022-07-30,Jeans,0.0
2022-07-31,Jeans,0.0
2022-08-01,Jeans,0.0
2022-08-02,Jeans,0.0
2022-08-03,Jeans,3.0
2022-08-04,Jeans,1.0
2022-08-05,Jeans,1.0
2022-08-06,Jeans,0.0
2022-08-07,Jeans,0.0
2022-08-08,Jeans,0.0
2022-08-09,Jeans,1.0
2022-08-10,Jeans,0.0
2022-08-11,Jeans,0.0
2022-08-12,Jeans,2.0
2022-08-13,Jeans,0.0
2022-08-14,Jeans,0.0
2022-08-15,Jeans,7.0
2022-08-16,Jeans,0.0
2022-08-17,Jeans,4.0
2022-08-18,Jeans,0.0
2022-08-19,Jeans,0.0
2022-08-20,Jeans,2.0
2022-08-21,Jeans,0.0
2022-08-22,Jeans,0.0
2022-08-23,Jeans,1.0
2022-08-24,Jeans,1.0
2022-08-25,Jeans,0.0
2022-08-26,Jeans,1.0
2022-08-27,Jeans,0.0
2022-08-28,Jeans,1.0
2022-08-29,Jeans,1.0
2022-08-30,Jeans,0.0
2022-08-31,Jeans,1.0
2022-09-01,Jeans,0.0
2022-09-02,Jeans,2.0
2022-09-03,Jeans,2.0
2022-09-04,Jeans,0.0
2022-09-05,Jeans,1.0
2022-09-06,Jeans,4.0
2022-09-07,Jeans,1.0
2022-09-08,Jeans,1.0
2022-09-09,Jeans,1.0
2022-09-10,Jeans,0.0
2022-09-11,Jeans,0.0
2022-09-12,Jeans,0.0
2022-09-13,Jeans,1.0
2022-09-14,Jeans,1.0
2022-09-15,Jeans,1.0
2022-09-16,Jeans,1.0
2022-09-17,Jeans,0.0
2022-09-18,Jeans,1.0
2022-09-19,Jeans,0.0
2022-09-20,Jeans,0.0
2022-09-21,Jeans,0.0
2022-09-22,Jeans,0.0
2022-09-23,Jeans,0.0
2022-09-24,Jeans,2.0
2022-09-25,Jeans,0.0
2022-09-26,Jeans,2.0
2022-09-27,Jeans,0.0
2022-09-28,Jeans,1.0
2022-09-29,Jeans,1.0
2022-09-30,Jeans,1.0
2022-10-01,Jeans,0.0
2022-10-02,Jeans,2.0
2022-10-03,Jeans,0.0
2022-10-04,Jeans,0.0
2022-10-05,Jeans,0.0
2022-10-06,Jeans,3.0
2022-10-07,Jeans,2.0
2022-10-08,Jeans,0.0
2022-10-09,Jeans,2.0
2022-10-10,Jeans,0.0
2022-10-11,Jeans,0.0
2022-10-12,Jeans,0.0
2022-10-13,Jeans,0.0
2022-10-14,Jeans,1.0
2022-10-15,Jeans,0.0
2022-10-16,Jeans,1.0
2022-10-17,Jeans,1.0
2022-10-18,Jeans,2.0
2022-10-19,Jeans,0.0
2022-10-20,Jeans,0.0
2022-10-21,Jeans,1.0
2022-10-22,Jeans,0.0
2022-10-23,Jeans,1.0
2022-10-24,Jeans,0.0
2022-10-25,Jeans,1.0
2022-10-26,Jeans,0.0
2022-10-27,Jeans,0.0
2022-10-28,Jeans,0.0
2022-10-29,Jeans,1.0
2022-10-30,Jeans,0.0
2022-10-31,Jeans,2.0
2022-11-01,Jeans,2.0
2022-11-02,Jeans,0.0
2022-11-03,Jeans,2.0
2022-11-04,Jeans,0.0
2022-11-05,Jeans,2.0
2022-11-06,Jeans,1.0
2022-11-07,Jeans,1.0
2022-11-08,Jeans,0.0
2022-11-09,Jeans,2.0
2022-11-10,Jeans,1.0
2022-11-11,Jeans,3.0
2022-11-12,Jeans,2.0
2022-11-13,Jeans,0.0
2022-11-14,Jeans,0.0
2022-11-15,Jeans,1.0
2022-11-16,Jeans,1.0
2022-11-17,Jeans,3.0
2022-11-18,Jeans,1.0
2022-11-19,Jeans,2.0
2022-11-20,Jeans,1.0
2022-11-21,Jeans,0.0
2022-11-22,Jeans,0.0
2022-11-23,Jeans,1.0
2022-11-24,Jeans,2.0
2022-11-25,Jeans,0.0
2022-11-26,Jeans,1.0
2022-11-27,Jeans,2.0
2022-11-28,Jeans,0.0
2022-11-29,Jeans,2.0
2022-11-30,Jeans,0.0
2022-12-01,Jeans,0.0
2022-12-02,Jeans,0.0
2022-12-03,Jeans,1.0
2022-12-04,Jeans,1.0
2022-12-05,Jeans,4.0
2022-12-06,Jeans,0.0
2022-12-07,Jeans,0.0
2022-12-08,Jeans,4.0
2022-12-09,Jeans,1.0
2022-12-10,Jeans,2.0
2022-12-11,Jeans,0.0
2022-12-12,Jeans,0.0
2022-12-13,Jeans,1.0
2022-12-14,Jeans,1.0
2022-12-15,Jeans,0.0
2022-12-16,Jeans,1.0
2022-12-17,Jeans,2.0
2022-12-18,Jeans,0.0
2022-12-19,Jeans,0.0
2022-12-20,Jeans,0.0
2022-12-21,Jeans,0.0
2022-12-22,Jeans,2.0
2022-12-23,Jeans,0.0
2022-12-24,Jeans,0.0
2022-12-25,Jeans,1.0
2022-12-26,Jeans,2.0
2022-12-27,Jeans,1.0
2022-12-28,Jeans,0.0
2022-12-29,Jeans,0.0
2022-12-30,Jeans,1.0
2022-12-31,Jeans,2.0
2023-01-01,Jeans,0.0
2023-01-02,Jeans,1.0
2023-01-03,Jeans,2.0
2023-01-04,Jeans,0.0
2023-01-05,Jeans,0.0
2023-01-06,Jeans,1.0
2023-01-07,Jeans,0.0
2023-01-08,Jeans,0.0
2023-01-09,Jeans,2.0
2023-01-10,Jeans,1.0
2023-01-11,Jeans,1.0
2023-01-12,Jeans,0.0
2023-01-13,Jeans,0.0
2023-01-14,Jeans,3.0
2023-01-15,Jeans,0.0
2023-01-16,Jeans,2.0
2023-01-17,Jeans,1.0
2023-01-18,Jeans,0.0
2023-01-19,Jeans,2.0
2023-01-20,Jeans,0.0
2023-01-21,Jeans,0.0
2023-01-22,Jeans,0.0
2023-01-23,Jeans,0.0
2023-01-24,Jeans,1.0
2023-01-25,Jeans,0.0
2023-01-26,Jeans,0.0
2023-01-27,Jeans,1.0
2023-01-28,Jeans,0.0
2023-01-29,Jeans,1.0
2023-01-30,Jeans,0.0
2023-01-31,Jeans,1.0
2023-02-01,Jeans,2.0
2023-02-02,Jeans,0.0
2023-02-03,Jeans,1.0
2023-02-04,Jeans,1.0
2023-02-05,Jeans,2.0
2023-02-06,Jeans,1.0
2023-02-07,Jeans,0.0
2023-02-08,Jeans,0.0
2023-02-09,Jeans,1.0
2023-02-10,Jeans,0.0
2023-02-11,Jeans,0.0
2023-02-12,Jeans,2.0
2023-02-13,Jeans,3.0
2023-02-14,Jeans,1.0
2023-02-15,Jeans,1.0
2023-02-16,Jeans,0.0
2023-02-17,Jeans,0.0
2023-02-18,Jeans,0.0
2023-02-19,Jeans,1.0
2023-02-20,Jeans,0.0
2023-02-21,Jeans,0.0
2023-02-22,Jeans,2.0
2023-02-23,Jeans,0.0
2023-02-24,Jeans,0.0
2023-02-25,Jeans,2.0
2023-02-26,Jeans,1.0
2023-02-27,Jeans,1.0
2023-02-28,Jeans,2.0
2023-03-01,Jeans,2.0
2023-03-02,Jeans,1.0
2023-03-03,Jeans,0.0
2023-03-04,Jeans,0.0
2023-03-05,Jeans,0.0
2023-03-06,Jeans,1.0
2023-03-07,Jeans,0.0
2023-03-08,Jeans,0.0
2023-03-09,Jeans,2.0
2023-03-10,Jeans,0.0
2023-03-11,Jeans,0.0
2023-03-12,Jeans,0.0
2023-03-13,Jeans,1.0
2023-03-14,Jeans,1.0
2023-03-15,Jeans,2.0
2023-03-16,Jeans,0.0
2023-03-17,Jeans,3.0
2023-03-18,Jeans,0.0
2023-03-19,Jeans,0.0
2023-03-20,Jeans,1.0
2023-03-21,Jeans,0.0
2023-03-22,Jeans,0.0
2023-03-23,Jeans,2.0
2023-03-24,Jeans,0.0
2023-03-25,Jeans,2.0
2023-03-26,Jeans,1.0
2023-03-27,Jeans,0.0
2023-03-28,Jeans,0.0
2023-03-29,Jeans,3.0
2023-03-30,Jeans,0.0
2023-03-31,Jeans,0.0
2023-04-01,Jeans,1.0
2023-04-02,Jeans,0.0
2023-04-03,Jeans,0.0
2023-04-04,Jeans,1.0
2023-04-05,Jeans,0.0
2023-04-06,Jeans,0.0
2023-04-07,Jeans,1.0
2023-04-08,Jeans,1.0
2023-04-09,Jeans,0.0
2023-04-10,Jeans,1.0
2023-04-11,Jeans,0.0
2023-04-12,Jeans,0.0
2023-04-13,Jeans,0.0
2023-04-14,Jeans,0.0
2023-04-15,Jeans,2.0
2023-04-16,Jeans,1.0
2023-04-17,Jeans,0.0
2023-04-18,Jeans,3.0
2023-04-19,Jeans,2.0
2023-04-20,Jeans,0.0
2023-04-21,Jeans,1.0
2023-04-22,Jeans,0.0
2023-04-23,Jeans,0.0
2023-04-24,Jeans,1.0
2023-04-25,Jeans,0.0
2023-04-26,Jeans,0.0
2023-04-27,Jeans,1.0
2023-04-28,Jeans,0.0
2023-04-29,Jeans,0.0
2023-04-30,Jeans,0.0
2023-05-01,Jeans,0.0
2023-05-02,Jeans,0.0
2023-05-03,Jeans,1.0
2023-05-04,Jeans,3.0
2023-05-05,Jeans,0.0
2023-05-06,Jeans,1.0
2023-05-07,Jeans,1.0
2023-05-08,Jeans,1.0
2023-05-09,Jeans,0.0
2023-05-10,Jeans,3.0
2023-05-11,Jeans,1.0
2023-05-12,Jeans,0.0
2023-05-13,Jeans,0.0
2023-05-14,Jeans,3.0
2023-05-15,Jeans,0.0
2023-05-16,Jeans,0.0
2023-05-17,Jeans,2.0
2023-05-18,Jeans,1.0
2023-05-19,Jeans,2.0
2023-05-20,Jeans,0.0
2023-05-21,Jeans,0.0
2023-05-22,Jeans,1.0
2023-05-23,Jeans,0.0
2023-05-24,Jeans,0.0
2023-05-25,Jeans,1.0
2023-05-26,Jeans,0.0
2023-05-27,Jeans,2.0
2023-05-28,Jeans,0.0
2023-05-29,Jeans,0.0
2023-05-30,Jeans,0.0
2023-05-31,Jeans,0.0
2023-06-01,Jeans,3.0
2023-06-02,Jeans,0.0
2023-06-03,Jeans,1.0
2023-06-04,Jeans,1.0
2023-06-05,Jeans,1.0
2023-06-06,Jeans,0.0
2023-06-07,Jeans,0.0
2023-06-08,Jeans,3.0
2023-06-09,Jeans,1.0
2023-06-10,Jeans,0.0
2023-06-11,Jeans,0.0
2023-06-12,Jeans,2.0
2023-06-13,Jeans,0.0
2023-06-14,Jeans,1.0
2023-06-15,Jeans,1.0
2023-06-16,Jeans,1.0
2023-06-17,Jeans,0.0
2023-06-18,Jeans,3.0
2023-06-19,Jeans,2.0
2023-06-20,Jeans,0.0
2023-06-21,Jeans,0.0
2023-06-22,Jeans,1.0
2023-06-23,Jeans,0.0
2023-06-24,Jeans,0.0
2023-06-25,Jeans,0.0
2023-06-26,Jeans,1.0
2023-06-27,Jeans,4.0
2023-06-28,Jeans,0.0
2023-06-29,Jeans,1.0
2023-06-30,Jeans,1.0
2023-07-01,Jeans,0.0
2023-07-02,Jeans,0.0
2023-07-03,Jeans,0.0
2023-07-04,Jeans,0.0
2023-07-05,Jeans,0.0
2023-07-06,Jeans,0.0
2023-07-07,Jeans,0.0
2023-07-08,Jeans,1.0
2023-07-09,Jeans,1.0
2023-07-10,Jeans,1.0
2023-07-11,Jeans,1.0
2023-07-12,Jeans,0.0
2023-07-13,Jeans,1.0
2023-07-14,Jeans,2.0
2023-07-15,Jeans,0.0
2023-07-16,Jeans,1.0
2023-07-17,Jeans,2.0
2023-07-18,Jeans,2.0
2023-07-19,Jeans,0.0
2023-07-20,Jeans,0.0
2023-07-21,Jeans,0.0
2023-07-22,Jeans,0.0
2023-07-23,Jeans,3.0
2023-07-24,Jeans,2.0
2023-07-25,Jeans,1.0
2023-07-26,Jeans,1.0
2023-07-27,Jeans,0.0
2023-07-28,Jeans,0.0
2023-07-29,Jeans,1.0
2023-07-30,Jeans,0.0
2023-07-31,Jeans,1.0
2023-08-01,Jeans,1.0
2023-08-02,Jeans,0.0
2023-08-03,Jeans,1.0
2023-08-04,Jeans,1.0
2023-08-05,Jeans,0.0
2023-08-06,Jeans,0.0
2023-08-07,Jeans,0.0
2023-08-08,Jeans,0.0
2023-08-09,Jeans,0.0
2023-08-10,Jeans,1.0
2023-08-11,Jeans,0.0
2023-08-12,Jeans,0.0
2023-08-13,Jeans,1.0
2023-08-14,Jeans,0.0
2023-08-15,Jeans,0.0
2023-08-16,Jeans,0.0
2023-08-17,Jeans,1.0
2023-08-18,Jeans,0.0
2023-08-19,Jeans,1.0
2023-08-20,Jeans,3.0
2023-08-21,Jeans,0.0
2023-08-22,Jeans,2.0
2023-08-23,Jeans,0.0
2023-08-24,Jeans,1.0
2023-08-25,Jeans,2.0
2023-08-26,Jeans,0.0
2023-08-27,Jeans,2.0
2023-08-28,Jeans,0.0
2023-08-29,Jeans,1.0
2023-08-30,Jeans,1.0
2023-08-31,Jeans,0.0
2023-09-01,Jeans,0.0
2023-09-02,Jeans,0.0
2023-09-03,Jeans,0.0
2023-09-04,Jeans,2.0
2023-09-05,Jeans,0.0
2023-09-06,Jeans,1.0
2023-09-07,Jeans,3.0
2023-09-08,Jeans,2.0
2023-09-09,Jeans,0.0
2023-09-10,Jeans,2.0
2023-09-11,Jeans,1.0
2023-09-12,Jeans,0.0
2023-09-13,Jeans,1.0
2023-09-14,Jeans,1.0
2023-09-15,Jeans,1.0
2023-09-16,Jeans,1.0
2023-09-17,Jeans,0.0
2023-09-18,Jeans,2.0
2023-09-19,Jeans,0.0
2023-09-20,Jeans,1.0
2023-09-21,Jeans,0.0
2023-09-22,Jeans,2.0
2023-09-23,Jeans,0.0
2023-09-24,Jeans,1.0
2023-09-25,Jeans,0.0
2023-09-26,Jeans,1.0
2023-09-27,Jeans,1.0
2023-09-28,Jeans,0.0
2023-09-29,Jeans,2.0
2023-09-30,Jeans,0.0
2023-10-01,Jeans,0.0
2023-10-02,Jeans,2.0
2023-10-03,Jeans,1.0
2023-10-04,Jeans,0.0
2023-10-05,Jeans,0.0
2023-10-06,Jeans,4.0
2023-10-07,Jeans,0.0
2023-10-08,Jeans,2.0
2023-10-09,Jeans,0.0
2023-10-10,Jeans,0.0
2023-10-11,Jeans,0.0
2023-10-12,Jeans,1.0
2023-10-13,Jeans,0.0
2023-10-14,Jeans,0.0
2023-10-15,Jeans,2.0
2023-10-16,Jeans,0.0
2023-10-17,Jeans,2.0
2023-10-18,Jeans,0.0
2023-10-19,Jeans,2.0
2023-10-20,Jeans,0.0
2023-10-21,Jeans,2.0
2023-10-22,Jeans,0.0
2023-10-23,Jeans,2.0
2023-10-24,Jeans,1.0
2023-10-25,Jeans,0.0
2023-10-26,Jeans,1.0
2023-10-27,Jeans,2.0
2023-10-28,Jeans,0.0
2023-10-29,Jeans,1.0
2023-10-30,Jeans,1.0
2023-10-31,Jeans,0.0
2023-11-01,Jeans,0.0
2023-11-02,Jeans,2.0
2023-11-03,Jeans,1.0
2023-11-04,Jeans,1.0
2023-11-05,Jeans,0.0
2023-11-06,Jeans,1.0
2023-11-07,Jeans,0.0
2023-11-08,Jeans,2.0
2023-11-09,Jeans,0.0
2023-11-10,Jeans,2.0
2023-11-11,Jeans,0.0
2023-11-12,Jeans,1.0
2023-11-13,Jeans,0.0
2023-11-14,Jeans,0.0
2023-11-15,Jeans,1.0
2023-11-16,Jeans,0.0
2023-11-17,Jeans,2.0
2023-11-18,Jeans,0.0
2023-11-19,Jeans,1.0
2023-11-20,Jeans,0.0
2023-11-21,Jeans,0.0
2023-11-22,Jeans,4.0
2023-11-23,Jeans,0.0
2023-11-24,Jeans,0.0
2023-11-25,Jeans,1.0
2023-11-26,Jeans,0.0
2023-11-27,Jeans,3.0
2023-11-28,Jeans,1.0
2023-11-29,Jeans,1.0
2023-11-30,Jeans,1.0
2023-12-01,Jeans,0.0
2023-12-02,Jeans,0.0
2023-12-03,Jeans,0.0
2023-12-04,Jeans,1.0
2023-12-05,Jeans,0.0
2023-12-06,Jeans,0.0
2023-12-07,Jeans,0.0
2023-12-08,Jeans,2.0
2023-12-09,Jeans,0.0
2023-12-10,Jeans,1.0
2023-12-11,Jeans,0.0
2023-12-12,Jeans,4.0
2023-12-13,Jeans,0.0
2023-12-14,Jeans,2.0
2023-12-15,Jeans,1.0
2023-12-16,Jeans,2.0
2023-12-17,Jeans,1.0
2023-12-18,Jeans,1.0
2023-12-19,Jeans,0.0
2023-12-20,Jeans,1.0
2023-12-21,Jeans,0.0
2023-12-22,Jeans,0.0
2023-12-23,Jeans,1.0
2023-12-24,Jeans,2.0
2023-12-25,Jeans,0.0
2023-12-26,Jeans,1.0
2023-12-27,Jeans,2.0
2023-12-28,Jeans,0.0
2023-12-29,Jeans,1.0
2023-12-30,Jeans,0.0
2023-12-31,Jeans,1.0
2024-01-01,Jeans,1.0
2024-01-02,Jeans,1.0
2024-01-03,Jeans,1.0
2024-01-04,Jeans,0.0
2024-01-05,Jeans,2.0
2024-01-06,Jeans,0.0
2024-01-07,Jeans,0.0
2024-01-08,Jeans,1.0
2024-01-09,Jeans,0.0
2024-01-10,Jeans,1.0
2024-01-11,Jeans,0.0
2024-01-12,Jeans,1.0
2024-01-13,Jeans,0.0
2024-01-14,Jeans,0.0
2024-01-15,Jeans,0.0
2024-01-16,Jeans,2.0
2024-01-17,Jeans,1.0
2024-01-18,Jeans,1.0
2024-01-19,Jeans,2.0
2024-01-20,Jeans,1.0
2024-01-21,Jeans,1.0
2024-01-22,Jeans,0.0
2024-01-23,Jeans,0.0
2024-01-24,Jeans,2.0
2024-01-25,Jeans,0.0
2024-01-26,Jeans,0.0
2024-01-27,Jeans,0.0
2024-01-28,Jeans,0.0
2024-01-29,Jeans,1.0
2024-01-30,Jeans,0.0
2024-01-31,Jeans,0.0
2024-02-01,Jeans,0.0
2024-02-02,Jeans,0.0
2024-02-03,Jeans,2.0
2024-02-04,Jeans,0.0
2024-02-05,Jeans,0.0
2024-02-06,Jeans,2.0
2024-02-07,Jeans,0.0
2024-02-08,Jeans,2.0
2024-02-09,Jeans,1.0
2024-02-10,Jeans,2.0
2024-02-11,Jeans,0.0
2024-02-12,Jeans,0.0
2024-02-13,Jeans,0.0
2024-02-14,Jeans,1.0
2024-02-15,Jeans,0.0
2024-02-16,Jeans,0.0
2024-02-17,Jeans,0.0
2024-02-18,Jeans,1.0
2024-02-19,Jeans,0.0
2024-02-20,Jeans,0.0
2024-02-21,Jeans,0.0
2024-02-22,Jeans,0.0
2024-02-23,Jeans,1.0
2024-02-24,Jeans,2.0
2024-02-25,Jeans,0.0
2024-02-26,Jeans,2.0
2024-02-27,Jeans,0.0
2024-02-28,Jeans,0.0
2024-02-29,Jeans,0.0
2024-03-01,Jeans,0.0
2024-03-02,Jeans,0.0
2024-03-03,Jeans,0.0
2024-03-04,Jeans,0.0
2024-03-05,Jeans,2.0
2024-03-06,Jeans,2.0
2024-03-07,Jeans,2.0
2024-03-08,Jeans,0.0
2024-03-09,Jeans,3.0
2024-03-10,Jeans,0.0
2024-03-11,Jeans,0.0
2024-03-12,Jeans,0.0
2024-03-13,Jeans,2.0
2024-03-14,Jeans,0.0
2024-03-15,Jeans,0.0
2024-03-16,Jeans,0.0
2024-03-17,Jeans,1.0
2024-03-18,Jeans,0.0
2024-03-19,Jeans,0.0
2024-03-20,Jeans,0.0
2024-03-21,Jeans,0.0
2024-03-22,Jeans,0.0
2024-03-23,Jeans,0.0
2024-03-24,Jeans,6.0
2024-03-25,Jeans,0.0
2024-03-26,Jeans,2.0
2021-03-28,Shorts,2.0
2021-03-29,Shorts,0.0
2021-03-30,Shorts,1.0
2021-03-31,Shorts,0.0
2021-04-01,Shorts,0.0
2021-04-02,Shorts,1.0
2021-04-03,Shorts,0.0
2021-04-04,Shorts,0.0
2021-04-05,Shorts,0.0
2021-04-06,Shorts,0.0
2021-04-07,Shorts,0.0
2021-04-08,Shorts,0.0
2021-04-09,Shorts,0.0
2021-04-10,Shorts,0.0
2021-04-11,Shorts,1.0
2021-04-12,Shorts,0.0
2021-04-13,Shorts,2.0
2021-04-14,Shorts,0.0
2021-04-15,Shorts,1.0
2021-04-16,Shorts,0.0
2021-04-17,Shorts,4.0
2021-04-18,Shorts,2.0
2021-04-19,Shorts,1.0
2021-04-20,Shorts,0.0
2021-04-21,Shorts,2.0
2021-04-22,Shorts,1.0
2021-04-23,Shorts,1.0
2021-04-24,Shorts,1.0
2021-04-25,Shorts,1.0
2021-04-26,Shorts,0.0
2021-04-27,Shorts,2.0
2021-04-28,Shorts,0.0
2021-04-29,Shorts,0.0
2021-04-30,Shorts,0.0
2021-05-01,Shorts,0.0
2021-05-02,Shorts,0.0
2021-05-03,Shorts,0.0
2021-05-04,Shorts,0.0
2021-05-05,Shorts,2.0
2021-05-06,Shorts,1.0
2021-05-07,Shorts,0.0
2021-05-08,Shorts,0.0
2021-05-09,Shorts,1.0
2021-05-10,Shorts,0.0
2021-05-11,Shorts,0.0
2021-05-12,Shorts,2.0
2021-05-13,Shorts,0.0
2021-05-14,Shorts,1.0
2021-05-15,Shorts,1.0
2021-05-16,Shorts,0.0
2021-05-17,Shorts,1.0
2021-05-18,Shorts,0.0
2021-05-19,Shorts,1.0
2021-05-20,Shorts,0.0
2021-05-21,Shorts,0.0
2021-05-22,Shorts,1.0
2021-05-23,Shorts,2.0
2021-05-24,Shorts,1.0
2021-05-25,Shorts,1.0
2021-05-26,Shorts,0.0
2021-05-27,Shorts,2.0
2021-05-28,Shorts,0.0
2021-05-29,Shorts,0.0
2021-05-30,Shorts,1.0
2021-05-31,Shorts,2.0
2021-06-01,Shorts,2.0
2021-06-02,Shorts,0.0
2021-06-03,Shorts,0.0
2021-06-04,Shorts,1.0
2021-06-05,Shorts,1.0
2021-06-06,Shorts,1.0
2021-06-07,Shorts,1.0
2021-06-08,Shorts,2.0
2021-06-09,Shorts,0.0
2021-06-10,Shorts,1.0
2021-06-11,Shorts,1.0
2021-06-12,Shorts,1.0
2021-06-13,Shorts,1.0
2021-06-14,Shorts,1.0
2021-06-15,Shorts,0.0
2021-06-16,Shorts,0.0
2021-06-17,Shorts,0.0
2021-06-18,Shorts,2.0
2021-06-19,Shorts,0.0
2021-06-20,Shorts,3.0
2021-06-21,Shorts,0.0
2021-06-22,Shorts,0.0
2021-06-23,Shorts,0.0
2021-06-24,Shorts,0.0
2021-06-25,Shorts,2.0
2021-06-26,Shorts,0.0
2021-06-27,Shorts,2.0
2021-06-28,Shorts,0.0
2021-06-29,Shorts,0.0
2021-06-30,Shorts,0.0
2021-07-01,Shorts,1.0
2021-07-02,Shorts,0.0
2021-07-03,Shorts,0.0
2021-07-04,Shorts,1.0
2021-07-05,Shorts,3.0
2021-07-06,Shorts,1.0
2021-07-07,Shorts,0.0
2021-07-08,Shorts,0.0
2021-07-09,Shorts,1.0
2021-07-10,Shorts,0.0
2021-07-11,Shorts,1.0
2021-07-12,Shorts,0.0
2021-07-13,Shorts,1.0
2021-07-14,Shorts,1.0
2021-07-15,Shorts,0.0
2021-07-16,Shorts,1.0
2021-07-17,Shorts,2.0
2021-07-18,Shorts,1.0
2021-07-19,Shorts,0.0
2021-07-20,Shorts,1.0
2021-07-21,Shorts,0.0
2021-07-22,Shorts,2.0
2021-07-23,Shorts,2.0
2021-07-24,Shorts,0.0
2021-07-25,Shorts,0.0
2021-07-26,Shorts,0.0
2021-07-27,Shorts,1.0
2021-07-28,Shorts,1.0
2021-07-29,Shorts,0.0
2021-07-30,Shorts,0.0
2021-07-31,Shorts,0.0
2021-08-01,Shorts,1.0
2021-08-02,Shorts,2.0
2021-08-03,Shorts,0.0
2021-08-04,Shorts,0.0
2021-08-05,Shorts,0.0
2021-08-06,Shorts,0.0
2021-08-07,Shorts,0.0
2021-08-08,Shorts,2.0
2021-08-09,Shorts,0.0
2021-08-10,Shorts,0.0
2021-08-11,Shorts,1.0
2021-08-12,Shorts,0.0
2021-08-13,Shorts,0.0
2021-08-14,Shorts,2.0
2021-08-15,Shorts,2.0
2021-08-16,Shorts,0.0
2021-08-17,Shorts,0.0
2021-08-18,Shorts,2.0
2021-08-19,Shorts,0.0
2021-08-20,Shorts,2.0
2021-08-21,Shorts,0.0
2021-08-22,Shorts,2.0
2021-08-23,Shorts,1.0
2021-08-24,Shorts,0.0
2021-08-25,Shorts,0.0
2021-08-26,Shorts,0.0
2021-08-27,Shorts,1.0
2021-08-28,Shorts,1.0
2021-08-29,Shorts,2.0
2021-08-30,Shorts,0.0
2021-08-31,Shorts,0.0
2021-09-01,Shorts,0.0
2021-09-02,Shorts,1.0
2021-09-03,Shorts,0.0
2021-09-04,Shorts,1.0
2021-09-05,Shorts,2.0
2021-09-06,Shorts,0.0
2021-09-07,Shorts,1.0
2021-09-08,Shorts,0.0
2021-09-09,Shorts,0.0
2021-09-10,Shorts,0.0
2021-09-11,Shorts,0.0
2021-09-12,Shorts,0.0
2021-09-13,Shorts,1.0
2021-09-14,Shorts,2.0
2021-09-15,Shorts,2.0
2021-09-16,Shorts,0.0
2021-09-17,Shorts,0.0
2021-09-18,Shorts,0.0
2021-09-19,Shorts,0.0
2021-09-20,Shorts,0.0
2021-09-21,Shorts,0.0
2021-09-22,Shorts,1.0
2021-09-23,Shorts,1.0
2021-09-24,Shorts,0.0
2021-09-25,Shorts,0.0
2021-09-26,Shorts,0.0
2021-09-27,Shorts,0.0
2021-09-28,Shorts,0.0
2021-09-29,Shorts,0.0
2021-09-30,Shorts,2.0
2021-10-01,Shorts,1.0
2021-10-02,Shorts,2.0
2021-10-03,Shorts,1.0
2021-10-04,Shorts,0.0
2021-10-05,Shorts,2.0
2021-10-06,Shorts,0.0
2021-10-07,Shorts,1.0
2021-10-08,Shorts,1.0
2021-10-09,Shorts,1.0
2021-10-10,Shorts,1.0
2021-10-11,Shorts,0.0
2021-10-12,Shorts,1.0
2021-10-13,Shorts,0.0
2021-10-14,Shorts,1.0
2021-10-15,Shorts,0.0
2021-10-16,Shorts,0.0
2021-10-17,Shorts,4.0
2021-10-18,Shorts,0.0
2021-10-19,Shorts,0.0
2021-10-20,Shorts,1.0
2021-10-21,Shorts,1.0
2021-10-22,Shorts,1.0
2021-10-23,Shorts,1.0
2021-10-24,Shorts,3.0
2021-10-25,Shorts,4.0
2021-10-26,Shorts,2.0
2021-10-27,Shorts,2.0
2021-10-28,Shorts,2.0
2021-10-29,Shorts,2.0
2021-10-30,Shorts,0.0
2021-10-31,Shorts,0.0
2021-11-01,Shorts,1.0
2021-11-02,Shorts,1.0
2021-11-03,Shorts,2.0
2021-11-04,Shorts,1.0
2021-11-05,Shorts,1.0
2021-11-06,Shorts,2.0
2021-11-07,Shorts,1.0
2021-11-08,Shorts,1.0
2021-11-09,Shorts,2.0
2021-11-10,Shorts,2.0
2021-11-11,Shorts,0.0
2021-11-12,Shorts,2.0
2021-11-13,Shorts,0.0
2021-11-14,Shorts,1.0
2021-11-15,Shorts,2.0
2021-11-16,Shorts,1.0
2021-11-17,Shorts,0.0
2021-11-18,Shorts,2.0
2021-11-19,Shorts,0.0
2021-11-20,Shorts,0.0
2021-11-21,Shorts,1.0
2021-11-22,Shorts,1.0
2021-11-23,Shorts,0.0
2021-11-24,Shorts,1.0
2021-11-25,Shorts,1.0
2021-11-26,Shorts,0.0
2021-11-27,Shorts,0.0
2021-11-28,Shorts,0.0
2021-11-29,Shorts,0.0
2021-11-30,Shorts,0.0
2021-12-01,Shorts,0.0
2021-12-02,Shorts,1.0
2021-12-03,Shorts,1.0
2021-12-04,Shorts,0.0
2021-12-05,Shorts,1.0
2021-12-06,Shorts,2.0
2021-12-07,Shorts,1.0
2021-12-08,Shorts,0.0
2021-12-09,Shorts,0.0
2021-12-10,Shorts,1.0
2021-12-11,Shorts,1.0
2021-12-12,Shorts,1.0
2021-12-13,Shorts,0.0
2021-12-14,Shorts,0.0
2021-12-15,Shorts,0.0
2021-12-16,Shorts,0.0
2021-12-17,Shorts,1.0
2021-12-18,Shorts,1.0
2021-12-19,Shorts,1.0
2021-12-20,Shorts,1.0
2021-12-21,Shorts,0.0
2021-12-22,Shorts,6.0
2021-12-23,Shorts,0.0
2021-12-24,Shorts,1.0
2021-12-25,Shorts,1.0
2021-12-26,Shorts,0.0
2021-12-27,Shorts,2.0
2021-12-28,Shorts,2.0
2021-12-29,Shorts,2.0
2021-12-30,Shorts,1.0
2021-12-31,Shorts,0.0
2022-01-01,Shorts,0.0
2022-01-02,Shorts,1.0
2022-01-03,Shorts,0.0
2022-01-04,Shorts,1.0
2022-01-05,Shorts,0.0
2022-01-06,Shorts,0.0
2022-01-07,Shorts,1.0
2022-01-08,Shorts,0.0
2022-01-09,Shorts,0.0
2022-01-10,Shorts,1.0
2022-01-11,Shorts,1.0
2022-01-12,Shorts,1.0
2022-01-13,Shorts,2.0
2022-01-14,Shorts,0.0
2022-01-15,Shorts,0.0
2022-01-16,Shorts,1.0
2022-01-17,Shorts,1.0
2022-01-18,Shorts,0.0
2022-01-19,Shorts,1.0
2022-01-20,Shorts,0.0
2022-01-21,Shorts,0.0
2022-01-22,Shorts,0.0
2022-01-23,Shorts,0.0
2022-01-24,Shorts,0.0
2022-01-25,Shorts,0.0
2022-01-26,Shorts,0.0
2022-01-27,Shorts,0.0
2022-01-28,Shorts,0.0
2022-01-29,Shorts,1.0
2022-01-30,Shorts,2.0
2022-01-31,Shorts,0.0
2022-02-01,Shorts,1.0
2022-02-02,Shorts,0.0
2022-02-03,Shorts,1.0
2022-02-04,Shorts,2.0
2022-02-05,Shorts,1.0
2022-02-06,Shorts,0.0
2022-02-07,Shorts,0.0
2022-02-08,Shorts,0.0
2022-02-09,Shorts,1.0
2022-02-10,Shorts,1.0
2022-02-11,Shorts,1.0
2022-02-12,Shorts,0.0
2022-02-13,Shorts,3.0
2022-02-14,Shorts,0.0
2022-02-15,Shorts,2.0
2022-02-16,Shorts,1.0
2022-02-17,Shorts,0.0
2022-02-18,Shorts,1.0
2022-02-19,Shorts,2.0
2022-02-20,Shorts,1.0
2022-02-21,Shorts,0.0
2022-02-22,Shorts,3.0
2022-02-23,Shorts,2.0
2022-02-24,Shorts,1.0
2022-02-25,Shorts,2.0
2022-02-26,Shorts,2.0
2022-02-27,Shorts,1.0
2022-02-28,Shorts,1.0
2022-03-01,Shorts,1.0
2022-03-02,Shorts,2.0
2022-03-03,Shorts,0.0
2022-03-04,Shorts,0.0
2022-03-05,Shorts,1.0
2022-03-06,Shorts,1.0
2022-03-07,Shorts,1.0
2022-03-08,Shorts,0.0
2022-03-09,Shorts,0.0
2022-03-10,Shorts,1.0
2022-03-11,Shorts,0.0
2022-03-12,Shorts,2.0
2022-03-13,Shorts,1.0
2022-03-14,Shorts,0.0
2022-03-15,Shorts,0.0
2022-03-16,Shorts,0.0
2022-03-17,Shorts,2.0
2022-03-18,Shorts,1.0
2022-03-19,Shorts,0.0
2022-03-20,Shorts,0.0
2022-03-21,Shorts,1.0
2022-03-22,Shorts,1.0
2022-03-23,Shorts,0.0
2022-03-24,Shorts,0.0
2022-03-25,Shorts,2.0
2022-03-26,Shorts,0.0
2022-03-27,Shorts,0.0
2022-03-28,Shorts,1.0
2022-03-29,Shorts,3.0
2022-03-30,Shorts,0.0
2022-03-31,Shorts,3.0
2022-04-01,Shorts,1.0
2022-04-02,Shorts,2.0
2022-04-03,Shorts,1.0
2022-04-04,Shorts,1.0
2022-04-05,Shorts,0.0
2022-04-06,Shorts,2.0
2022-04-07,Shorts,2.0
2022-04-08,Shorts,0.0
2022-04-09,Shorts,0.0
2022-04-10,Shorts,1.0
2022-04-11,Shorts,1.0
2022-04-12,Shorts,1.0
2022-04-13,Shorts,0.0
2022-04-14,Shorts,1.0
2022-04-15,Shorts,1.0
2022-04-16,Shorts,0.0
2022-04-17,Shorts,1.0
2022-04-18,Shorts,3.0
2022-04-19,Shorts,0.0
2022-04-20,Shorts,0.0
2022-04-21,Shorts,2.0
2022-04-22,Shorts,1.0
2022-04-23,Shorts,1.0
2022-04-24,Shorts,0.0
2022-04-25,Shorts,1.0
2022-04-26,Shorts,2.0
2022-04-27,Shorts,1.0
2022-04-28,Shorts,0.0
2022-04-29,Shorts,2.0
2022-04-30,Shorts,2.0
2022-05-01,Shorts,0.0
2022-05-02,Shorts,0.0
2022-05-03,Shorts,1.0
2022-05-04,Shorts,1.0
2022-05-05,Shorts,1.0
2022-05-06,Shorts,0.0
2022-05-07,Shorts,1.0
2022-05-08,Shorts,1.0
2022-05-09,Shorts,0.0
2022-05-10,Shorts,1.0
2022-05-11,Shorts,1.0
2022-05-12,Shorts,1.0
2022-05-13,Shorts,0.0
2022-05-14,Shorts,2.0
2022-05-15,Shorts,0.0
2022-05-16,Shorts,1.0
2022-05-17,Shorts,0.0
2022-05-18,Shorts,0.0
2022-05-19,Shorts,0.0
2022-05-20,Shorts,0.0
2022-05-21,Shorts,1.0
2022-05-22,Shorts,1.0
2022-05-23,Shorts,0.0
2022-05-24,Shorts,0.0
2022-05-25,Shorts,2.0
2022-05-26,Shorts,3.0
2022-05-27,Shorts,1.0
2022-05-28,Shorts,2.0
2022-05-29,Shorts,2.0
2022-05-30,Shorts,1.0
2022-05-31,Shorts,1.0
2022-06-01,Shorts,0.0
2022-06-02,Shorts,0.0
2022-06-03,Shorts,1.0
2022-06-04,Shorts,3.0
2022-06-05,Shorts,1.0
2022-06-06,Shorts,3.0
2022-06-07,Shorts,1.0
2022-06-08,Shorts,0.0
2022-06-09,Shorts,5.0
2022-06-10,Shorts,0.0
2022-06-11,Shorts,1.0
2022-06-12,Shorts,0.0
2022-06-13,Shorts,1.0
2022-06-14,Shorts,2.0
2022-06-15,Shorts,0.0
2022-06-16,Shorts,1.0
2022-06-17,Shorts,0.0
2022-06-18,Shorts,0.0
2022-06-19,Shorts,0.0
2022-06-20,Shorts,0.0
2022-06-21,Shorts,0.0
2022-06-22,Shorts,1.0
2022-06-23,Shorts,1.0
2022-06-24,Shorts,2.0
2022-06-25,Shorts,1.0
2022-06-26,Shorts,1.0
2022-06-27,Shorts,0.0
2022-06-28,Shorts,0.0
2022-06-29,Shorts,2.0
2022-06-30,Shorts,0.0
2022-07-01,Shorts,0.0
2022-07-02,Shorts,1.0
2022-07-03,Shorts,0.0
2022-07-04,Shorts,1.0
2022-07-05,Shorts,1.0
2022-07-06,Shorts,0.0
2022-07-07,Shorts,0.0
2022-07-08,Shorts,2.0
2022-07-09,Shorts,0.0
2022-07-10,Shorts,0.0
2022-07-11,Shorts,0.0
2022-07-12,Shorts,3.0
2022-07-13,Shorts,0.0
2022-07-14,Shorts,1.0
2022-07-15,Shorts,0.0
2022-07-16,Shorts,1.0
2022-07-17,Shorts,2.0
2022-07-18,Shorts,2.0
2022-07-19,Shorts,3.0
2022-07-20,Shorts,0.0
2022-07-21,Shorts,0.0
2022-07-22,Shorts,0.0
2022-07-23,Shorts,0.0
2022-07-24,Shorts,0.0
2022-07-25,Shorts,2.0
2022-07-26,Shorts,0.0
2022-07-27,Shorts,1.0
2022-07-28,Shorts,0.0
2022-07-29,Shorts,0.0
2022-07-30,Shorts,0.0
2022-07-31,Shorts,0.0
2022-08-01,Shorts,2.0
2022-08-02,Shorts,0.0
2022-08-03,Shorts,0.0
2022-08-04,Shorts,0.0
2022-08-05,Shorts,1.0
2022-08-06,Shorts,0.0
2022-08-07,Shorts,0.0
2022-08-08,Shorts,1.0
2022-08-09,Shorts,2.0
2022-08-10,Shorts,0.0
2022-08-11,Shorts,0.0
2022-08-12,Shorts,1.0
2022-08-13,Shorts,1.0
2022-08-14,Shorts,0.0
2022-08-15,Shorts,4.0
2022-08-16,Shorts,0.0
2022-08-17,Shorts,4.0
2022-08-18,Shorts,1.0
2022-08-19,Shorts,1.0
2022-08-20,Shorts,2.0
2022-08-21,Shorts,0.0
2022-08-22,Shorts,1.0
2022-08-23,Shorts,1.0
2022-08-24,Shorts,0.0
2022-08-25,Shorts,1.0
2022-08-26,Shorts,0.0
2022-08-27,Shorts,1.0
2022-08-28,Shorts,0.0
2022-08-29,Shorts,0.0
2022-08-30,Shorts,1.0
2022-08-31,Shorts,0.0
2022-09-01,Shorts,0.0
2022-09-02,Shorts,1.0
2022-09-03,Shorts,1.0
2022-09-04,Shorts,0.0
2022-09-05,Shorts,0.0
2022-09-06,Shorts,1.0
2022-09-07,Shorts,1.0
2022-09-08,Shorts,3.0
2022-09-09,Shorts,0.0
2022-09-10,Shorts,2.0
2022-09-11,Shorts,1.0
2022-09-12,Shorts,1.0
2022-09-13,Shorts,0.0
2022-09-14,Shorts,1.0
2022-09-15,Shorts,0.0
2022-09-16,Shorts,0.0
2022-09-17,Shorts,1.0
2022-09-18,Shorts,0.0
2022-09-19,Shorts,1.0
2022-09-20,Shorts,1.0
2022-09-21,Shorts,1.0
2022-09-22,Shorts,1.0
2022-09-23,Shorts,0.0
2022-09-24,Shorts,1.0
2022-09-25,Shorts,1.0
2022-09-26,Shorts,1.0
2022-09-27,Shorts,1.0
2022-09-28,Shorts,0.0
2022-09-29,Shorts,0.0
2022-09-30,Shorts,0.0
2022-10-01,Shorts,0.0
2022-10-02,Shorts,0.0
2022-10-03,Shorts,0.0
2022-10-04,Shorts,0.0
2022-10-05,Shorts,0.0
2022-10-06,Shorts,1.0
2022-10-07,Shorts,3.0
2022-10-08,Shorts,0.0
2022-10-09,Shorts,0.0
2022-10-10,Shorts,0.0
2022-10-11,Shorts,0.0
2022-10-12,Shorts,1.0
2022-10-13,Shorts,2.0
2022-10-14,Shorts,1.0
2022-10-15,Shorts,0.0
2022-10-16,Shorts,1.0
2022-10-17,Shorts,1.0
2022-10-18,Shorts,0.0
2022-10-19,Shorts,0.0
2022-10-20,Shorts,0.0
2022-10-21,Shorts,0.0
2022-10-22,Shorts,2.0
2022-10-23,Shorts,2.0
2022-10-24,Shorts,0.0
2022-10-25,Shorts,0.0
2022-10-26,Shorts,0.0
2022-10-27,Shorts,0.0
2022-10-28,Shorts,2.0
2022-10-29,Shorts,0.0
2022-10-30,Shorts,1.0
2022-10-31,Shorts,1.0
2022-11-01,Shorts,0.0
2022-11-02,Shorts,1.0
2022-11-03,Shorts,0.0
2022-11-04,Shorts,0.0
2022-11-05,Shorts,0.0
2022-11-06,Shorts,0.0
2022-11-07,Shorts,1.0
2022-11-08,Shorts,0.0
2022-11-09,Shorts,0.0
2022-11-10,Shorts,0.0
2022-11-11,Shorts,2.0
2022-11-12,Shorts,0.0
2022-11-13,Shorts,3.0
2022-11-14,Shorts,1.0
2022-11-15,Shorts,0.0
2022-11-16,Shorts,1.0
2022-11-17,Shorts,0.0
2022-11-18,Shorts,3.0
2022-11-19,Shorts,1.0
2022-11-20,Shorts,0.0
2022-11-21,Shorts,1.0
2022-11-22,Shorts,3.0
2022-11-23,Shorts,2.0
2022-11-24,Shorts,1.0
2022-11-25,Shorts,1.0
2022-11-26,Shorts,2.0
2022-11-27,Shorts,1.0
2022-11-28,Shorts,0.0
2022-11-29,Shorts,0.0
2022-11-30,Shorts,0.0
2022-12-01,Shorts,0.0
2022-12-02,Shorts,1.0
2022-12-03,Shorts,4.0
2022-12-04,Shorts,1.0
2022-12-05,Shorts,1.0
2022-12-06,Shorts,1.0
2022-12-07,Shorts,0.0
2022-12-08,Shorts,2.0
2022-12-09,Shorts,0.0
2022-12-10,Shorts,0.0
2022-12-11,Shorts,1.0
2022-12-12,Shorts,0.0
2022-12-13,Shorts,1.0
2022-12-14,Shorts,0.0
2022-12-15,Shorts,2.0
2022-12-16,Shorts,0.0
2022-12-17,Shorts,1.0
2022-12-18,Shorts,1.0
2022-12-19,Shorts,1.0
2022-12-20,Shorts,0.0
2022-12-21,Shorts,1.0
2022-12-22,Shorts,0.0
2022-12-23,Shorts,0.0
2022-12-24,Shorts,1.0
2022-12-25,Shorts,0.0
2022-12-26,Shorts,0.0
2022-12-27,Shorts,0.0
2022-12-28,Shorts,2.0
2022-12-29,Shorts,1.0
2022-12-30,Shorts,0.0
2022-12-31,Shorts,1.0
2023-01-01,Shorts,0.0
2023-01-02,Shorts,1.0
2023-01-03,Shorts,1.0
2023-01-04,Shorts,0.0
2023-01-05,Shorts,3.0
2023-01-06,Shorts,1.0
2023-01-07,Shorts,0.0
2023-01-08,Shorts,0.0
2023-01-09,Shorts,5.0
2023-01-10,Shorts,0.0
2023-01-11,Shorts,1.0
2023-01-12,Shorts,0.0
2023-01-13,Shorts,0.0
2023-01-14,Shorts,2.0
2023-01-15,Shorts,1.0
2023-01-16,Shorts,0.0
2023-01-17,Shorts,3.0
2023-01-18,Shorts,1.0
2023-01-19,Shorts,1.0
2023-01-20,Shorts,0.0
2023-01-21,Shorts,3.0
2023-01-22,Shorts,0.0
2023-01-23,Shorts,0.0
2023-01-24,Shorts,2.0
2023-01-25,Shorts,0.0
2023-01-26,Shorts,2.0
2023-01-27,Shorts,0.0
2023-01-28,Shorts,0.0
2023-01-29,Shorts,2.0
2023-01-30,Shorts,2.0
2023-01-31,Shorts,1.0
2023-02-01,Shorts,0.0
2023-02-02,Shorts,0.0
2023-02-03,Shorts,0.0
2023-02-04,Shorts,0.0
2023-02-05,Shorts,0.0
2023-02-06,Shorts,1.0
2023-02-07,Shorts,0.0
2023-02-08,Shorts,0.0
2023-02-09,Shorts,0.0
2023-02-10,Shorts,1.0
2023-02-11,Shorts,0.0
2023-02-12,Shorts,0.0
2023-02-13,Shorts,0.0
2023-02-14,Shorts,0.0
2023-02-15,Shorts,0.0
2023-02-16,Shorts,3.0
2023-02-17,Shorts,1.0
2023-02-18,Shorts,0.0
2023-02-19,Shorts,2.0
2023-02-20,Shorts,0.0
2023-02-21,Shorts,0.0
2023-02-22,Shorts,1.0
2023-02-23,Shorts,1.0
2023-02-24,Shorts,0.0
2023-02-25,Shorts,0.0
2023-02-26,Shorts,0.0
2023-02-27,Shorts,1.0
2023-02-28,Shorts,1.0
2023-03-01,Shorts,0.0
2023-03-02,Shorts,0.0
2023-03-03,Shorts,0.0
2023-03-04,Shorts,0.0
2023-03-05,Shorts,1.0
2023-03-06,Shorts,0.0
2023-03-07,Shorts,0.0
2023-03-08,Shorts,2.0
2023-03-09,Shorts,0.0
2023-03-10,Shorts,0.0
2023-03-11,Shorts,0.0
2023-03-12,Shorts,1.0
2023-03-13,Shorts,3.0
2023-03-14,Shorts,1.0
2023-03-15,Shorts,2.0
2023-03-16,Shorts,2.0
2023-03-17,Shorts,2.0
2023-03-18,Shorts,1.0
2023-03-19,Shorts,0.0
2023-03-20,Shorts,1.0
2023-03-21,Shorts,0.0
2023-03-22,Shorts,0.0
2023-03-23,Shorts,2.0
2023-03-24,Shorts,3.0
2023-03-25,Shorts,2.0
2023-03-26,Shorts,1.0
2023-03-27,Shorts,0.0
2023-03-28,Shorts,1.0
2023-03-29,Shorts,3.0
2023-03-30,Shorts,0.0
2023-03-31,Shorts,0.0
2023-04-01,Shorts,2.0
2023-04-02,Shorts,0.0
2023-04-03,Shorts,0.0
2023-04-04,Shorts,3.0
2023-04-05,Shorts,1.0
2023-04-06,Shorts,0.0
2023-04-07,Shorts,0.0
2023-04-08,Shorts,1.0
2023-04-09,Shorts,0.0
2023-04-10,Shorts,0.0
2023-04-11,Shorts,0.0
2023-04-12,Shorts,3.0
2023-04-13,Shorts,0.0
2023-04-14,Shorts,1.0
2023-04-15,Shorts,1.0
2023-04-16,Shorts,0.0
2023-04-17,Shorts,0.0
2023-04-18,Shorts,1.0
2023-04-19,Shorts,2.0
2023-04-20,Shorts,1.0
2023-04-21,Shorts,0.0
2023-04-22,Shorts,2.0
2023-04-23,Shorts,1.0
2023-04-24,Shorts,1.0
2023-04-25,Shorts,1.0
2023-04-26,Shorts,0.0
2023-04-27,Shorts,0.0
2023-04-28,Shorts,0.0
2023-04-29,Shorts,2.0
2023-04-30,Shorts,1.0
2023-05-01,Shorts,0.0
2023-05-02,Shorts,0.0
2023-05-03,Shorts,0.0
2023-05-04,Shorts,1.0
2023-05-05,Shorts,1.0
2023-05-06,Shorts,1.0
2023-05-07,Shorts,0.0
2023-05-08,Shorts,1.0
2023-05-09,Shorts,1.0
2023-05-10,Shorts,0.0
2023-05-11,Shorts,0.0
2023-05-12,Shorts,0.0
2023-05-13,Shorts,0.0
2023-05-14,Shorts,2.0
2023-05-15,Shorts,0.0
2023-05-16,Shorts,0.0
2023-05-17,Shorts,1.0
2023-05-18,Shorts,0.0
2023-05-19,Shorts,0.0
2023-05-20,Shorts,0.0
2023-05-21,Shorts,1.0
2023-05-22,Shorts,0.0
2023-05-23,Shorts,0.0
2023-05-24,Shorts,1.0
2023-05-25,Shorts,1.0
2023-05-26,Shorts,0.0
2023-05-27,Shorts,0.0
2023-05-28,Shorts,0.0
2023-05-29,Shorts,1.0
2023-05-30,Shorts,0.0
2023-05-31,Shorts,0.0
2023-06-01,Shorts,1.0
2023-06-02,Shorts,0.0
2023-06-03,Shorts,4.0
2023-06-04,Shorts,0.0
2023-06-05,Shorts,0.0
2023-06-06,Shorts,0.0
2023-06-07,Shorts,0.0
2023-06-08,Shorts,1.0
2023-06-09,Shorts,0.0
2023-06-10,Shorts,1.0
2023-06-11,Shorts,1.0
2023-06-12,Shorts,0.0
2023-06-13,Shorts,0.0
2023-06-14,Shorts,1.0
2023-06-15,Shorts,1.0
2023-06-16,Shorts,1.0
2023-06-17,Shorts,0.0
2023-06-18,Shorts,1.0
2023-06-19,Shorts,0.0
2023-06-20,Shorts,0.0
2023-06-21,Shorts,0.0
2023-06-22,Shorts,0.0
2023-06-23,Shorts,0.0
2023-06-24,Shorts,1.0
2023-06-25,Shorts,2.0
2023-06-26,Shorts,2.0
2023-06-27,Shorts,2.0
2023-06-28,Shorts,0.0
2023-06-29,Shorts,0.0
2023-06-30,Shorts,1.0
2023-07-01,Shorts,0.0
2023-07-02,Shorts,1.0
2023-07-03,Shorts,0.0
2023-07-04,Shorts,0.0
2023-07-05,Shorts,1.0
2023-07-06,Shorts,1.0
2023-07-07,Shorts,0.0
2023-07-08,Shorts,1.0
2023-07-09,Shorts,2.0
2023-07-10,Shorts,2.0
2023-07-11,Shorts,0.0
2023-07-12,Shorts,1.0
2023-07-13,Shorts,1.0
2023-07-14,Shorts,4.0
2023-07-15,Shorts,0.0
2023-07-16,Shorts,1.0
2023-07-17,Shorts,1.0
2023-07-18,Shorts,1.0
2023-07-19,Shorts,2.0
2023-07-20,Shorts,2.0
2023-07-21,Shorts,0.0
2023-07-22,Shorts,0.0
2023-07-23,Shorts,3.0
2023-07-24,Shorts,0.0
2023-07-25,Shorts,1.0
2023-07-26,Shorts,1.0
2023-07-27,Shorts,0.0
2023-07-28,Shorts,1.0
2023-07-29,Shorts,0.0
2023-07-30,Shorts,2.0
2023-07-31,Shorts,0.0
2023-08-01,Shorts,0.0
2023-08-02,Shorts,1.0
2023-08-03,Shorts,0.0
2023-08-04,Shorts,2.0
2023-08-05,Shorts,0.0
2023-08-06,Shorts,0.0
2023-08-07,Shorts,0.0
2023-08-08,Shorts,0.0
2023-08-09,Shorts,2.0
2023-08-10,Shorts,1.0
2023-08-11,Shorts,0.0
2023-08-12,Shorts,0.0
2023-08-13,Shorts,3.0
2023-08-14,Shorts,1.0
2023-08-15,Shorts,1.0
2023-08-16,Shorts,1.0
2023-08-17,Shorts,1.0
2023-08-18,Shorts,1.0
2023-08-19,Shorts,1.0
2023-08-20,Shorts,1.0
2023-08-21,Shorts,1.0
2023-08-22,Shorts,0.0
2023-08-23,Shorts,0.0
2023-08-24,Shorts,0.0
2023-08-25,Shorts,2.0
2023-08-26,Shorts,1.0
2023-08-27,Shorts,0.0
2023-08-28,Shorts,1.0
2023-08-29,Shorts,0.0
2023-08-30,Shorts,0.0
2023-08-31,Shorts,2.0
2023-09-01,Shorts,0.0
2023-09-02,Shorts,2.0
2023-09-03,Shorts,1.0
2023-09-04,Shorts,2.0
2023-09-05,Shorts,2.0
2023-09-06,Shorts,2.0
2023-09-07,Shorts,0.0
2023-09-08,Shorts,1.0
2023-09-09,Shorts,0.0
2023-09-10,Shorts,1.0
2023-09-11,Shorts,2.0
2023-09-12,Shorts,2.0
2023-09-13,Shorts,0.0
2023-09-14,Shorts,2.0
2023-09-15,Shorts,2.0
2023-09-16,Shorts,0.0
2023-09-17,Shorts,1.0
2023-09-18,Shorts,2.0
2023-09-19,Shorts,2.0
2023-09-20,Shorts,0.0
2023-09-21,Shorts,0.0
2023-09-22,Shorts,0.0
2023-09-23,Shorts,1.0
2023-09-24,Shorts,0.0
2023-09-25,Shorts,2.0
2023-09-26,Shorts,2.0
2023-09-27,Shorts,0.0
2023-09-28,Shorts,1.0
2023-09-29,Shorts,0.0
2023-09-30,Shorts,2.0
2023-10-01,Shorts,0.0
2023-10-02,Shorts,0.0
2023-10-03,Shorts,0.0
2023-10-04,Shorts,2.0
2023-10-05,Shorts,0.0
2023-10-06,Shorts,0.0
2023-10-07,Shorts,0.0
2023-10-08,Shorts,2.0
2023-10-09,Shorts,0.0
2023-10-10,Shorts,0.0
2023-10-11,Shorts,0.0
2023-10-12,Shorts,0.0
2023-10-13,Shorts,0.0
2023-10-14,Shorts,3.0
2023-10-15,Shorts,2.0
2023-10-16,Shorts,0.0
2023-10-17,Shorts,0.0
2023-10-18,Shorts,0.0
2023-10-19,Shorts,0.0
2023-10-20,Shorts,0.0
2023-10-21,Shorts,0.0
2023-10-22,Shorts,0.0
2023-10-23,Shorts,0.0
2023-10-24,Shorts,0.0
2023-10-25,Shorts,2.0
2023-10-26,Shorts,0.0
2023-10-27,Shorts,1.0
2023-10-28,Shorts,0.0
2023-10-29,Shorts,1.0
2023-10-30,Shorts,4.0
2023-10-31,Shorts,0.0
2023-11-01,Shorts,0.0
2023-11-02,Shorts,2.0
2023-11-03,Shorts,0.0
2023-11-04,Shorts,1.0
2023-11-05,Shorts,1.0
2023-11-06,Shorts,2.0
2023-11-07,Shorts,0.0
2023-11-08,Shorts,0.0
2023-11-09,Shorts,1.0
2023-11-10,Shorts,0.0
2023-11-11,Shorts,0.0
2023-11-12,Shorts,0.0
2023-11-13,Shorts,0.0
2023-11-14,Shorts,3.0
2023-11-15,Shorts,2.0
2023-11-16,Shorts,0.0
2023-11-17,Shorts,1.0
2023-11-18,Shorts,0.0
2023-11-19,Shorts,0.0
2023-11-20,Shorts,1.0
2023-11-21,Shorts,0.0
2023-11-22,Shorts,1.0
2023-11-23,Shorts,0.0
2023-11-24,Shorts,0.0
2023-11-25,Shorts,1.0
2023-11-26,Shorts,0.0
2023-11-27,Shorts,0.0
2023-11-28,Shorts,0.0
2023-11-29,Shorts,1.0
2023-11-30,Shorts,0.0
2023-12-01,Shorts,1.0
2023-12-02,Shorts,0.0
2023-12-03,Shorts,0.0
2023-12-04,Shorts,0.0
2023-12-05,Shorts,0.0
2023-12-06,Shorts,0.0
2023-12-07,Shorts,0.0
2023-12-08,Shorts,1.0
2023-12-09,Shorts,0.0
2023-12-10,Shorts,2.0
2023-12-11,Shorts,1.0
2023-12-12,Shorts,1.0
2023-12-13,Shorts,0.0
2023-12-14,Shorts,0.0
2023-12-15,Shorts,2.0
2023-12-16,Shorts,0.0
2023-12-17,Shorts,2.0
2023-12-18,Shorts,0.0
2023-12-19,Shorts,0.0
2023-12-20,Shorts,0.0
2023-12-21,Shorts,0.0
2023-12-22,Shorts,2.0
2023-12-23,Shorts,1.0
2023-12-24,Shorts,0.0
2023-12-25,Shorts,0.0
2023-12-26,Shorts,0.0
2023-12-27,Shorts,0.0
2023-12-28,Shorts,0.0
2023-12-29,Shorts,0.0
2023-12-30,Shorts,4.0
2023-12-31,Shorts,2.0
2024-01-01,Shorts,0.0
2024-01-02,Shorts,0.0
2024-01-03,Shorts,1.0
2024-01-04,Shorts,0.0
2024-01-05,Shorts,1.0
2024-01-06,Shorts,0.0
2024-01-07,Shorts,0.0
2024-01-08,Shorts,0.0
2024-01-09,Shorts,1.0
2024-01-10,Shorts,1.0
2024-01-11,Shorts,0.0
2024-01-12,Shorts,1.0
2024-01-13,Shorts,0.0
2024-01-14,Shorts,1.0
2024-01-15,Shorts,1.0
2024-01-16,Shorts,2.0
2024-01-17,Shorts,0.0
2024-01-18,Shorts,0.0
2024-01-19,Shorts,0.0
2024-01-20,Shorts,1.0
2024-01-21,Shorts,4.0
2024-01-22,Shorts,1.0
2024-01-23,Shorts,1.0
2024-01-24,Shorts,0.0
2024-01-25,Shorts,3.0
2024-01-26,Shorts,1.0
2024-01-27,Shorts,0.0
2024-01-28,Shorts,2.0
2024-01-29,Shorts,2.0
2024-01-30,Shorts,1.0
2024-01-31,Shorts,0.0
2024-02-01,Shorts,0.0
2024-02-02,Shorts,2.0
2024-02-03,Shorts,0.0
2024-02-04,Shorts,0.0
2024-02-05,Shorts,0.0
2024-02-06,Shorts,4.0
2024-02-07,Shorts,1.0
2024-02-08,Shorts,1.0
2024-02-09,Shorts,0.0
2024-02-10,Shorts,0.0
2024-02-11,Shorts,0.0
2024-02-12,Shorts,2.0
2024-02-13,Shorts,0.0
2024-02-14,Shorts,2.0
2024-02-15,Shorts,0.0
2024-02-16,Shorts,0.0
2024-02-17,Shorts,0.0
2024-02-18,Shorts,0.0
2024-02-19,Shorts,0.0
2024-02-20,Shorts,0.0
2024-02-21,Shorts,0.0
2024-02-22,Shorts,0.0
2024-02-23,Shorts,2.0
2024-02-24,Shorts,0.0
2024-02-25,Shorts,0.0
2024-02-26,Shorts,2.0
2024-02-27,Shorts,1.0
2024-02-28,Shorts,1.0
2024-02-29,Shorts,0.0
2024-03-01,Shorts,0.0
2024-03-02,Shorts,0.0
2024-03-03,Shorts,0.0
2024-03-04,Shorts,1.0
2024-03-05,Shorts,1.0
2024-03-06,Shorts,0.0
2024-03-07,Shorts,1.0
2024-03-08,Shorts,0.0
2024-03-09,Shorts,2.0
2024-03-10,Shorts,0.0
2024-03-11,Shorts,1.0
2024-03-12,Shorts,1.0
2024-03-13,Shorts,0.0
2024-03-14,Shorts,1.0
2024-03-15,Shorts,0.0
2024-03-16,Shorts,0.0
2024-03-17,Shorts,0.0
2024-03-18,Shorts,0.0
2024-03-19,Shorts,2.0
2024-03-20,Shorts,4.0
2024-03-21,Shorts,3.0
2024-03-22,Shorts,0.0
2024-03-23,Shorts,0.0
2024-03-24,Shorts,2.0
2024-03-25,Shorts,1.0
2024-03-26,Shorts,2.0
2021-03-28,Sneakers,1.0
2021-03-29,Sneakers,0.0
2021-03-30,Sneakers,0.0
2021-03-31,Sneakers,0.0
2021-04-01,Sneakers,1.0
2021-04-02,Sneakers,0.0
2021-04-03,Sneakers,0.0
2021-04-04,Sneakers,0.0
2021-04-05,Sneakers,1.0
2021-04-06,Sneakers,0.0
2021-04-07,Sneakers,0.0
2021-04-08,Sneakers,0.0
2021-04-09,Sneakers,2.0
2021-04-10,Sneakers,1.0
2021-04-11,Sneakers,0.0
2021-04-12,Sneakers,1.0
2021-04-13,Sneakers,0.0
2021-04-14,Sneakers,0.0
2021-04-15,Sneakers,1.0
2021-04-16,Sneakers,0.0
2021-04-17,Sneakers,2.0
2021-04-18,Sneakers,1.0
2021-04-19,Sneakers,0.0
2021-04-20,Sneakers,0.0
2021-04-21,Sneakers,0.0
2021-04-22,Sneakers,3.0
2021-04-23,Sneakers,1.0
2021-04-24,Sneakers,0.0
2021-04-25,Sneakers,0.0
2021-04-26,Sneakers,0.0
2021-04-27,Sneakers,2.0
2021-04-28,Sneakers,3.0
2021-04-29,Sneakers,0.0
2021-04-30,Sneakers,0.0
2021-05-01,Sneakers,1.0
2021-05-02,Sneakers,1.0
2021-05-03,Sneakers,1.0
2021-05-04,Sneakers,0.0
2021-05-05,Sneakers,2.0
2021-05-06,Sneakers,1.0
2021-05-07,Sneakers,0.0
2021-05-08,Sneakers,1.0
2021-05-09,Sneakers,0.0
2021-05-10,Sneakers,2.0
2021-05-11,Sneakers,3.0
2021-05-12,Sneakers,1.0
2021-05-13,Sneakers,0.0
2021-05-14,Sneakers,0.0
2021-05-15,Sneakers,2.0
2021-05-16,Sneakers,0.0
2021-05-17,Sneakers,0.0
2021-05-18,Sneakers,1.0
2021-05-19,Sneakers,1.0
2021-05-20,Sneakers,3.0
2021-05-21,Sneakers,1.0
2021-05-22,Sneakers,1.0
2021-05-23,Sneakers,1.0
2021-05-24,Sneakers,1.0
2021-05-25,Sneakers,0.0
2021-05-26,Sneakers,0.0
2021-05-27,Sneakers,1.0
2021-05-28,Sneakers,0.0
2021-05-29,Sneakers,0.0
2021-05-30,Sneakers,0.0
2021-05-31,Sneakers,0.0
2021-06-01,Sneakers,0.0
2021-06-02,Sneakers,2.0
2021-06-03,Sneakers,2.0
2021-06-04,Sneakers,0.0
2021-06-05,Sneakers,0.0
2021-06-06,Sneakers,0.0
2021-06-07,Sneakers,2.0
2021-06-08,Sneakers,1.0
2021-06-09,Sneakers,2.0
2021-06-10,Sneakers,1.0
2021-06-11,Sneakers,3.0
2021-06-12,Sneakers,0.0
2021-06-13,Sneakers,0.0
2021-06-14,Sneakers,2.0
2021-06-15,Sneakers,0.0
2021-06-16,Sneakers,0.0
2021-06-17,Sneakers,2.0
2021-06-18,Sneakers,2.0
2021-06-19,Sneakers,1.0
2021-06-20,Sneakers,1.0
2021-06-21,Sneakers,0.0
2021-06-22,Sneakers,1.0
2021-06-23,Sneakers,2.0
2021-06-24,Sneakers,0.0
2021-06-25,Sneakers,1.0
2021-06-26,Sneakers,0.0
2021-06-27,Sneakers,0.0
2021-06-28,Sneakers,0.0
2021-06-29,Sneakers,0.0
2021-06-30,Sneakers,0.0
2021-07-01,Sneakers,0.0
2021-07-02,Sneakers,0.0
2021-07-03,Sneakers,0.0
2021-07-04,Sneakers,0.0
2021-07-05,Sneakers,1.0
2021-07-06,Sneakers,2.0
2021-07-07,Sneakers,0.0
2021-07-08,Sneakers,0.0
2021-07-09,Sneakers,1.0
2021-07-10,Sneakers,0.0
2021-07-11,Sneakers,4.0
2021-07-12,Sneakers,0.0
2021-07-13,Sneakers,0.0
2021-07-14,Sneakers,3.0
2021-07-15,Sneakers,0.0
2021-07-16,Sneakers,1.0
2021-07-17,Sneakers,2.0
2021-07-18,Sneakers,0.0
2021-07-19,Sneakers,1.0
2021-07-20,Sneakers,1.0
2021-07-21,Sneakers,1.0
2021-07-22,Sneakers,3.0
2021-07-23,Sneakers,3.0
2021-07-24,Sneakers,1.0
2021-07-25,Sneakers,1.0
2021-07-26,Sneakers,1.0
2021-07-27,Sneakers,0.0
2021-07-28,Sneakers,1.0
2021-07-29,Sneakers,0.0
2021-07-30,Sneakers,0.0
2021-07-31,Sneakers,1.0
2021-08-01,Sneakers,1.0
2021-08-02,Sneakers,1.0
2021-08-03,Sneakers,1.0
2021-08-04,Sneakers,0.0
2021-08-05,Sneakers,2.0
2021-08-06,Sneakers,0.0
2021-08-07,Sneakers,1.0
2021-08-08,Sneakers,0.0
2021-08-09,Sneakers,0.0
2021-08-10,Sneakers,1.0
2021-08-11,Sneakers,3.0
2021-08-12,Sneakers,1.0
2021-08-13,Sneakers,1.0
2021-08-14,Sneakers,5.0
2021-08-15,Sneakers,1.0
2021-08-16,Sneakers,0.0
2021-08-17,Sneakers,0.0
2021-08-18,Sneakers,1.0
2021-08-19,Sneakers,0.0
2021-08-20,Sneakers,1.0
2021-08-21,Sneakers,0.0
2021-08-22,Sneakers,2.0
2021-08-23,Sneakers,0.0
2021-08-24,Sneakers,0.0
2021-08-25,Sneakers,0.0
2021-08-26,Sneakers,1.0
2021-08-27,Sneakers,2.0
2021-08-28,Sneakers,2.0
2021-08-29,Sneakers,1.0
2021-08-30,Sneakers,1.0
2021-08-31,Sneakers,1.0
2021-09-01,Sneakers,0.0
2021-09-02,Sneakers,1.0
2021-09-03,Sneakers,0.0
2021-09-04,Sneakers,0.0
2021-09-05,Sneakers,2.0
2021-09-06,Sneakers,1.0
2021-09-07,Sneakers,0.0
2021-09-08,Sneakers,0.0
2021-09-09,Sneakers,2.0
2021-09-10,Sneakers,1.0
2021-09-11,Sneakers,0.0
2021-09-12,Sneakers,1.0
2021-09-13,Sneakers,1.0
2021-09-14,Sneakers,1.0
2021-09-15,Sneakers,1.0
2021-09-16,Sneakers,2.0
2021-09-17,Sneakers,0.0
2021-09-18,Sneakers,0.0
2021-09-19,Sneakers,2.0
2021-09-20,Sneakers,1.0
2021-09-21,Sneakers,2.0
2021-09-22,Sneakers,2.0
2021-09-23,Sneakers,1.0
2021-09-24,Sneakers,2.0
2021-09-25,Sneakers,0.0
2021-09-26,Sneakers,0.0
2021-09-27,Sneakers,0.0
2021-09-28,Sneakers,1.0
2021-09-29,Sneakers,0.0
2021-09-30,Sneakers,1.0
2021-10-01,Sneakers,1.0
2021-10-02,Sneakers,2.0
2021-10-03,Sneakers,0.0
2021-10-04,Sneakers,3.0
2021-10-05,Sneakers,3.0
2021-10-06,Sneakers,0.0
2021-10-07,Sneakers,2.0
2021-10-08,Sneakers,1.0
2021-10-09,Sneakers,0.0
2021-10-10,Sneakers,1.0
2021-10-11,Sneakers,0.0
2021-10-12,Sneakers,1.0
2021-10-13,Sneakers,1.0
2021-10-14,Sneakers,0.0
2021-10-15,Sneakers,1.0
2021-10-16,Sneakers,1.0
2021-10-17,Sneakers,1.0
2021-10-18,Sneakers,0.0
2021-10-19,Sneakers,1.0
2021-10-20,Sneakers,0.0
2021-10-21,Sneakers,1.0
2021-10-22,Sneakers,0.0
2021-10-23,Sneakers,1.0
2021-10-24,Sneakers,0.0
2021-10-25,Sneakers,3.0
2021-10-26,Sneakers,0.0
2021-10-27,Sneakers,2.0
2021-10-28,Sneakers,1.0
2021-10-29,Sneakers,2.0
2021-10-30,Sneakers,0.0
2021-10-31,Sneakers,0.0
2021-11-01,Sneakers,0.0
2021-11-02,Sneakers,0.0
2021-11-03,Sneakers,2.0
2021-11-04,Sneakers,1.0
2021-11-05,Sneakers,0.0
2021-11-06,Sneakers,0.0
2021-11-07,Sneakers,0.0
2021-11-08,Sneakers,1.0
2021-11-09,Sneakers,1.0
2021-11-10,Sneakers,0.0
2021-11-11,Sneakers,2.0
2021-11-12,Sneakers,0.0
2021-11-13,Sneakers,1.0
2021-11-14,Sneakers,0.0
2021-11-15,Sneakers,0.0
2021-11-16,Sneakers,0.0
2021-11-17,Sneakers,1.0
2021-11-18,Sneakers,1.0
2021-11-19,Sneakers,0.0
2021-11-20,Sneakers,2.0
2021-11-21,Sneakers,0.0
2021-11-22,Sneakers,1.0
2021-11-23,Sneakers,1.0
2021-11-24,Sneakers,1.0
2021-11-25,Sneakers,1.0
2021-11-26,Sneakers,0.0
2021-11-27,Sneakers,0.0
2021-11-28,Sneakers,0.0
2021-11-29,Sneakers,2.0
2021-11-30,Sneakers,1.0
2021-12-01,Sneakers,0.0
2021-12-02,Sneakers,0.0
2021-12-03,Sneakers,1.0
2021-12-04,Sneakers,0.0
2021-12-05,Sneakers,3.0
2021-12-06,Sneakers,0.0
2021-12-07,Sneakers,0.0
2021-12-08,Sneakers,0.0
2021-12-09,Sneakers,0.0
2021-12-10,Sneakers,0.0
2021-12-11,Sneakers,0.0
2021-12-12,Sneakers,0.0
2021-12-13,Sneakers,0.0
2021-12-14,Sneakers,0.0
2021-12-15,Sneakers,0.0
2021-12-16,Sneakers,0.0
2021-12-17,Sneakers,2.0
2021-12-18,Sneakers,0.0
2021-12-19,Sneakers,1.0
2021-12-20,Sneakers,0.0
2021-12-21,Sneakers,0.0
2021-12-22,Sneakers,3.0
2021-12-23,Sneakers,1.0
2021-12-24,Sneakers,0.0
2021-12-25,Sneakers,3.0
2021-12-26,Sneakers,2.0
2021-12-27,Sneakers,1.0
2021-12-28,Sneakers,0.0
2021-12-29,Sneakers,2.0
2021-12-30,Sneakers,0.0
2021-12-31,Sneakers,0.0
2022-01-01,Sneakers,0.0
2022-01-02,Sneakers,2.0
2022-01-03,Sneakers,2.0
2022-01-04,Sneakers,1.0
2022-01-05,Sneakers,1.0
2022-01-06,Sneakers,1.0
2022-01-07,Sneakers,2.0
2022-01-08,Sneakers,2.0
2022-01-09,Sneakers,2.0
2022-01-10,Sneakers,1.0
2022-01-11,Sneakers,0.0
2022-01-12,Sneakers,0.0
2022-01-13,Sneakers,0.0
2022-01-14,Sneakers,0.0
2022-01-15,Sneakers,2.0
2022-01-16,Sneakers,0.0
2022-01-17,Sneakers,1.0
2022-01-18,Sneakers,2.0
2022-01-19,Sneakers,0.0
2022-01-20,Sneakers,0.0
2022-01-21,Sneakers,0.0
2022-01-22,Sneakers,1.0
2022-01-23,Sneakers,3.0
2022-01-24,Sneakers,0.0
2022-01-25,Sneakers,0.0
2022-01-26,Sneakers,0.0
2022-01-27,Sneakers,3.0
2022-01-28,Sneakers,3.0
2022-01-29,Sneakers,0.0
2022-01-30,Sneakers,0.0
2022-01-31,Sneakers,2.0
2022-02-01,Sneakers,0.0
2022-02-02,Sneakers,0.0
2022-02-03,Sneakers,1.0
2022-02-04,Sneakers,1.0
2022-02-05,Sneakers,0.0
2022-02-06,Sneakers,1.0
2022-02-07,Sneakers,3.0
2022-02-08,Sneakers,0.0
2022-02-09,Sneakers,0.0
2022-02-10,Sneakers,1.0
2022-02-11,Sneakers,1.0
2022-02-12,Sneakers,0.0
2022-02-13,Sneakers,1.0
2022-02-14,Sneakers,2.0
2022-02-15,Sneakers,0.0
2022-02-16,Sneakers,1.0
2022-02-17,Sneakers,0.0
2022-02-18,Sneakers,1.0
2022-02-19,Sneakers,0.0
2022-02-20,Sneakers,1.0
2022-02-21,Sneakers,0.0
2022-02-22,Sneakers,1.0
2022-02-23,Sneakers,0.0
2022-02-24,Sneakers,0.0
2022-02-25,Sneakers,0.0
2022-02-26,Sneakers,1.0
2022-02-27,Sneakers,0.0
2022-02-28,Sneakers,0.0
2022-03-01,Sneakers,1.0
2022-03-02,Sneakers,0.0
2022-03-03,Sneakers,1.0
2022-03-04,Sneakers,0.0
2022-03-05,Sneakers,1.0
2022-03-06,Sneakers,0.0
2022-03-07,Sneakers,0.0
2022-03-08,Sneakers,0.0
2022-03-09,Sneakers,1.0
2022-03-10,Sneakers,0.0
2022-03-11,Sneakers,0.0
2022-03-12,Sneakers,0.0
2022-03-13,Sneakers,0.0
2022-03-14,Sneakers,2.0
2022-03-15,Sneakers,0.0
2022-03-16,Sneakers,0.0
2022-03-17,Sneakers,0.0
2022-03-18,Sneakers,2.0
2022-03-19,Sneakers,1.0
2022-03-20,Sneakers,1.0
2022-03-21,Sneakers,2.0
2022-03-22,Sneakers,3.0
2022-03-23,Sneakers,0.0
2022-03-24,Sneakers,0.0
2022-03-25,Sneakers,2.0
2022-03-26,Sneakers,2.0
2022-03-27,Sneakers,0.0
2022-03-28,Sneakers,2.0
2022-03-29,Sneakers,2.0
2022-03-30,Sneakers,1.0
2022-03-31,Sneakers,0.0
2022-04-01,Sneakers,1.0
2022-04-02,Sneakers,1.0
2022-04-03,Sneakers,1.0
2022-04-04,Sneakers,1.0
2022-04-05,Sneakers,0.0
2022-04-06,Sneakers,0.0
2022-04-07,Sneakers,0.0
2022-04-08,Sneakers,0.0
2022-04-09,Sneakers,0.0
2022-04-10,Sneakers,1.0
2022-04-11,Sneakers,1.0
2022-04-12,Sneakers,0.0
2022-04-13,Sneakers,0.0
2022-04-14,Sneakers,3.0
2022-04-15,Sneakers,3.0
2022-04-16,Sneakers,0.0
2022-04-17,Sneakers,0.0
2022-04-18,Sneakers,0.0
2022-04-19,Sneakers,1.0
2022-04-20,Sneakers,0.0
2022-04-21,Sneakers,2.0
2022-04-22,Sneakers,0.0
2022-04-23,Sneakers,1.0
2022-04-24,Sneakers,1.0
2022-04-25,Sneakers,2.0
2022-04-26,Sneakers,0.0
2022-04-27,Sneakers,3.0
2022-04-28,Sneakers,0.0
2022-04-29,Sneakers,1.0
2022-04-30,Sneakers,0.0
2022-05-01,Sneakers,0.0
2022-05-02,Sneakers,2.0
2022-05-03,Sneakers,1.0
2022-05-04,Sneakers,1.0
2022-05-05,Sneakers,0.0
2022-05-06,Sneakers,3.0
2022-05-07,Sneakers,0.0
2022-05-08,Sneakers,1.0
2022-05-09,Sneakers,1.0
2022-05-10,Sneakers,1.0
2022-05-11,Sneakers,1.0
2022-05-12,Sneakers,0.0
2022-05-13,Sneakers,1.0
2022-05-14,Sneakers,0.0
2022-05-15,Sneakers,1.0
2022-05-16,Sneakers,0.0
2022-05-17,Sneakers,1.0
2022-05-18,Sneakers,0.0
2022-05-19,Sneakers,1.0
2022-05-20,Sneakers,0.0
2022-05-21,Sneakers,1.0
2022-05-22,Sneakers,2.0
2022-05-23,Sneakers,4.0
2022-05-24,Sneakers,1.0
2022-05-25,Sneakers,0.0
2022-05-26,Sneakers,1.0
2022-05-27,Sneakers,1.0
2022-05-28,Sneakers,2.0
2022-05-29,Sneakers,0.0
2022-05-30,Sneakers,2.0
2022-05-31,Sneakers,0.0
2022-06-01,Sneakers,0.0
2022-06-02,Sneakers,0.0
2022-06-03,Sneakers,1.0
2022-06-04,Sneakers,0.0
2022-06-05,Sneakers,1.0
2022-06-06,Sneakers,0.0
2022-06-07,Sneakers,0.0
2022-06-08,Sneakers,0.0
2022-06-09,Sneakers,1.0
2022-06-10,Sneakers,0.0
2022-06-11,Sneakers,1.0
2022-06-12,Sneakers,4.0
2022-06-13,Sneakers,0.0
2022-06-14,Sneakers,0.0
2022-06-15,Sneakers,0.0
2022-06-16,Sneakers,2.0
2022-06-17,Sneakers,1.0
2022-06-18,Sneakers,1.0
2022-06-19,Sneakers,0.0
2022-06-20,Sneakers,0.0
2022-06-21,Sneakers,0.0
2022-06-22,Sneakers,2.0
2022-06-23,Sneakers,0.0
2022-06-24,Sneakers,0.0
2022-06-25,Sneakers,2.0
2022-06-26,Sneakers,0.0
2022-06-27,Sneakers,3.0
2022-06-28,Sneakers,0.0
2022-06-29,Sneakers,0.0
2022-06-30,Sneakers,3.0
2022-07-01,Sneakers,3.0
2022-07-02,Sneakers,0.0
2022-07-03,Sneakers,0.0
2022-07-04,Sneakers,0.0
2022-07-05,Sneakers,1.0
2022-07-06,Sneakers,2.0
2022-07-07,Sneakers,0.0
2022-07-08,Sneakers,1.0
2022-07-09,Sneakers,1.0
2022-07-10,Sneakers,1.0
2022-07-11,Sneakers,2.0
2022-07-12,Sneakers,0.0
2022-07-13,Sneakers,0.0
2022-07-14,Sneakers,2.0
2022-07-15,Sneakers,0.0
2022-07-16,Sneakers,0.0
2022-07-17,Sneakers,1.0
2022-07-18,Sneakers,0.0
2022-07-19,Sneakers,0.0
2022-07-20,Sneakers,2.0
2022-07-21,Sneakers,0.0
2022-07-22,Sneakers,0.0
2022-07-23,Sneakers,0.0
2022-07-24,Sneakers,0.0
2022-07-25,Sneakers,0.0
2022-07-26,Sneakers,1.0
2022-07-27,Sneakers,0.0
2022-07-28,Sneakers,3.0
2022-07-29,Sneakers,0.0
2022-07-30,Sneakers,1.0
2022-07-31,Sneakers,1.0
2022-08-01,Sneakers,0.0
2022-08-02,Sneakers,0.0
2022-08-03,Sneakers,0.0
2022-08-04,Sneakers,2.0
2022-08-05,Sneakers,0.0
2022-08-06,Sneakers,0.0
2022-08-07,Sneakers,1.0
2022-08-08,Sneakers,2.0
2022-08-09,Sneakers,2.0
2022-08-10,Sneakers,0.0
2022-08-11,Sneakers,2.0
2022-08-12,Sneakers,2.0
2022-08-13,Sneakers,1.0
2022-08-14,Sneakers,3.0
2022-08-15,Sneakers,0.0
2022-08-16,Sneakers,1.0
2022-08-17,Sneakers,2.0
2022-08-18,Sneakers,2.0
2022-08-19,Sneakers,0.0
2022-08-20,Sneakers,1.0
2022-08-21,Sneakers,2.0
2022-08-22,Sneakers,0.0
2022-08-23,Sneakers,0.0
2022-08-24,Sneakers,1.0
2022-08-25,Sneakers,0.0
2022-08-26,Sneakers,0.0
2022-08-27,Sneakers,1.0
2022-08-28,Sneakers,0.0
2022-08-29,Sneakers,2.0
2022-08-30,Sneakers,2.0
2022-08-31,Sneakers,0.0
2022-09-01,Sneakers,0.0
2022-09-02,Sneakers,0.0
2022-09-03,Sneakers,0.0
2022-09-04,Sneakers,0.0
2022-09-05,Sneakers,0.0
2022-09-06,Sneakers,3.0
2022-09-07,Sneakers,2.0
2022-09-08,Sneakers,0.0
2022-09-09,Sneakers,0.0
2022-09-10,Sneakers,0.0
2022-09-11,Sneakers,0.0
2022-09-12,Sneakers,1.0
2022-09-13,Sneakers,0.0
2022-09-14,Sneakers,0.0
2022-09-15,Sneakers,0.0
2022-09-16,Sneakers,1.0
2022-09-17,Sneakers,0.0
2022-09-18,Sneakers,0.0
2022-09-19,Sneakers,2.0
2022-09-20,Sneakers,1.0
2022-09-21,Sneakers,0.0
2022-09-22,Sneakers,0.0
2022-09-23,Sneakers,1.0
2022-09-24,Sneakers,4.0
2022-09-25,Sneakers,1.0
2022-09-26,Sneakers,0.0
2022-09-27,Sneakers,1.0
2022-09-28,Sneakers,1.0
2022-09-29,Sneakers,0.0
2022-09-30,Sneakers,2.0
2022-10-01,Sneakers,0.0
2022-10-02,Sneakers,2.0
2022-10-03,Sneakers,1.0
2022-10-04,Sneakers,2.0
2022-10-05,Sneakers,1.0
2022-10-06,Sneakers,0.0
2022-10-07,Sneakers,1.0
2022-10-08,Sneakers,2.0
2022-10-09,Sneakers,1.0
2022-10-10,Sneakers,0.0
2022-10-11,Sneakers,0.0
2022-10-12,Sneakers,0.0
2022-10-13,Sneakers,0.0
2022-10-14,Sneakers,0.0
2022-10-15,Sneakers,0.0
2022-10-16,Sneakers,1.0
2022-10-17,Sneakers,0.0
2022-10-18,Sneakers,2.0
2022-10-19,Sneakers,2.0
2022-10-20,Sneakers,0.0
2022-10-21,Sneakers,2.0
2022-10-22,Sneakers,1.0
2022-10-23,Sneakers,0.0
2022-10-24,Sneakers,0.0
2022-10-25,Sneakers,2.0
2022-10-26,Sneakers,0.0
2022-10-27,Sneakers,0.0
2022-10-28,Sneakers,0.0
2022-10-29,Sneakers,1.0
2022-10-30,Sneakers,2.0
2022-10-31,Sneakers,0.0
2022-11-01,Sneakers,0.0
2022-11-02,Sneakers,1.0
2022-11-03,Sneakers,0.0
2022-11-04,Sneakers,0.0
2022-11-05,Sneakers,0.0
2022-11-06,Sneakers,0.0
2022-11-07,Sneakers,0.0
2022-11-08,Sneakers,1.0
2022-11-09,Sneakers,0.0
2022-11-10,Sneakers,1.0
2022-11-11,Sneakers,0.0
2022-11-12,Sneakers,2.0
2022-11-13,Sneakers,2.0
2022-11-14,Sneakers,1.0
2022-11-15,Sneakers,1.0
2022-11-16,Sneakers,1.0
2022-11-17,Sneakers,2.0
2022-11-18,Sneakers,1.0
2022-11-19,Sneakers,0.0
2022-11-20,Sneakers,0.0
2022-11-21,Sneakers,1.0
2022-11-22,Sneakers,1.0
2022-11-23,Sneakers,1.0
2022-11-24,Sneakers,1.0
2022-11-25,Sneakers,0.0
2022-11-26,Sneakers,0.0
2022-11-27,Sneakers,1.0
2022-11-28,Sneakers,2.0
2022-11-29,Sneakers,0.0
2022-11-30,Sneakers,1.0
2022-12-01,Sneakers,0.0
2022-12-02,Sneakers,1.0
2022-12-03,Sneakers,1.0
2022-12-04,Sneakers,2.0
2022-12-05,Sneakers,2.0
2022-12-06,Sneakers,1.0
2022-12-07,Sneakers,1.0
2022-12-08,Sneakers,1.0
2022-12-09,Sneakers,1.0
2022-12-10,Sneakers,1.0
2022-12-11,Sneakers,1.0
2022-12-12,Sneakers,0.0
2022-12-13,Sneakers,1.0
2022-12-14,Sneakers,3.0
2022-12-15,Sneakers,1.0
2022-12-16,Sneakers,0.0
2022-12-17,Sneakers,2.0
2022-12-18,Sneakers,0.0
2022-12-19,Sneakers,2.0
2022-12-20,Sneakers,0.0
2022-12-21,Sneakers,2.0
2022-12-22,Sneakers,1.0
2022-12-23,Sneakers,0.0
2022-12-24,Sneakers,1.0
2022-12-25,Sneakers,0.0
2022-12-26,Sneakers,3.0
2022-12-27,Sneakers,1.0
2022-12-28,Sneakers,0.0
2022-12-29,Sneakers,0.0
2022-12-30,Sneakers,3.0
2022-12-31,Sneakers,0.0
2023-01-01,Sneakers,0.0
2023-01-02,Sneakers,0.0
2023-01-03,Sneakers,0.0
2023-01-04,Sneakers,0.0
2023-01-05,Sneakers,2.0
2023-01-06,Sneakers,1.0
2023-01-07,Sneakers,0.0
2023-01-08,Sneakers,1.0
2023-01-09,Sneakers,2.0
2023-01-10,Sneakers,1.0
2023-01-11,Sneakers,0.0
2023-01-12,Sneakers,0.0
2023-01-13,Sneakers,0.0
2023-01-14,Sneakers,2.0
2023-01-15,Sneakers,1.0
2023-01-16,Sneakers,1.0
2023-01-17,Sneakers,1.0
2023-01-18,Sneakers,1.0
2023-01-19,Sneakers,1.0
2023-01-20,Sneakers,1.0
2023-01-21,Sneakers,0.0
2023-01-22,Sneakers,1.0
2023-01-23,Sneakers,0.0
2023-01-24,Sneakers,1.0
2023-01-25,Sneakers,0.0
2023-01-26,Sneakers,0.0
2023-01-27,Sneakers,0.0
2023-01-28,Sneakers,0.0
2023-01-29,Sneakers,1.0
2023-01-30,Sneakers,2.0
2023-01-31,Sneakers,0.0
2023-02-01,Sneakers,2.0
2023-02-02,Sneakers,1.0
2023-02-03,Sneakers,1.0
2023-02-04,Sneakers,1.0
2023-02-05,Sneakers,1.0
2023-02-06,Sneakers,2.0
2023-02-07,Sneakers,1.0
2023-02-08,Sneakers,1.0
2023-02-09,Sneakers,0.0
2023-02-10,Sneakers,1.0
2023-02-11,Sneakers,1.0
2023-02-12,Sneakers,1.0
2023-02-13,Sneakers,0.0
2023-02-14,Sneakers,2.0
2023-02-15,Sneakers,0.0
2023-02-16,Sneakers,1.0
2023-02-17,Sneakers,2.0
2023-02-18,Sneakers,2.0
2023-02-19,Sneakers,1.0
2023-02-20,Sneakers,0.0
2023-02-21,Sneakers,0.0
2023-02-22,Sneakers,0.0
2023-02-23,Sneakers,1.0
2023-02-24,Sneakers,1.0
2023-02-25,Sneakers,1.0
2023-02-26,Sneakers,0.0
2023-02-27,Sneakers,3.0
2023-02-28,Sneakers,1.0
2023-03-01,Sneakers,1.0
2023-03-02,Sneakers,1.0
2023-03-03,Sneakers,2.0
2023-03-04,Sneakers,0.0
2023-03-05,Sneakers,1.0
2023-03-06,Sneakers,1.0
2023-03-07,Sneakers,1.0
2023-03-08,Sneakers,0.0
2023-03-09,Sneakers,0.0
2023-03-10,Sneakers,0.0
2023-03-11,Sneakers,1.0
2023-03-12,Sneakers,1.0
2023-03-13,Sneakers,3.0
2023-03-14,Sneakers,0.0
2023-03-15,Sneakers,0.0
2023-03-16,Sneakers,1.0
2023-03-17,Sneakers,2.0
2023-03-18,Sneakers,0.0
2023-03-19,Sneakers,0.0
2023-03-20,Sneakers,0.0
2023-03-21,Sneakers,0.0
2023-03-22,Sneakers,0.0
2023-03-23,Sneakers,2.0
2023-03-24,Sneakers,2.0
2023-03-25,Sneakers,0.0
2023-03-26,Sneakers,1.0
2023-03-27,Sneakers,1.0
2023-03-28,Sneakers,1.0
2023-03-29,Sneakers,0.0
2023-03-30,Sneakers,0.0
2023-03-31,Sneakers,0.0
2023-04-01,Sneakers,1.0
2023-04-02,Sneakers,1.0
2023-04-03,Sneakers,1.0
2023-04-04,Sneakers,3.0
2023-04-05,Sneakers,2.0
2023-04-06,Sneakers,1.0
2023-04-07,Sneakers,0.0
2023-04-08,Sneakers,1.0
2023-04-09,Sneakers,1.0
2023-04-10,Sneakers,0.0
2023-04-11,Sneakers,0.0
2023-04-12,Sneakers,0.0
2023-04-13,Sneakers,1.0
2023-04-14,Sneakers,1.0
2023-04-15,Sneakers,1.0
2023-04-16,Sneakers,1.0
2023-04-17,Sneakers,1.0
2023-04-18,Sneakers,0.0
2023-04-19,Sneakers,1.0
2023-04-20,Sneakers,1.0
2023-04-21,Sneakers,0.0
2023-04-22,Sneakers,2.0
2023-04-23,Sneakers,1.0
2023-04-24,Sneakers,0.0
2023-04-25,Sneakers,2.0
2023-04-26,Sneakers,0.0
2023-04-27,Sneakers,0.0
2023-04-28,Sneakers,0.0
2023-04-29,Sneakers,2.0
2023-04-30,Sneakers,1.0
2023-05-01,Sneakers,0.0
2023-05-02,Sneakers,1.0
2023-05-03,Sneakers,0.0
2023-05-04,Sneakers,1.0
2023-05-05,Sneakers,1.0
2023-05-06,Sneakers,2.0
2023-05-07,Sneakers,0.0
2023-05-08,Sneakers,0.0
2023-05-09,Sneakers,1.0
2023-05-10,Sneakers,0.0
2023-05-11,Sneakers,1.0
2023-05-12,Sneakers,0.0
2023-05-13,Sneakers,1.0
2023-05-14,Sneakers,2.0
2023-05-15,Sneakers,0.0
2023-05-16,Sneakers,2.0
2023-05-17,Sneakers,1.0
2023-05-18,Sneakers,1.0
2023-05-19,Sneakers,1.0
2023-05-20,Sneakers,2.0
2023-05-21,Sneakers,3.0
2023-05-22,Sneakers,0.0
2023-05-23,Sneakers,0.0
2023-05-24,Sneakers,1.0
2023-05-25,Sneakers,1.0
2023-05-26,Sneakers,2.0
2023-05-27,Sneakers,1.0
2023-05-28,Sneakers,0.0
2023-05-29,Sneakers,2.0
2023-05-30,Sneakers,0.0
2023-05-31,Sneakers,0.0
2023-06-01,Sneakers,1.0
2023-06-02,Sneakers,0.0
2023-06-03,Sneakers,0.0
2023-06-04,Sneakers,0.0
2023-06-05,Sneakers,1.0
2023-06-06,Sneakers,0.0
2023-06-07,Sneakers,1.0
2023-06-08,Sneakers,1.0
2023-06-09,Sneakers,0.0
2023-06-10,Sneakers,1.0
2023-06-11,Sneakers,1.0
2023-06-12,Sneakers,1.0
2023-06-13,Sneakers,1.0
2023-06-14,Sneakers,0.0
2023-06-15,Sneakers,1.0
2023-06-16,Sneakers,0.0
2023-06-17,Sneakers,3.0
2023-06-18,Sneakers,0.0
2023-06-19,Sneakers,1.0
2023-06-20,Sneakers,0.0
2023-06-21,Sneakers,0.0
2023-06-22,Sneakers,1.0
2023-06-23,Sneakers,1.0
2023-06-24,Sneakers,2.0
2023-06-25,Sneakers,1.0
2023-06-26,Sneakers,1.0
2023-06-27,Sneakers,2.0
2023-06-28,Sneakers,2.0
2023-06-29,Sneakers,2.0
2023-06-30,Sneakers,1.0
2023-07-01,Sneakers,0.0
2023-07-02,Sneakers,1.0
2023-07-03,Sneakers,0.0
2023-07-04,Sneakers,2.0
2023-07-05,Sneakers,1.0
2023-07-06,Sneakers,4.0
2023-07-07,Sneakers,1.0
2023-07-08,Sneakers,1.0
2023-07-09,Sneakers,1.0
2023-07-10,Sneakers,2.0
2023-07-11,Sneakers,0.0
2023-07-12,Sneakers,1.0
2023-07-13,Sneakers,2.0
2023-07-14,Sneakers,1.0
2023-07-15,Sneakers,2.0
2023-07-16,Sneakers,0.0
2023-07-17,Sneakers,1.0
2023-07-18,Sneakers,1.0
2023-07-19,Sneakers,1.0
2023-07-20,Sneakers,2.0
2023-07-21,Sneakers,0.0
2023-07-22,Sneakers,1.0
2023-07-23,Sneakers,3.0
2023-07-24,Sneakers,1.0
2023-07-25,Sneakers,2.0
2023-07-26,Sneakers,1.0
2023-07-27,Sneakers,0.0
2023-07-28,Sneakers,0.0
2023-07-29,Sneakers,0.0
2023-07-30,Sneakers,0.0
2023-07-31,Sneakers,0.0
2023-08-01,Sneakers,0.0
2023-08-02,Sneakers,3.0
2023-08-03,Sneakers,2.0
2023-08-04,Sneakers,0.0
2023-08-05,Sneakers,0.0
2023-08-06,Sneakers,1.0
2023-08-07,Sneakers,1.0
2023-08-08,Sneakers,0.0
2023-08-09,Sneakers,1.0
2023-08-10,Sneakers,0.0
2023-08-11,Sneakers,0.0
2023-08-12,Sneakers,1.0
2023-08-13,Sneakers,1.0
2023-08-14,Sneakers,2.0
2023-08-15,Sneakers,1.0
2023-08-16,Sneakers,0.0
2023-08-17,Sneakers,0.0
2023-08-18,Sneakers,2.0
2023-08-19,Sneakers,1.0
2023-08-20,Sneakers,0.0
2023-08-21,Sneakers,1.0
2023-08-22,Sneakers,0.0
2023-08-23,Sneakers,0.0
2023-08-24,Sneakers,0.0
2023-08-25,Sneakers,2.0
2023-08-26,Sneakers,1.0
2023-08-27,Sneakers,0.0
2023-08-28,Sneakers,0.0
2023-08-29,Sneakers,0.0
2023-08-30,Sneakers,1.0
2023-08-31,Sneakers,1.0
2023-09-01,Sneakers,1.0
2023-09-02,Sneakers,2.0
2023-09-03,Sneakers,2.0
2023-09-04,Sneakers,2.0
2023-09-05,Sneakers,1.0
2023-09-06,Sneakers,2.0
2023-09-07,Sneakers,2.0
2023-09-08,Sneakers,1.0
2023-09-09,Sneakers,0.0
2023-09-10,Sneakers,3.0
2023-09-11,Sneakers,1.0
2023-09-12,Sneakers,1.0
2023-09-13,Sneakers,1.0
2023-09-14,Sneakers,1.0
2023-09-15,Sneakers,1.0
2023-09-16,Sneakers,0.0
2023-09-17,Sneakers,3.0
2023-09-18,Sneakers,1.0
2023-09-19,Sneakers,2.0
2023-09-20,Sneakers,1.0
2023-09-21,Sneakers,0.0
2023-09-22,Sneakers,0.0
2023-09-23,Sneakers,0.0
2023-09-24,Sneakers,0.0
2023-09-25,Sneakers,1.0
2023-09-26,Sneakers,1.0
2023-09-27,Sneakers,2.0
2023-09-28,Sneakers,2.0
2023-09-29,Sneakers,1.0
2023-09-30,Sneakers,1.0
2023-10-01,Sneakers,0.0
2023-10-02,Sneakers,2.0
2023-10-03,Sneakers,1.0
2023-10-04,Sneakers,3.0
2023-10-05,Sneakers,0.0
2023-10-06,Sneakers,0.0
2023-10-07,Sneakers,1.0
2023-10-08,Sneakers,0.0
2023-10-09,Sneakers,2.0
2023-10-10,Sneakers,0.0
2023-10-11,Sneakers,0.0
2023-10-12,Sneakers,1.0
2023-10-13,Sneakers,1.0
2023-10-14,Sneakers,0.0
2023-10-15,Sneakers,0.0
2023-10-16,Sneakers,0.0
2023-10-17,Sneakers,0.0
2023-10-18,Sneakers,0.0
2023-10-19,Sneakers,0.0
2023-10-20,Sneakers,0.0
2023-10-21,Sneakers,0.0
2023-10-22,Sneakers,2.0
2023-10-23,Sneakers,0.0
2023-10-24,Sneakers,0.0
2023-10-25,Sneakers,1.0
2023-10-26,Sneakers,1.0
2023-10-27,Sneakers,1.0
2023-10-28,Sneakers,2.0
2023-10-29,Sneakers,0.0
2023-10-30,Sneakers,1.0
2023-10-31,Sneakers,0.0
2023-11-01,Sneakers,0.0
2023-11-02,Sneakers,0.0
2023-11-03,Sneakers,1.0
2023-11-04,Sneakers,0.0
2023-11-05,Sneakers,0.0
2023-11-06,Sneakers,0.0
2023-11-07,Sneakers,0.0
2023-11-08,Sneakers,1.0
2023-11-09,Sneakers,0.0
2023-11-10,Sneakers,0.0
2023-11-11,Sneakers,0.0
2023-11-12,Sneakers,1.0
2023-11-13,Sneakers,0.0
2023-11-14,Sneakers,1.0
2023-11-15,Sneakers,1.0
2023-11-16,Sneakers,0.0
2023-11-17,Sneakers,0.0
2023-11-18,Sneakers,0.0
2023-11-19,Sneakers,1.0
2023-11-20,Sneakers,0.0
2023-11-21,Sneakers,1.0
2023-11-22,Sneakers,2.0
2023-11-23,Sneakers,1.0
2023-11-24,Sneakers,0.0
2023-11-25,Sneakers,4.0
2023-11-26,Sneakers,0.0
2023-11-27,Sneakers,2.0
2023-11-28,Sneakers,1.0
2023-11-29,Sneakers,1.0
2023-11-30,Sneakers,0.0
2023-12-01,Sneakers,1.0
2023-12-02,Sneakers,0.0
2023-12-03,Sneakers,0.0
2023-12-04,Sneakers,0.0
2023-12-05,Sneakers,0.0
2023-12-06,Sneakers,0.0
2023-12-07,Sneakers,1.0
2023-12-08,Sneakers,1.0
2023-12-09,Sneakers,1.0
2023-12-10,Sneakers,1.0
2023-12-11,Sneakers,2.0
2023-12-12,Sneakers,1.0
2023-12-13,Sneakers,1.0
2023-12-14,Sneakers,0.0
2023-12-15,Sneakers,1.0
2023-12-16,Sneakers,0.0
2023-12-17,Sneakers,0.0
2023-12-18,Sneakers,1.0
2023-12-19,Sneakers,1.0
2023-12-20,Sneakers,1.0
2023-12-21,Sneakers,1.0
2023-12-22,Sneakers,1.0
2023-12-23,Sneakers,0.0
2023-12-24,Sneakers,1.0
2023-12-25,Sneakers,1.0
2023-12-26,Sneakers,0.0
2023-12-27,Sneakers,0.0
2023-12-28,Sneakers,0.0
2023-12-29,Sneakers,0.0
2023-12-30,Sneakers,2.0
2023-12-31,Sneakers,0.0
2024-01-01,Sneakers,0.0
2024-01-02,Sneakers,0.0
2024-01-03,Sneakers,0.0
2024-01-04,Sneakers,0.0
2024-01-05,Sneakers,2.0
2024-01-06,Sneakers,1.0
2024-01-07,Sneakers,1.0
2024-01-08,Sneakers,5.0
2024-01-09,Sneakers,1.0
2024-01-10,Sneakers,0.0
2024-01-11,Sneakers,0.0
2024-01-12,Sneakers,0.0
2024-01-13,Sneakers,0.0
2024-01-14,Sneakers,0.0
2024-01-15,Sneakers,0.0
2024-01-16,Sneakers,3.0
2024-01-17,Sneakers,0.0
2024-01-18,Sneakers,2.0
2024-01-19,Sneakers,0.0
2024-01-20,Sneakers,0.0
2024-01-21,Sneakers,1.0
2024-01-22,Sneakers,3.0
2024-01-23,Sneakers,3.0
2024-01-24,Sneakers,1.0
2024-01-25,Sneakers,2.0
2024-01-26,Sneakers,1.0
2024-01-27,Sneakers,1.0
2024-01-28,Sneakers,1.0
2024-01-29,Sneakers,1.0
2024-01-30,Sneakers,0.0
2024-01-31,Sneakers,0.0
2024-02-01,Sneakers,0.0
2024-02-02,Sneakers,0.0
2024-02-03,Sneakers,1.0
2024-02-04,Sneakers,1.0
2024-02-05,Sneakers,0.0
2024-02-06,Sneakers,1.0
2024-02-07,Sneakers,0.0
2024-02-08,Sneakers,1.0
2024-02-09,Sneakers,2.0
2024-02-10,Sneakers,0.0
2024-02-11,Sneakers,1.0
2024-02-12,Sneakers,0.0
2024-02-13,Sneakers,1.0
2024-02-14,Sneakers,1.0
2024-02-15,Sneakers,0.0
2024-02-16,Sneakers,0.0
2024-02-17,Sneakers,0.0
2024-02-18,Sneakers,2.0
2024-02-19,Sneakers,2.0
2024-02-20,Sneakers,0.0
2024-02-21,Sneakers,0.0
2024-02-22,Sneakers,2.0
2024-02-23,Sneakers,0.0
2024-02-24,Sneakers,1.0
2024-02-25,Sneakers,0.0
2024-02-26,Sneakers,1.0
2024-02-27,Sneakers,1.0
2024-02-28,Sneakers,0.0
2024-02-29,Sneakers,0.0
2024-03-01,Sneakers,1.0
2024-03-02,Sneakers,0.0
2024-03-03,Sneakers,0.0
2024-03-04,Sneakers,2.0
2024-03-05,Sneakers,0.0
2024-03-06,Sneakers,1.0
2024-03-07,Sneakers,1.0
2024-03-08,Sneakers,0.0
2024-03-09,Sneakers,1.0
2024-03-10,Sneakers,0.0
2024-03-11,Sneakers,2.0
2024-03-12,Sneakers,1.0
2024-03-13,Sneakers,1.0
2024-03-14,Sneakers,2.0
2024-03-15,Sneakers,1.0
2024-03-16,Sneakers,0.0
2024-03-17,Sneakers,0.0
2024-03-18,Sneakers,1.0
2024-03-19,Sneakers,0.0
2024-03-20,Sneakers,1.0
2024-03-21,Sneakers,1.0
2024-03-22,Sneakers,0.0
2024-03-23,Sneakers,0.0
2024-03-24,Sneakers,1.0
2024-03-25,Sneakers,0.0
2024-03-26,Sneakers,0.0
2021-03-28,Sweater,1.0
2021-03-29,Sweater,0.0
2021-03-30,Sweater,0.0
2021-03-31,Sweater,0.0
2021-04-01,Sweater,1.0
2021-04-02,Sweater,3.0
2021-04-03,Sweater,1.0
2021-04-04,Sweater,0.0
2021-04-05,Sweater,0.0
2021-04-06,Sweater,1.0
2021-04-07,Sweater,1.0
2021-04-08,Sweater,2.0
2021-04-09,Sweater,2.0
2021-04-10,Sweater,0.0
2021-04-11,Sweater,0.0
2021-04-12,Sweater,4.0
2021-04-13,Sweater,1.0
2021-04-14,Sweater,0.0
2021-04-15,Sweater,2.0
2021-04-16,Sweater,0.0
2021-04-17,Sweater,2.0
2021-04-18,Sweater,0.0
2021-04-19,Sweater,1.0
2021-04-20,Sweater,0.0
2021-04-21,Sweater,2.0
2021-04-22,Sweater,1.0
2021-04-23,Sweater,0.0
2021-04-24,Sweater,0.0
2021-04-25,Sweater,1.0
2021-04-26,Sweater,1.0
2021-04-27,Sweater,2.0
2021-04-28,Sweater,2.0
2021-04-29,Sweater,0.0
2021-04-30,Sweater,0.0
2021-05-01,Sweater,1.0
2021-05-02,Sweater,0.0
2021-05-03,Sweater,0.0
2021-05-04,Sweater,0.0
2021-05-05,Sweater,1.0
2021-05-06,Sweater,0.0
2021-05-07,Sweater,2.0
2021-05-08,Sweater,0.0
2021-05-09,Sweater,2.0
2021-05-10,Sweater,0.0
2021-05-11,Sweater,0.0
2021-05-12,Sweater,0.0
2021-05-13,Sweater,1.0
2021-05-14,Sweater,0.0
2021-05-15,Sweater,0.0
2021-05-16,Sweater,0.0
2021-05-17,Sweater,1.0
2021-05-18,Sweater,0.0
2021-05-19,Sweater,0.0
2021-05-20,Sweater,2.0
2021-05-21,Sweater,0.0
2021-05-22,Sweater,1.0
2021-05-23,Sweater,2.0
2021-05-24,Sweater,0.0
2021-05-25,Sweater,1.0
2021-05-26,Sweater,1.0
2021-05-27,Sweater,1.0
2021-05-28,Sweater,0.0
2021-05-29,Sweater,0.0
2021-05-30,Sweater,0.0
2021-05-31,Sweater,0.0
2021-06-01,Sweater,1.0
2021-06-02,Sweater,0.0
2021-06-03,Sweater,1.0
2021-06-04,Sweater,0.0
2021-06-05,Sweater,2.0
2021-06-06,Sweater,1.0
2021-06-07,Sweater,3.0
2021-06-08,Sweater,1.0
2021-06-09,Sweater,1.0
2021-06-10,Sweater,0.0
2021-06-11,Sweater,0.0
2021-06-12,Sweater,0.0
2021-06-13,Sweater,0.0
2021-06-14,Sweater,1.0
2021-06-15,Sweater,0.0
2021-06-16,Sweater,0.0
2021-06-17,Sweater,0.0
2021-06-18,Sweater,1.0
2021-06-19,Sweater,0.0
2021-06-20,Sweater,0.0
2021-06-21,Sweater,1.0
2021-06-22,Sweater,2.0
2021-06-23,Sweater,0.0
2021-06-24,Sweater,0.0
2021-06-25,Sweater,3.0
2021-06-26,Sweater,1.0
2021-06-27,Sweater,2.0
2021-06-28,Sweater,1.0
2021-06-29,Sweater,0.0
2021-06-30,Sweater,1.0
2021-07-01,Sweater,0.0
2021-07-02,Sweater,0.0
2021-07-03,Sweater,1.0
2021-07-04,Sweater,1.0
2021-07-05,Sweater,0.0
2021-07-06,Sweater,3.0
2021-07-07,Sweater,0.0
2021-07-08,Sweater,1.0
2021-07-09,Sweater,0.0
2021-07-10,Sweater,1.0
2021-07-11,Sweater,0.0
2021-07-12,Sweater,0.0
2021-07-13,Sweater,0.0
2021-07-14,Sweater,0.0
2021-07-15,Sweater,0.0
2021-07-16,Sweater,1.0
2021-07-17,Sweater,1.0
2021-07-18,Sweater,3.0
2021-07-19,Sweater,2.0
2021-07-20,Sweater,1.0
2021-07-21,Sweater,2.0
2021-07-22,Sweater,1.0
2021-07-23,Sweater,0.0
2021-07-24,Sweater,2.0
2021-07-25,Sweater,0.0
2021-07-26,Sweater,1.0
2021-07-27,Sweater,0.0
2021-07-28,Sweater,1.0
2021-07-29,Sweater,0.0
2021-07-30,Sweater,1.0
2021-07-31,Sweater,0.0
2021-08-01,Sweater,1.0
2021-08-02,Sweater,0.0
2021-08-03,Sweater,2.0
2021-08-04,Sweater,0.0
2021-08-05,Sweater,0.0
2021-08-06,Sweater,0.0
2021-08-07,Sweater,1.0
2021-08-08,Sweater,1.0
2021-08-09,Sweater,0.0
2021-08-10,Sweater,0.0
2021-08-11,Sweater,1.0
2021-08-12,Sweater,0.0
2021-08-13,Sweater,0.0
2021-08-14,Sweater,0.0
2021-08-15,Sweater,0.0
2021-08-16,Sweater,0.0
2021-08-17,Sweater,2.0
2021-08-18,Sweater,1.0
2021-08-19,Sweater,0.0
2021-08-20,Sweater,2.0
2021-08-21,Sweater,0.0
2021-08-22,Sweater,0.0
2021-08-23,Sweater,0.0
2021-08-24,Sweater,0.0
2021-08-25,Sweater,0.0
2021-08-26,Sweater,0.0
2021-08-27,Sweater,0.0
2021-08-28,Sweater,1.0
2021-08-29,Sweater,3.0
2021-08-30,Sweater,1.0
2021-08-31,Sweater,0.0
2021-09-01,Sweater,0.0
2021-09-02,Sweater,0.0
2021-09-03,Sweater,0.0
2021-09-04,Sweater,1.0
2021-09-05,Sweater,2.0
2021-09-06,Sweater,1.0
2021-09-07,Sweater,0.0
2021-09-08,Sweater,2.0
2021-09-09,Sweater,1.0
2021-09-10,Sweater,0.0
2021-09-11,Sweater,0.0
2021-09-12,Sweater,0.0
2021-09-13,Sweater,0.0
2021-09-14,Sweater,2.0
2021-09-15,Sweater,1.0
2021-09-16,Sweater,1.0
2021-09-17,Sweater,0.0
2021-09-18,Sweater,1.0
2021-09-19,Sweater,1.0
2021-09-20,Sweater,1.0
2021-09-21,Sweater,1.0
2021-09-22,Sweater,2.0
2021-09-23,Sweater,0.0
2021-09-24,Sweater,0.0
2021-09-25,Sweater,2.0
2021-09-26,Sweater,0.0
2021-09-27,Sweater,1.0
2021-09-28,Sweater,0.0
2021-09-29,Sweater,0.0
2021-09-30,Sweater,1.0
2021-10-01,Sweater,1.0
2021-10-02,Sweater,3.0
2021-10-03,Sweater,0.0
2021-10-04,Sweater,0.0
2021-10-05,Sweater,1.0
2021-10-06,Sweater,0.0
2021-10-07,Sweater,0.0
2021-10-08,Sweater,1.0
2021-10-09,Sweater,2.0
2021-10-10,Sweater,0.0
2021-10-11,Sweater,1.0
2021-10-12,Sweater,1.0
2021-10-13,Sweater,1.0
2021-10-14,Sweater,2.0
2021-10-15,Sweater,0.0
2021-10-16,Sweater,1.0
2021-10-17,Sweater,0.0
2021-10-18,Sweater,0.0
2021-10-19,Sweater,1.0
2021-10-20,Sweater,1.0
2021-10-21,Sweater,1.0
2021-10-22,Sweater,0.0
2021-10-23,Sweater,0.0
2021-10-24,Sweater,1.0
2021-10-25,Sweater,2.0
2021-10-26,Sweater,0.0
2021-10-27,Sweater,3.0
2021-10-28,Sweater,1.0
2021-10-29,Sweater,0.0
2021-10-30,Sweater,0.0
2021-10-31,Sweater,2.0
2021-11-01,Sweater,1.0
2021-11-02,Sweater,2.0
2021-11-03,Sweater,1.0
2021-11-04,Sweater,1.0
2021-11-05,Sweater,0.0
2021-11-06,Sweater,3.0
2021-11-07,Sweater,1.0
2021-11-08,Sweater,0.0
2021-11-09,Sweater,0.0
2021-11-10,Sweater,0.0
2021-11-11,Sweater,2.0
2021-11-12,Sweater,0.0
2021-11-13,Sweater,0.0
2021-11-14,Sweater,0.0
2021-11-15,Sweater,0.0
2021-11-16,Sweater,2.0
2021-11-17,Sweater,0.0
2021-11-18,Sweater,1.0
2021-11-19,Sweater,3.0
2021-11-20,Sweater,1.0
2021-11-21,Sweater,1.0
2021-11-22,Sweater,0.0
2021-11-23,Sweater,0.0
2021-11-24,Sweater,2.0
2021-11-25,Sweater,0.0
2021-11-26,Sweater,0.0
2021-11-27,Sweater,0.0
2021-11-28,Sweater,0.0
2021-11-29,Sweater,3.0
2021-11-30,Sweater,0.0
2021-12-01,Sweater,1.0
2021-12-02,Sweater,1.0
2021-12-03,Sweater,0.0
2021-12-04,Sweater,1.0
2021-12-05,Sweater,4.0
2021-12-06,Sweater,0.0
2021-12-07,Sweater,1.0
2021-12-08,Sweater,1.0
2021-12-09,Sweater,0.0
2021-12-10,Sweater,1.0
2021-12-11,Sweater,0.0
2021-12-12,Sweater,1.0
2021-12-13,Sweater,1.0
2021-12-14,Sweater,2.0
2021-12-15,Sweater,0.0
2021-12-16,Sweater,0.0
2021-12-17,Sweater,0.0
2021-12-18,Sweater,1.0
2021-12-19,Sweater,1.0
2021-12-20,Sweater,1.0
2021-12-21,Sweater,1.0
2021-12-22,Sweater,1.0
2021-12-23,Sweater,1.0
2021-12-24,Sweater,1.0
2021-12-25,Sweater,2.0
2021-12-26,Sweater,1.0
2021-12-27,Sweater,0.0
2021-12-28,Sweater,0.0
2021-12-29,Sweater,0.0
2021-12-30,Sweater,1.0
2021-12-31,Sweater,0.0
2022-01-01,Sweater,2.0
2022-01-02,Sweater,0.0
2022-01-03,Sweater,1.0
2022-01-04,Sweater,3.0
2022-01-05,Sweater,1.0
2022-01-06,Sweater,2.0
2022-01-07,Sweater,2.0
2022-01-08,Sweater,1.0
2022-01-09,Sweater,0.0
2022-01-10,Sweater,0.0
2022-01-11,Sweater,0.0
2022-01-12,Sweater,0.0
2022-01-13,Sweater,1.0
2022-01-14,Sweater,1.0
2022-01-15,Sweater,3.0
2022-01-16,Sweater,3.0
2022-01-17,Sweater,0.0
2022-01-18,Sweater,1.0
2022-01-19,Sweater,1.0
2022-01-20,Sweater,0.0
2022-01-21,Sweater,0.0
2022-01-22,Sweater,0.0
2022-01-23,Sweater,0.0
2022-01-24,Sweater,0.0
2022-01-25,Sweater,0.0
2022-01-26,Sweater,0.0
2022-01-27,Sweater,1.0
2022-01-28,Sweater,1.0
2022-01-29,Sweater,1.0
2022-01-30,Sweater,0.0
2022-01-31,Sweater,1.0
2022-02-01,Sweater,2.0
2022-02-02,Sweater,0.0
2022-02-03,Sweater,1.0
2022-02-04,Sweater,1.0
2022-02-05,Sweater,0.0
2022-02-06,Sweater,0.0
2022-02-07,Sweater,0.0
2022-02-08,Sweater,1.0
2022-02-09,Sweater,0.0
2022-02-10,Sweater,0.0
2022-02-11,Sweater,3.0
2022-02-12,Sweater,0.0
2022-02-13,Sweater,0.0
2022-02-14,Sweater,0.0
2022-02-15,Sweater,2.0
2022-02-16,Sweater,1.0
2022-02-17,Sweater,4.0
2022-02-18,Sweater,1.0
2022-02-19,Sweater,1.0
2022-02-20,Sweater,1.0
2022-02-21,Sweater,0.0
2022-02-22,Sweater,0.0
2022-02-23,Sweater,1.0
2022-02-24,Sweater,0.0
2022-02-25,Sweater,0.0
2022-02-26,Sweater,0.0
2022-02-27,Sweater,0.0
2022-02-28,Sweater,1.0
2022-03-01,Sweater,4.0
2022-03-02,Sweater,1.0
2022-03-03,Sweater,1.0
2022-03-04,Sweater,0.0
2022-03-05,Sweater,0.0
2022-03-06,Sweater,0.0
2022-03-07,Sweater,0.0
2022-03-08,Sweater,0.0
2022-03-09,Sweater,0.0
2022-03-10,Sweater,2.0
2022-03-11,Sweater,0.0
2022-03-12,Sweater,1.0
2022-03-13,Sweater,1.0
2022-03-14,Sweater,0.0
2022-03-15,Sweater,1.0
2022-03-16,Sweater,1.0
2022-03-17,Sweater,0.0
2022-03-18,Sweater,0.0
2022-03-19,Sweater,1.0
2022-03-20,Sweater,2.0
2022-03-21,Sweater,2.0
2022-03-22,Sweater,0.0
2022-03-23,Sweater,0.0
2022-03-24,Sweater,0.0
2022-03-25,Sweater,2.0
2022-03-26,Sweater,0.0
2022-03-27,Sweater,0.0
2022-03-28,Sweater,1.0
2022-03-29,Sweater,0.0
2022-03-30,Sweater,0.0
2022-03-31,Sweater,0.0
2022-04-01,Sweater,1.0
2022-04-02,Sweater,0.0
2022-04-03,Sweater,1.0
2022-04-04,Sweater,1.0
2022-04-05,Sweater,0.0
2022-04-06,Sweater,1.0
2022-04-07,Sweater,2.0
2022-04-08,Sweater,0.0
2022-04-09,Sweater,0.0
2022-04-10,Sweater,2.0
2022-04-11,Sweater,1.0
2022-04-12,Sweater,2.0
2022-04-13,Sweater,0.0
2022-04-14,Sweater,0.0
2022-04-15,Sweater,0.0
2022-04-16,Sweater,0.0
2022-04-17,Sweater,0.0
2022-04-18,Sweater,1.0
2022-04-19,Sweater,1.0
2022-04-20,Sweater,0.0
2022-04-21,Sweater,3.0
2022-04-22,Sweater,1.0
2022-04-23,Sweater,3.0
2022-04-24,Sweater,1.0
2022-04-25,Sweater,1.0
2022-04-26,Sweater,0.0
2022-04-27,Sweater,2.0
2022-04-28,Sweater,0.0
2022-04-29,Sweater,1.0
2022-04-30,Sweater,0.0
2022-05-01,Sweater,0.0
2022-05-02,Sweater,3.0
2022-05-03,Sweater,1.0
2022-05-04,Sweater,2.0
2022-05-05,Sweater,0.0
2022-05-06,Sweater,2.0
2022-05-07,Sweater,0.0
2022-05-08,Sweater,1.0
2022-05-09,Sweater,0.0
2022-05-10,Sweater,0.0
2022-05-11,Sweater,0.0
2022-05-12,Sweater,0.0
2022-05-13,Sweater,0.0
2022-05-14,Sweater,0.0
2022-05-15,Sweater,0.0
2022-05-16,Sweater,0.0
2022-05-17,Sweater,1.0
2022-05-18,Sweater,0.0
2022-05-19,Sweater,0.0
2022-05-20,Sweater,0.0
2022-05-21,Sweater,1.0
2022-05-22,Sweater,0.0
2022-05-23,Sweater,1.0
2022-05-24,Sweater,2.0
2022-05-25,Sweater,0.0
2022-05-26,Sweater,0.0
2022-05-27,Sweater,1.0
2022-05-28,Sweater,1.0
2022-05-29,Sweater,1.0
2022-05-30,Sweater,3.0
2022-05-31,Sweater,0.0
2022-06-01,Sweater,0.0
2022-06-02,Sweater,1.0
2022-06-03,Sweater,3.0
2022-06-04,Sweater,1.0
2022-06-05,Sweater,2.0
2022-06-06,Sweater,0.0
2022-06-07,Sweater,0.0
2022-06-08,Sweater,0.0
2022-06-09,Sweater,1.0
2022-06-10,Sweater,1.0
2022-06-11,Sweater,0.0
2022-06-12,Sweater,2.0
2022-06-13,Sweater,2.0
2022-06-14,Sweater,0.0
2022-06-15,Sweater,1.0
2022-06-16,Sweater,1.0
2022-06-17,Sweater,6.0
2022-06-18,Sweater,0.0
2022-06-19,Sweater,0.0
2022-06-20,Sweater,3.0
2022-06-21,Sweater,0.0
2022-06-22,Sweater,0.0
2022-06-23,Sweater,0.0
2022-06-24,Sweater,0.0
2022-06-25,Sweater,1.0
2022-06-26,Sweater,0.0
2022-06-27,Sweater,1.0
2022-06-28,Sweater,1.0
2022-06-29,Sweater,1.0
2022-06-30,Sweater,0.0
2022-07-01,Sweater,1.0
2022-07-02,Sweater,1.0
2022-07-03,Sweater,3.0
2022-07-04,Sweater,3.0
2022-07-05,Sweater,0.0
2022-07-06,Sweater,3.0
2022-07-07,Sweater,0.0
2022-07-08,Sweater,0.0
2022-07-09,Sweater,2.0
2022-07-10,Sweater,0.0
2022-07-11,Sweater,2.0
2022-07-12,Sweater,1.0
2022-07-13,Sweater,0.0
2022-07-14,Sweater,1.0
2022-07-15,Sweater,0.0
2022-07-16,Sweater,0.0
2022-07-17,Sweater,2.0
2022-07-18,Sweater,0.0
2022-07-19,Sweater,1.0
2022-07-20,Sweater,1.0
2022-07-21,Sweater,1.0
2022-07-22,Sweater,0.0
2022-07-23,Sweater,0.0
2022-07-24,Sweater,0.0
2022-07-25,Sweater,0.0
2022-07-26,Sweater,1.0
2022-07-27,Sweater,1.0
2022-07-28,Sweater,1.0
2022-07-29,Sweater,0.0
2022-07-30,Sweater,2.0
2022-07-31,Sweater,1.0
2022-08-01,Sweater,0.0
2022-08-02,Sweater,0.0
2022-08-03,Sweater,2.0
2022-08-04,Sweater,3.0
2022-08-05,Sweater,2.0
2022-08-06,Sweater,0.0
2022-08-07,Sweater,1.0
2022-08-08,Sweater,0.0
2022-08-09,Sweater,1.0
2022-08-10,Sweater,0.0
2022-08-11,Sweater,0.0
2022-08-12,Sweater,0.0
2022-08-13,Sweater,1.0
2022-08-14,Sweater,0.0
2022-08-15,Sweater,2.0
2022-08-16,Sweater,1.0
2022-08-17,Sweater,3.0
2022-08-18,Sweater,3.0
2022-08-19,Sweater,0.0
2022-08-20,Sweater,2.0
2022-08-21,Sweater,0.0
2022-08-22,Sweater,3.0
2022-08-23,Sweater,1.0
2022-08-24,Sweater,3.0
2022-08-25,Sweater,3.0
2022-08-26,Sweater,0.0
2022-08-27,Sweater,0.0
2022-08-28,Sweater,1.0
2022-08-29,Sweater,0.0
2022-08-30,Sweater,0.0
2022-08-31,Sweater,1.0
2022-09-01,Sweater,3.0
2022-09-02,Sweater,0.0
2022-09-03,Sweater,0.0
2022-09-04,Sweater,0.0
2022-09-05,Sweater,0.0
2022-09-06,Sweater,0.0
2022-09-07,Sweater,2.0
2022-09-08,Sweater,2.0
2022-09-09,Sweater,1.0
2022-09-10,Sweater,0.0
2022-09-11,Sweater,0.0
2022-09-12,Sweater,0.0
2022-09-13,Sweater,0.0
2022-09-14,Sweater,1.0
2022-09-15,Sweater,0.0
2022-09-16,Sweater,1.0
2022-09-17,Sweater,0.0
2022-09-18,Sweater,1.0
2022-09-19,Sweater,1.0
2022-09-20,Sweater,3.0
2022-09-21,Sweater,1.0
2022-09-22,Sweater,0.0
2022-09-23,Sweater,0.0
2022-09-24,Sweater,2.0
2022-09-25,Sweater,3.0
2022-09-26,Sweater,1.0
2022-09-27,Sweater,1.0
2022-09-28,Sweater,1.0
2022-09-29,Sweater,1.0
2022-09-30,Sweater,1.0
2022-10-01,Sweater,2.0
2022-10-02,Sweater,1.0
2022-10-03,Sweater,0.0
2022-10-04,Sweater,0.0
2022-10-05,Sweater,1.0
2022-10-06,Sweater,1.0
2022-10-07,Sweater,1.0
2022-10-08,Sweater,3.0
2022-10-09,Sweater,4.0
2022-10-10,Sweater,0.0
2022-10-11,Sweater,0.0
2022-10-12,Sweater,0.0
2022-10-13,Sweater,1.0
2022-10-14,Sweater,1.0
2022-10-15,Sweater,0.0
2022-10-16,Sweater,0.0
2022-10-17,Sweater,1.0
2022-10-18,Sweater,1.0
2022-10-19,Sweater,0.0
2022-10-20,Sweater,0.0
2022-10-21,Sweater,1.0
2022-10-22,Sweater,0.0
2022-10-23,Sweater,0.0
2022-10-24,Sweater,1.0
2022-10-25,Sweater,0.0
2022-10-26,Sweater,1.0
2022-10-27,Sweater,0.0
2022-10-28,Sweater,1.0
2022-10-29,Sweater,0.0
2022-10-30,Sweater,1.0
2022-10-31,Sweater,0.0
2022-11-01,Sweater,0.0
2022-11-02,Sweater,0.0
2022-11-03,Sweater,1.0
2022-11-04,Sweater,0.0
2022-11-05,Sweater,0.0
2022-11-06,Sweater,0.0
2022-11-07,Sweater,1.0
2022-11-08,Sweater,0.0
2022-11-09,Sweater,1.0
2022-11-10,Sweater,0.0
2022-11-11,Sweater,1.0
2022-11-12,Sweater,0.0
2022-11-13,Sweater,0.0
2022-11-14,Sweater,3.0
2022-11-15,Sweater,1.0
2022-11-16,Sweater,3.0
2022-11-17,Sweater,0.0
2022-11-18,Sweater,0.0
2022-11-19,Sweater,1.0
2022-11-20,Sweater,2.0
2022-11-21,Sweater,0.0
2022-11-22,Sweater,2.0
2022-11-23,Sweater,2.0
2022-11-24,Sweater,1.0
2022-11-25,Sweater,1.0
2022-11-26,Sweater,0.0
2022-11-27,Sweater,1.0
2022-11-28,Sweater,2.0
2022-11-29,Sweater,3.0
2022-11-30,Sweater,0.0
2022-12-01,Sweater,1.0
2022-12-02,Sweater,1.0
2022-12-03,Sweater,0.0
2022-12-04,Sweater,1.0
2022-12-05,Sweater,2.0
2022-12-06,Sweater,2.0
2022-12-07,Sweater,1.0
2022-12-08,Sweater,0.0
2022-12-09,Sweater,1.0
2022-12-10,Sweater,0.0
2022-12-11,Sweater,0.0
2022-12-12,Sweater,0.0
2022-12-13,Sweater,0.0
2022-12-14,Sweater,0.0
2022-12-15,Sweater,0.0
2022-12-16,Sweater,1.0
2022-12-17,Sweater,1.0
2022-12-18,Sweater,0.0
2022-12-19,Sweater,1.0
2022-12-20,Sweater,0.0
2022-12-21,Sweater,0.0
2022-12-22,Sweater,0.0
2022-12-23,Sweater,0.0
2022-12-24,Sweater,0.0
2022-12-25,Sweater,0.0
2022-12-26,Sweater,0.0
2022-12-27,Sweater,0.0
2022-12-28,Sweater,0.0
2022-12-29,Sweater,1.0
2022-12-30,Sweater,0.0
2022-12-31,Sweater,2.0
2023-01-01,Sweater,0.0
2023-01-02,Sweater,0.0
2023-01-03,Sweater,2.0
2023-01-04,Sweater,0.0
2023-01-05,Sweater,0.0
2023-01-06,Sweater,1.0
2023-01-07,Sweater,0.0
2023-01-08,Sweater,1.0
2023-01-09,Sweater,1.0
2023-01-10,Sweater,0.0
2023-01-11,Sweater,0.0
2023-01-12,Sweater,1.0
2023-01-13,Sweater,5.0
2023-01-14,Sweater,1.0
2023-01-15,Sweater,0.0
2023-01-16,Sweater,0.0
2023-01-17,Sweater,3.0
2023-01-18,Sweater,1.0
2023-01-19,Sweater,3.0
2023-01-20,Sweater,0.0
2023-01-21,Sweater,1.0
2023-01-22,Sweater,0.0
2023-01-23,Sweater,0.0
2023-01-24,Sweater,1.0
2023-01-25,Sweater,0.0
2023-01-26,Sweater,0.0
2023-01-27,Sweater,1.0
2023-01-28,Sweater,0.0
2023-01-29,Sweater,0.0
2023-01-30,Sweater,0.0
2023-01-31,Sweater,0.0
2023-02-01,Sweater,1.0
2023-02-02,Sweater,1.0
2023-02-03,Sweater,1.0
2023-02-04,Sweater,2.0
2023-02-05,Sweater,1.0
2023-02-06,Sweater,2.0
2023-02-07,Sweater,1.0
2023-02-08,Sweater,1.0
2023-02-09,Sweater,0.0
2023-02-10,Sweater,2.0
2023-02-11,Sweater,1.0
2023-02-12,Sweater,2.0
2023-02-13,Sweater,2.0
2023-02-14,Sweater,0.0
2023-02-15,Sweater,4.0
2023-02-16,Sweater,1.0
2023-02-17,Sweater,0.0
2023-02-18,Sweater,1.0
2023-02-19,Sweater,1.0
2023-02-20,Sweater,1.0
2023-02-21,Sweater,1.0
2023-02-22,Sweater,1.0
2023-02-23,Sweater,0.0
2023-02-24,Sweater,1.0
2023-02-25,Sweater,0.0
2023-02-26,Sweater,0.0
2023-02-27,Sweater,2.0
2023-02-28,Sweater,2.0
2023-03-01,Sweater,0.0
2023-03-02,Sweater,0.0
2023-03-03,Sweater,1.0
2023-03-04,Sweater,0.0
2023-03-05,Sweater,1.0
2023-03-06,Sweater,1.0
2023-03-07,Sweater,2.0
2023-03-08,Sweater,0.0
2023-03-09,Sweater,1.0
2023-03-10,Sweater,0.0
2023-03-11,Sweater,0.0
2023-03-12,Sweater,0.0
2023-03-13,Sweater,3.0
2023-03-14,Sweater,0.0
2023-03-15,Sweater,0.0
2023-03-16,Sweater,2.0
2023-03-17,Sweater,0.0
2023-03-18,Sweater,1.0
2023-03-19,Sweater,1.0
2023-03-20,Sweater,0.0
2023-03-21,Sweater,1.0
2023-03-22,Sweater,0.0
2023-03-23,Sweater,1.0
2023-03-24,Sweater,0.0
2023-03-25,Sweater,1.0
2023-03-26,Sweater,0.0
2023-03-27,Sweater,0.0
2023-03-28,Sweater,0.0
2023-03-29,Sweater,2.0
2023-03-30,Sweater,0.0
2023-03-31,Sweater,0.0
2023-04-01,Sweater,0.0
2023-04-02,Sweater,0.0
2023-04-03,Sweater,0.0
2023-04-04,Sweater,1.0
2023-04-05,Sweater,0.0
2023-04-06,Sweater,0.0
2023-04-07,Sweater,0.0
2023-04-08,Sweater,2.0
2023-04-09,Sweater,0.0
2023-04-10,Sweater,0.0
2023-04-11,Sweater,0.0
2023-04-12,Sweater,0.0
2023-04-13,Sweater,1.0
2023-04-14,Sweater,2.0
2023-04-15,Sweater,0.0
2023-04-16,Sweater,1.0
2023-04-17,Sweater,1.0
2023-04-18,Sweater,0.0
2023-04-19,Sweater,1.0
2023-04-20,Sweater,1.0
2023-04-21,Sweater,0.0
2023-04-22,Sweater,0.0
2023-04-23,Sweater,0.0
2023-04-24,Sweater,1.0
2023-04-25,Sweater,0.0
2023-04-26,Sweater,1.0
2023-04-27,Sweater,1.0
2023-04-28,Sweater,0.0
2023-04-29,Sweater,3.0
2023-04-30,Sweater,0.0
2023-05-01,Sweater,0.0
2023-05-02,Sweater,0.0
2023-05-03,Sweater,0.0
2023-05-04,Sweater,0.0
2023-05-05,Sweater,0.0
2023-05-06,Sweater,2.0
2023-05-07,Sweater,1.0
2023-05-08,Sweater,1.0
2023-05-09,Sweater,0.0
2023-05-10,Sweater,1.0
2023-05-11,Sweater,0.0
2023-05-12,Sweater,0.0
2023-05-13,Sweater,1.0
2023-05-14,Sweater,1.0
2023-05-15,Sweater,1.0
2023-05-16,Sweater,1.0
2023-05-17,Sweater,2.0
2023-05-18,Sweater,0.0
2023-05-19,Sweater,0.0
2023-05-20,Sweater,0.0
2023-05-21,Sweater,1.0
2023-05-22,Sweater,1.0
2023-05-23,Sweater,0.0
2023-05-24,Sweater,1.0
2023-05-25,Sweater,0.0
2023-05-26,Sweater,0.0
2023-05-27,Sweater,1.0
2023-05-28,Sweater,2.0
2023-05-29,Sweater,0.0
2023-05-30,Sweater,0.0
2023-05-31,Sweater,0.0
2023-06-01,Sweater,0.0
2023-06-02,Sweater,0.0
2023-06-03,Sweater,3.0
2023-06-04,Sweater,2.0
2023-06-05,Sweater,3.0
2023-06-06,Sweater,0.0
2023-06-07,Sweater,1.0
2023-06-08,Sweater,3.0
2023-06-09,Sweater,0.0
2023-06-10,Sweater,0.0
2023-06-11,Sweater,0.0
2023-06-12,Sweater,0.0
2023-06-13,Sweater,0.0
2023-06-14,Sweater,0.0
2023-06-15,Sweater,3.0
2023-06-16,Sweater,0.0
2023-06-17,Sweater,0.0
2023-06-18,Sweater,0.0
2023-06-19,Sweater,0.0
2023-06-20,Sweater,0.0
2023-06-21,Sweater,0.0
2023-06-22,Sweater,0.0
2023-06-23,Sweater,0.0
2023-06-24,Sweater,0.0
2023-06-25,Sweater,3.0
2023-06-26,Sweater,0.0
2023-06-27,Sweater,1.0
2023-06-28,Sweater,2.0
2023-06-29,Sweater,0.0
2023-06-30,Sweater,4.0
2023-07-01,Sweater,1.0
2023-07-02,Sweater,0.0
2023-07-03,Sweater,1.0
2023-07-04,Sweater,0.0
2023-07-05,Sweater,0.0
2023-07-06,Sweater,0.0
2023-07-07,Sweater,0.0
2023-07-08,Sweater,1.0
2023-07-09,Sweater,0.0
2023-07-10,Sweater,1.0
2023-07-11,Sweater,0.0
2023-07-12,Sweater,0.0
2023-07-13,Sweater,0.0
2023-07-14,Sweater,4.0
2023-07-15,Sweater,0.0
2023-07-16,Sweater,1.0
2023-07-17,Sweater,0.0
2023-07-18,Sweater,3.0
2023-07-19,Sweater,3.0
2023-07-20,Sweater,2.0
2023-07-21,Sweater,0.0
2023-07-22,Sweater,0.0
2023-07-23,Sweater,2.0
2023-07-24,Sweater,2.0
2023-07-25,Sweater,1.0
2023-07-26,Sweater,0.0
2023-07-27,Sweater,4.0
2023-07-28,Sweater,3.0
2023-07-29,Sweater,0.0
2023-07-30,Sweater,1.0
2023-07-31,Sweater,1.0
2023-08-01,Sweater,0.0
2023-08-02,Sweater,1.0
2023-08-03,Sweater,1.0
2023-08-04,Sweater,0.0
2023-08-05,Sweater,0.0
2023-08-06,Sweater,1.0
2023-08-07,Sweater,0.0
2023-08-08,Sweater,0.0
2023-08-09,Sweater,1.0
2023-08-10,Sweater,0.0
2023-08-11,Sweater,0.0
2023-08-12,Sweater,1.0
2023-08-13,Sweater,1.0
2023-08-14,Sweater,1.0
2023-08-15,Sweater,1.0
2023-08-16,Sweater,3.0
2023-08-17,Sweater,0.0
2023-08-18,Sweater,1.0
2023-08-19,Sweater,1.0
2023-08-20,Sweater,1.0
2023-08-21,Sweater,2.0
2023-08-22,Sweater,0.0
2023-08-23,Sweater,0.0
2023-08-24,Sweater,1.0
2023-08-25,Sweater,0.0
2023-08-26,Sweater,0.0
2023-08-27,Sweater,0.0
2023-08-28,Sweater,1.0
2023-08-29,Sweater,0.0
2023-08-30,Sweater,1.0
2023-08-31,Sweater,2.0
2023-09-01,Sweater,0.0
2023-09-02,Sweater,1.0
2023-09-03,Sweater,0.0
2023-09-04,Sweater,1.0
2023-09-05,Sweater,0.0
2023-09-06,Sweater,2.0
2023-09-07,Sweater,2.0
2023-09-08,Sweater,1.0
2023-09-09,Sweater,0.0
2023-09-10,Sweater,2.0
2023-09-11,Sweater,1.0
2023-09-12,Sweater,0.0
2023-09-13,Sweater,0.0
2023-09-14,Sweater,0.0
2023-09-15,Sweater,0.0
2023-09-16,Sweater,0.0
2023-09-17,Sweater,2.0
2023-09-18,Sweater,2.0
2023-09-19,Sweater,0.0
2023-09-20,Sweater,2.0
2023-09-21,Sweater,0.0
2023-09-22,Sweater,0.0
2023-09-23,Sweater,0.0
2023-09-24,Sweater,0.0
2023-09-25,Sweater,1.0
2023-09-26,Sweater,0.0
2023-09-27,Sweater,0.0
2023-09-28,Sweater,0.0
2023-09-29,Sweater,1.0
2023-09-30,Sweater,3.0
2023-10-01,Sweater,2.0
2023-10-02,Sweater,2.0
2023-10-03,Sweater,3.0
2023-10-04,Sweater,0.0
2023-10-05,Sweater,0.0
2023-10-06,Sweater,0.0
2023-10-07,Sweater,1.0
2023-10-08,Sweater,2.0
2023-10-09,Sweater,0.0
2023-10-10,Sweater,0.0
2023-10-11,Sweater,1.0
2023-10-12,Sweater,0.0
2023-10-13,Sweater,1.0
2023-10-14,Sweater,1.0
2023-10-15,Sweater,1.0
2023-10-16,Sweater,0.0
2023-10-17,Sweater,0.0
2023-10-18,Sweater,0.0
2023-10-19,Sweater,0.0
2023-10-20,Sweater,0.0
2023-10-21,Sweater,1.0
2023-10-22,Sweater,1.0
2023-10-23,Sweater,1.0
2023-10-24,Sweater,0.0
2023-10-25,Sweater,1.0
2023-10-26,Sweater,0.0
2023-10-27,Sweater,3.0
2023-10-28,Sweater,0.0
2023-10-29,Sweater,0.0
2023-10-30,Sweater,1.0
2023-10-31,Sweater,0.0
2023-11-01,Sweater,0.0
2023-11-02,Sweater,0.0
2023-11-03,Sweater,1.0
2023-11-04,Sweater,0.0
2023-11-05,Sweater,1.0
2023-11-06,Sweater,1.0
2023-11-07,Sweater,2.0
2023-11-08,Sweater,1.0
2023-11-09,Sweater,0.0
2023-11-10,Sweater,0.0
2023-11-11,Sweater,0.0
2023-11-12,Sweater,1.0
2023-11-13,Sweater,0.0
2023-11-14,Sweater,1.0
2023-11-15,Sweater,0.0
2023-11-16,Sweater,0.0
2023-11-17,Sweater,2.0
2023-11-18,Sweater,0.0
2023-11-19,Sweater,2.0
2023-11-20,Sweater,1.0
2023-11-21,Sweater,0.0
2023-11-22,Sweater,0.0
2023-11-23,Sweater,0.0
2023-11-24,Sweater,3.0
2023-11-25,Sweater,1.0
2023-11-26,Sweater,0.0
2023-11-27,Sweater,4.0
2023-11-28,Sweater,3.0
2023-11-29,Sweater,0.0
2023-11-30,Sweater,0.0
2023-12-01,Sweater,1.0
2023-12-02,Sweater,0.0
2023-12-03,Sweater,0.0
2023-12-04,Sweater,1.0
2023-12-05,Sweater,0.0
2023-12-06,Sweater,1.0
2023-12-07,Sweater,2.0
2023-12-08,Sweater,1.0
2023-12-09,Sweater,0.0
2023-12-10,Sweater,1.0
2023-12-11,Sweater,0.0
2023-12-12,Sweater,1.0
2023-12-13,Sweater,0.0
2023-12-14,Sweater,1.0
2023-12-15,Sweater,0.0
2023-12-16,Sweater,0.0
2023-12-17,Sweater,0.0
2023-12-18,Sweater,0.0
2023-12-19,Sweater,0.0
2023-12-20,Sweater,0.0
2023-12-21,Sweater,2.0
2023-12-22,Sweater,0.0
2023-12-23,Sweater,0.0
2023-12-24,Sweater,1.0
2023-12-25,Sweater,0.0
2023-12-26,Sweater,0.0
2023-12-27,Sweater,2.0
2023-12-28,Sweater,1.0
2023-12-29,Sweater,0.0
2023-12-30,Sweater,0.0
2023-12-31,Sweater,0.0
2024-01-01,Sweater,1.0
2024-01-02,Sweater,0.0
2024-01-03,Sweater,0.0
2024-01-04,Sweater,0.0
2024-01-05,Sweater,0.0
2024-01-06,Sweater,0.0
2024-01-07,Sweater,1.0
2024-01-08,Sweater,2.0
2024-01-09,Sweater,0.0
2024-01-10,Sweater,0.0
2024-01-11,Sweater,1.0
2024-01-12,Sweater,1.0
2024-01-13,Sweater,1.0
2024-01-14,Sweater,2.0
2024-01-15,Sweater,0.0
2024-01-16,Sweater,1.0
2024-01-17,Sweater,0.0
2024-01-18,Sweater,1.0
2024-01-19,Sweater,1.0
2024-01-20,Sweater,1.0
2024-01-21,Sweater,2.0
2024-01-22,Sweater,2.0
2024-01-23,Sweater,0.0
2024-01-24,Sweater,0.0
2024-01-25,Sweater,1.0
2024-01-26,Sweater,0.0
2024-01-27,Sweater,3.0
2024-01-28,Sweater,2.0
2024-01-29,Sweater,2.0
2024-01-30,Sweater,1.0
2024-01-31,Sweater,0.0
2024-02-01,Sweater,1.0
2024-02-02,Sweater,1.0
2024-02-03,Sweater,0.0
2024-02-04,Sweater,0.0
2024-02-05,Sweater,0.0
2024-02-06,Sweater,1.0
2024-02-07,Sweater,0.0
2024-02-08,Sweater,1.0
2024-02-09,Sweater,1.0
2024-02-10,Sweater,0.0
2024-02-11,Sweater,1.0
2024-02-12,Sweater,1.0
2024-02-13,Sweater,1.0
2024-02-14,Sweater,0.0
2024-02-15,Sweater,1.0
2024-02-16,Sweater,1.0
2024-02-17,Sweater,0.0
2024-02-18,Sweater,0.0
2024-02-19,Sweater,0.0
2024-02-20,Sweater,0.0
2024-02-21,Sweater,0.0
2024-02-22,Sweater,0.0
2024-02-23,Sweater,0.0
2024-02-24,Sweater,0.0
2024-02-25,Sweater,3.0
2024-02-26,Sweater,2.0
2024-02-27,Sweater,1.0
2024-02-28,Sweater,0.0
2024-02-29,Sweater,0.0
2024-03-01,Sweater,1.0
2024-03-02,Sweater,1.0
2024-03-03,Sweater,0.0
2024-03-04,Sweater,0.0
2024-03-05,Sweater,0.0
2024-03-06,Sweater,1.0
2024-03-07,Sweater,1.0
2024-03-08,Sweater,0.0
2024-03-09,Sweater,0.0
2024-03-10,Sweater,0.0
2024-03-11,Sweater,0.0
2024-03-12,Sweater,3.0
2024-03-13,Sweater,0.0
2024-03-14,Sweater,1.0
2024-03-15,Sweater,0.0
2024-03-16,Sweater,0.0
2024-03-17,Sweater,0.0
2024-03-18,Sweater,2.0
2024-03-19,Sweater,0.0
2024-03-20,Sweater,0.0
2024-03-21,Sweater,0.0
2024-03-22,Sweater,2.0
2024-03-23,Sweater,1.0
2024-03-24,Sweater,1.0
2024-03-25,Sweater,3.0
2024-03-26,Sweater,1.0
2021-03-28,T-Shirt,1.0
2021-03-29,T-Shirt,0.0
2021-03-30,T-Shirt,1.0
2021-03-31,T-Shirt,1.0
2021-04-01,T-Shirt,1.0
2021-04-02,T-Shirt,1.0
2021-04-03,T-Shirt,0.0
2021-04-04,T-Shirt,0.0
2021-04-05,T-Shirt,2.0
2021-04-06,T-Shirt,0.0
2021-04-07,T-Shirt,2.0
2021-04-08,T-Shirt,2.0
2021-04-09,T-Shirt,2.0
2021-04-10,T-Shirt,2.0
2021-04-11,T-Shirt,0.0
2021-04-12,T-Shirt,5.0
2021-04-13,T-Shirt,0.0
2021-04-14,T-Shirt,1.0
2021-04-15,T-Shirt,0.0
2021-04-16,T-Shirt,1.0
2021-04-17,T-Shirt,3.0
2021-04-18,T-Shirt,0.0
2021-04-19,T-Shirt,0.0
2021-04-20,T-Shirt,0.0
2021-04-21,T-Shirt,1.0
2021-04-22,T-Shirt,0.0
2021-04-23,T-Shirt,0.0
2021-04-24,T-Shirt,0.0
2021-04-25,T-Shirt,0.0
2021-04-26,T-Shirt,1.0
2021-04-27,T-Shirt,0.0
2021-04-28,T-Shirt,1.0
2021-04-29,T-Shirt,0.0
2021-04-30,T-Shirt,0.0
2021-05-01,T-Shirt,0.0
2021-05-02,T-Shirt,1.0
2021-05-03,T-Shirt,0.0
2021-05-04,T-Shirt,0.0
2021-05-05,T-Shirt,2.0
2021-05-06,T-Shirt,0.0
2021-05-07,T-Shirt,1.0
2021-05-08,T-Shirt,0.0
2021-05-09,T-Shirt,1.0
2021-05-10,T-Shirt,1.0
2021-05-11,T-Shirt,0.0
2021-05-12,T-Shirt,2.0
2021-05-13,T-Shirt,0.0
2021-05-14,T-Shirt,1.0
2021-05-15,T-Shirt,2.0
2021-05-16,T-Shirt,1.0
2021-05-17,T-Shirt,0.0
2021-05-18,T-Shirt,0.0
2021-05-19,T-Shirt,1.0
2021-05-20,T-Shirt,0.0
2021-05-21,T-Shirt,0.0
2021-05-22,T-Shirt,2.0
2021-05-23,T-Shirt,1.0
2021-05-24,T-Shirt,0.0
2021-05-25,T-Shirt,1.0
2021-05-26,T-Shirt,1.0
2021-05-27,T-Shirt,0.0
2021-05-28,T-Shirt,2.0
2021-05-29,T-Shirt,0.0
2021-05-30,T-Shirt,0.0
2021-05-31,T-Shirt,0.0
2021-06-01,T-Shirt,1.0
2021-06-02,T-Shirt,0.0
2021-06-03,T-Shirt,1.0
2021-06-04,T-Shirt,2.0
2021-06-05,T-Shirt,0.0
2021-06-06,T-Shirt,1.0
2021-06-07,T-Shirt,2.0
2021-06-08,T-Shirt,2.0
2021-06-09,T-Shirt,1.0
2021-06-10,T-Shirt,0.0
2021-06-11,T-Shirt,3.0
2021-06-12,T-Shirt,0.0
2021-06-13,T-Shirt,0.0
2021-06-14,T-Shirt,2.0
2021-06-15,T-Shirt,0.0
2021-06-16,T-Shirt,0.0
2021-06-17,T-Shirt,2.0
2021-06-18,T-Shirt,1.0
2021-06-19,T-Shirt,2.0
2021-06-20,T-Shirt,1.0
2021-06-21,T-Shirt,1.0
2021-06-22,T-Shirt,2.0
2021-06-23,T-Shirt,1.0
2021-06-24,T-Shirt,0.0
2021-06-25,T-Shirt,1.0
2021-06-26,T-Shirt,0.0
2021-06-27,T-Shirt,1.0
2021-06-28,T-Shirt,0.0
2021-06-29,T-Shirt,0.0
2021-06-30,T-Shirt,1.0
2021-07-01,T-Shirt,0.0
2021-07-02,T-Shirt,1.0
2021-07-03,T-Shirt,0.0
2021-07-04,T-Shirt,0.0
2021-07-05,T-Shirt,1.0
2021-07-06,T-Shirt,1.0
2021-07-07,T-Shirt,0.0
2021-07-08,T-Shirt,2.0
2021-07-09,T-Shirt,0.0
2021-07-10,T-Shirt,1.0
2021-07-11,T-Shirt,1.0
2021-07-12,T-Shirt,0.0
2021-07-13,T-Shirt,3.0
2021-07-14,T-Shirt,2.0
2021-07-15,T-Shirt,0.0
2021-07-16,T-Shirt,0.0
2021-07-17,T-Shirt,0.0
2021-07-18,T-Shirt,2.0
2021-07-19,T-Shirt,0.0
2021-07-20,T-Shirt,0.0
2021-07-21,T-Shirt,1.0
2021-07-22,T-Shirt,0.0
2021-07-23,T-Shirt,2.0
2021-07-24,T-Shirt,0.0
2021-07-25,T-Shirt,0.0
2021-07-26,T-Shirt,2.0
2021-07-27,T-Shirt,0.0
2021-07-28,T-Shirt,4.0
2021-07-29,T-Shirt,0.0
2021-07-30,T-Shirt,0.0
2021-07-31,T-Shirt,1.0
2021-08-01,T-Shirt,1.0
2021-08-02,T-Shirt,2.0
2021-08-03,T-Shirt,0.0
2021-08-04,T-Shirt,0.0
2021-08-05,T-Shirt,0.0
2021-08-06,T-Shirt,0.0
2021-08-07,T-Shirt,2.0
2021-08-08,T-Shirt,0.0
2021-08-09,T-Shirt,1.0
2021-08-10,T-Shirt,0.0
2021-08-11,T-Shirt,2.0
2021-08-12,T-Shirt,0.0
2021-08-13,T-Shirt,3.0
2021-08-14,T-Shirt,2.0
2021-08-15,T-Shirt,2.0
2021-08-16,T-Shirt,0.0
2021-08-17,T-Shirt,0.0
2021-08-18,T-Shirt,0.0
2021-08-19,T-Shirt,1.0
2021-08-20,T-Shirt,0.0
2021-08-21,T-Shirt,0.0
2021-08-22,T-Shirt,1.0
2021-08-23,T-Shirt,0.0
2021-08-24,T-Shirt,0.0
2021-08-25,T-Shirt,1.0
2021-08-26,T-Shirt,0.0
2021-08-27,T-Shirt,0.0
2021-08-28,T-Shirt,1.0
2021-08-29,T-Shirt,0.0
2021-08-30,T-Shirt,0.0
2021-08-31,T-Shirt,0.0
2021-09-01,T-Shirt,1.0
2021-09-02,T-Shirt,0.0
2021-09-03,T-Shirt,0.0
2021-09-04,T-Shirt,1.0
2021-09-05,T-Shirt,0.0
2021-09-06,T-Shirt,1.0
2021-09-07,T-Shirt,0.0
2021-09-08,T-Shirt,0.0
2021-09-09,T-Shirt,4.0
2021-09-10,T-Shirt,0.0
2021-09-11,T-Shirt,0.0
2021-09-12,T-Shirt,2.0
2021-09-13,T-Shirt,0.0
2021-09-14,T-Shirt,5.0
2021-09-15,T-Shirt,0.0
2021-09-16,T-Shirt,1.0
2021-09-17,T-Shirt,0.0
2021-09-18,T-Shirt,2.0
2021-09-19,T-Shirt,0.0
2021-09-20,T-Shirt,2.0
2021-09-21,T-Shirt,0.0
2021-09-22,T-Shirt,2.0
2021-09-23,T-Shirt,2.0
2021-09-24,T-Shirt,1.0
2021-09-25,T-Shirt,1.0
2021-09-26,T-Shirt,1.0
2021-09-27,T-Shirt,0.0
2021-09-28,T-Shirt,3.0
2021-09-29,T-Shirt,0.0
2021-09-30,T-Shirt,1.0
2021-10-01,T-Shirt,1.0
2021-10-02,T-Shirt,0.0
2021-10-03,T-Shirt,0.0
2021-10-04,T-Shirt,0.0
2021-10-05,T-Shirt,5.0
2021-10-06,T-Shirt,1.0
2021-10-07,T-Shirt,1.0
2021-10-08,T-Shirt,1.0
2021-10-09,T-Shirt,0.0
2021-10-10,T-Shirt,0.0
2021-10-11,T-Shirt,0.0
2021-10-12,T-Shirt,2.0
2021-10-13,T-Shirt,0.0
2021-10-14,T-Shirt,1.0
2021-10-15,T-Shirt,1.0
2021-10-16,T-Shirt,0.0
2021-10-17,T-Shirt,2.0
2021-10-18,T-Shirt,0.0
2021-10-19,T-Shirt,0.0
2021-10-20,T-Shirt,1.0
2021-10-21,T-Shirt,1.0
2021-10-22,T-Shirt,1.0
2021-10-23,T-Shirt,1.0
2021-10-24,T-Shirt,1.0
2021-10-25,T-Shirt,0.0
2021-10-26,T-Shirt,0.0
2021-10-27,T-Shirt,2.0
2021-10-28,T-Shirt,2.0
2021-10-29,T-Shirt,1.0
2021-10-30,T-Shirt,0.0
2021-10-31,T-Shirt,1.0
2021-11-01,T-Shirt,1.0
2021-11-02,T-Shirt,0.0
2021-11-03,T-Shirt,3.0
2021-11-04,T-Shirt,0.0
2021-11-05,T-Shirt,1.0
2021-11-06,T-Shirt,1.0
2021-11-07,T-Shirt,4.0
2021-11-08,T-Shirt,2.0
2021-11-09,T-Shirt,0.0
2021-11-10,T-Shirt,0.0
2021-11-11,T-Shirt,0.0
2021-11-12,T-Shirt,1.0
2021-11-13,T-Shirt,2.0
2021-11-14,T-Shirt,1.0
2021-11-15,T-Shirt,1.0
2021-11-16,T-Shirt,0.0
2021-11-17,T-Shirt,3.0
2021-11-18,T-Shirt,1.0
2021-11-19,T-Shirt,1.0
2021-11-20,T-Shirt,2.0
2021-11-21,T-Shirt,0.0
2021-11-22,T-Shirt,1.0
2021-11-23,T-Shirt,0.0
2021-11-24,T-Shirt,0.0
2021-11-25,T-Shirt,1.0
2021-11-26,T-Shirt,1.0
2021-11-27,T-Shirt,1.0
2021-11-28,T-Shirt,0.0
2021-11-29,T-Shirt,2.0
2021-11-30,T-Shirt,0.0
2021-12-01,T-Shirt,0.0
2021-12-02,T-Shirt,0.0
2021-12-03,T-Shirt,1.0
2021-12-04,T-Shirt,1.0
2021-12-05,T-Shirt,0.0
2021-12-06,T-Shirt,0.0
2021-12-07,T-Shirt,2.0
2021-12-08,T-Shirt,1.0
2021-12-09,T-Shirt,0.0
2021-12-10,T-Shirt,1.0
2021-12-11,T-Shirt,1.0
2021-12-12,T-Shirt,0.0
2021-12-13,T-Shirt,1.0
2021-12-14,T-Shirt,2.0
2021-12-15,T-Shirt,0.0
2021-12-16,T-Shirt,1.0
2021-12-17,T-Shirt,2.0
2021-12-18,T-Shirt,1.0
2021-12-19,T-Shirt,1.0
2021-12-20,T-Shirt,1.0
2021-12-21,T-Shirt,0.0
2021-12-22,T-Shirt,0.0
2021-12-23,T-Shirt,2.0
2021-12-24,T-Shirt,0.0
2021-12-25,T-Shirt,2.0
2021-12-26,T-Shirt,1.0
2021-12-27,T-Shirt,0.0
2021-12-28,T-Shirt,0.0
2021-12-29,T-Shirt,1.0
2021-12-30,T-Shirt,1.0
2021-12-31,T-Shirt,0.0
2022-01-01,T-Shirt,0.0
2022-01-02,T-Shirt,1.0
2022-01-03,T-Shirt,1.0
2022-01-04,T-Shirt,2.0
2022-01-05,T-Shirt,2.0
2022-01-06,T-Shirt,0.0
2022-01-07,T-Shirt,1.0
2022-01-08,T-Shirt,0.0
2022-01-09,T-Shirt,1.0
2022-01-10,T-Shirt,2.0
2022-01-11,T-Shirt,0.0
2022-01-12,T-Shirt,0.0
2022-01-13,T-Shirt,0.0
2022-01-14,T-Shirt,0.0
2022-01-15,T-Shirt,1.0
2022-01-16,T-Shirt,0.0
2022-01-17,T-Shirt,0.0
2022-01-18,T-Shirt,0.0
2022-01-19,T-Shirt,0.0
2022-01-20,T-Shirt,0.0
2022-01-21,T-Shirt,0.0
2022-01-22,T-Shirt,3.0
2022-01-23,T-Shirt,0.0
2022-01-24,T-Shirt,1.0
2022-01-25,T-Shirt,1.0
2022-01-26,T-Shirt,0.0
2022-01-27,T-Shirt,0.0
2022-01-28,T-Shirt,0.0
2022-01-29,T-Shirt,0.0
2022-01-30,T-Shirt,1.0
2022-01-31,T-Shirt,2.0
2022-02-01,T-Shirt,0.0
2022-02-02,T-Shirt,0.0
2022-02-03,T-Shirt,2.0
2022-02-04,T-Shirt,1.0
2022-02-05,T-Shirt,1.0
2022-02-06,T-Shirt,0.0
2022-02-07,T-Shirt,3.0
2022-02-08,T-Shirt,0.0
2022-02-09,T-Shirt,0.0
2022-02-10,T-Shirt,1.0
2022-02-11,T-Shirt,0.0
2022-02-12,T-Shirt,0.0
2022-02-13,T-Shirt,0.0
2022-02-14,T-Shirt,0.0
2022-02-15,T-Shirt,0.0
2022-02-16,T-Shirt,4.0
2022-02-17,T-Shirt,0.0
2022-02-18,T-Shirt,0.0
2022-02-19,T-Shirt,2.0
2022-02-20,T-Shirt,0.0
2022-02-21,T-Shirt,0.0
2022-02-22,T-Shirt,0.0
2022-02-23,T-Shirt,2.0
2022-02-24,T-Shirt,0.0
2022-02-25,T-Shirt,1.0
2022-02-26,T-Shirt,1.0
2022-02-27,T-Shirt,0.0
2022-02-28,T-Shirt,0.0
2022-03-01,T-Shirt,0.0
2022-03-02,T-Shirt,1.0
2022-03-03,T-Shirt,0.0
2022-03-04,T-Shirt,1.0
2022-03-05,T-Shirt,1.0
2022-03-06,T-Shirt,0.0
2022-03-07,T-Shirt,0.0
2022-03-08,T-Shirt,0.0
2022-03-09,T-Shirt,1.0
2022-03-10,T-Shirt,0.0
2022-03-11,T-Shirt,1.0
2022-03-12,T-Shirt,1.0
2022-03-13,T-Shirt,1.0
2022-03-14,T-Shirt,1.0
2022-03-15,T-Shirt,1.0
2022-03-16,T-Shirt,0.0
2022-03-17,T-Shirt,1.0
2022-03-18,T-Shirt,2.0
2022-03-19,T-Shirt,2.0
2022-03-20,T-Shirt,0.0
2022-03-21,T-Shirt,0.0
2022-03-22,T-Shirt,0.0
2022-03-23,T-Shirt,1.0
2022-03-24,T-Shirt,0.0
2022-03-25,T-Shirt,4.0
2022-03-26,T-Shirt,1.0
2022-03-27,T-Shirt,0.0
2022-03-28,T-Shirt,2.0
2022-03-29,T-Shirt,0.0
2022-03-30,T-Shirt,0.0
2022-03-31,T-Shirt,2.0
2022-04-01,T-Shirt,0.0
2022-04-02,T-Shirt,3.0
2022-04-03,T-Shirt,0.0
2022-04-04,T-Shirt,2.0
2022-04-05,T-Shirt,0.0
2022-04-06,T-Shirt,0.0
2022-04-07,T-Shirt,0.0
2022-04-08,T-Shirt,0.0
2022-04-09,T-Shirt,0.0
2022-04-10,T-Shirt,1.0
2022-04-11,T-Shirt,1.0
2022-04-12,T-Shirt,0.0
2022-04-13,T-Shirt,1.0
2022-04-14,T-Shirt,2.0
2022-04-15,T-Shirt,5.0
2022-04-16,T-Shirt,1.0
2022-04-17,T-Shirt,0.0
2022-04-18,T-Shirt,1.0
2022-04-19,T-Shirt,0.0
2022-04-20,T-Shirt,0.0
2022-04-21,T-Shirt,1.0
2022-04-22,T-Shirt,0.0
2022-04-23,T-Shirt,2.0
2022-04-24,T-Shirt,2.0
2022-04-25,T-Shirt,1.0
2022-04-26,T-Shirt,0.0
2022-04-27,T-Shirt,5.0
2022-04-28,T-Shirt,0.0
2022-04-29,T-Shirt,2.0
2022-04-30,T-Shirt,1.0
2022-05-01,T-Shirt,0.0
2022-05-02,T-Shirt,2.0
2022-05-03,T-Shirt,0.0
2022-05-04,T-Shirt,0.0
2022-05-05,T-Shirt,0.0
2022-05-06,T-Shirt,3.0
2022-05-07,T-Shirt,0.0
2022-05-08,T-Shirt,0.0
2022-05-09,T-Shirt,0.0
2022-05-10,T-Shirt,0.0
2022-05-11,T-Shirt,0.0
2022-05-12,T-Shirt,0.0
2022-05-13,T-Shirt,0.0
2022-05-14,T-Shirt,0.0
2022-05-15,T-Shirt,0.0
2022-05-16,T-Shirt,0.0
2022-05-17,T-Shirt,1.0
2022-05-18,T-Shirt,1.0
2022-05-19,T-Shirt,0.0
2022-05-20,T-Shirt,0.0
2022-05-21,T-Shirt,0.0
2022-05-22,T-Shirt,0.0
2022-05-23,T-Shirt,1.0
2022-05-24,T-Shirt,2.0
2022-05-25,T-Shirt,0.0
2022-05-26,T-Shirt,0.0
2022-05-27,T-Shirt,0.0
2022-05-28,T-Shirt,1.0
2022-05-29,T-Shirt,1.0
2022-05-30,T-Shirt,0.0
2022-05-31,T-Shirt,0.0
2022-06-01,T-Shirt,1.0
2022-06-02,T-Shirt,0.0
2022-06-03,T-Shirt,1.0
2022-06-04,T-Shirt,1.0
2022-06-05,T-Shirt,2.0
2022-06-06,T-Shirt,2.0
2022-06-07,T-Shirt,0.0
2022-06-08,T-Shirt,0.0
2022-06-09,T-Shirt,4.0
2022-06-10,T-Shirt,1.0
2022-06-11,T-Shirt,1.0
2022-06-12,T-Shirt,0.0
2022-06-13,T-Shirt,1.0
2022-06-14,T-Shirt,0.0
2022-06-15,T-Shirt,1.0
2022-06-16,T-Shirt,0.0
2022-06-17,T-Shirt,1.0
2022-06-18,T-Shirt,2.0
2022-06-19,T-Shirt,1.0
2022-06-20,T-Shirt,0.0
2022-06-21,T-Shirt,1.0
2022-06-22,T-Shirt,0.0
2022-06-23,T-Shirt,2.0
2022-06-24,T-Shirt,1.0
2022-06-25,T-Shirt,1.0
2022-06-26,T-Shirt,2.0
2022-06-27,T-Shirt,2.0
2022-06-28,T-Shirt,0.0
2022-06-29,T-Shirt,0.0
2022-06-30,T-Shirt,0.0
2022-07-01,T-Shirt,1.0
2022-07-02,T-Shirt,0.0
2022-07-03,T-Shirt,0.0
2022-07-04,T-Shirt,2.0
2022-07-05,T-Shirt,1.0
2022-07-06,T-Shirt,0.0
2022-07-07,T-Shirt,1.0
2022-07-08,T-Shirt,1.0
2022-07-09,T-Shirt,0.0
2022-07-10,T-Shirt,1.0
2022-07-11,T-Shirt,0.0
2022-07-12,T-Shirt,1.0
2022-07-13,T-Shirt,0.0
2022-07-14,T-Shirt,1.0
2022-07-15,T-Shirt,0.0
2022-07-16,T-Shirt,0.0
2022-07-17,T-Shirt,1.0
2022-07-18,T-Shirt,3.0
2022-07-19,T-Shirt,0.0
2022-07-20,T-Shirt,0.0
2022-07-21,T-Shirt,0.0
2022-07-22,T-Shirt,0.0
2022-07-23,T-Shirt,0.0
2022-07-24,T-Shirt,0.0
2022-07-25,T-Shirt,0.0
2022-07-26,T-Shirt,0.0
2022-07-27,T-Shirt,0.0
2022-07-28,T-Shirt,0.0
2022-07-29,T-Shirt,2.0
2022-07-30,T-Shirt,0.0
2022-07-31,T-Shirt,0.0
2022-08-01,T-Shirt,1.0
2022-08-02,T-Shirt,1.0
2022-08-03,T-Shirt,2.0
2022-08-04,T-Shirt,1.0
2022-08-05,T-Shirt,3.0
2022-08-06,T-Shirt,0.0
2022-08-07,T-Shirt,1.0
2022-08-08,T-Shirt,4.0
2022-08-09,T-Shirt,1.0
2022-08-10,T-Shirt,1.0
2022-08-11,T-Shirt,1.0
2022-08-12,T-Shirt,1.0
2022-08-13,T-Shirt,0.0
2022-08-14,T-Shirt,0.0
2022-08-15,T-Shirt,3.0
2022-08-16,T-Shirt,1.0
2022-08-17,T-Shirt,0.0
2022-08-18,T-Shirt,0.0
2022-08-19,T-Shirt,1.0
2022-08-20,T-Shirt,2.0
2022-08-21,T-Shirt,2.0
2022-08-22,T-Shirt,0.0
2022-08-23,T-Shirt,0.0
2022-08-24,T-Shirt,1.0
2022-08-25,T-Shirt,1.0
2022-08-26,T-Shirt,0.0
2022-08-27,T-Shirt,0.0
2022-08-28,T-Shirt,0.0
2022-08-29,T-Shirt,4.0
2022-08-30,T-Shirt,0.0
2022-08-31,T-Shirt,0.0
2022-09-01,T-Shirt,0.0
2022-09-02,T-Shirt,0.0
2022-09-03,T-Shirt,2.0
2022-09-04,T-Shirt,1.0
2022-09-05,T-Shirt,0.0
2022-09-06,T-Shirt,1.0
2022-09-07,T-Shirt,1.0
2022-09-08,T-Shirt,1.0
2022-09-09,T-Shirt,0.0
2022-09-10,T-Shirt,1.0
2022-09-11,T-Shirt,1.0
2022-09-12,T-Shirt,0.0
2022-09-13,T-Shirt,2.0
2022-09-14,T-Shirt,3.0
2022-09-15,T-Shirt,1.0
2022-09-16,T-Shirt,2.0
2022-09-17,T-Shirt,1.0
2022-09-18,T-Shirt,0.0
2022-09-19,T-Shirt,0.0
2022-09-20,T-Shirt,2.0
2022-09-21,T-Shirt,0.0
2022-09-22,T-Shirt,2.0
2022-09-23,T-Shirt,0.0
2022-09-24,T-Shirt,1.0
2022-09-25,T-Shirt,0.0
2022-09-26,T-Shirt,2.0
2022-09-27,T-Shirt,1.0
2022-09-28,T-Shirt,1.0
2022-09-29,T-Shirt,2.0
2022-09-30,T-Shirt,1.0
2022-10-01,T-Shirt,0.0
2022-10-02,T-Shirt,0.0
2022-10-03,T-Shirt,1.0
2022-10-04,T-Shirt,1.0
2022-10-05,T-Shirt,1.0
2022-10-06,T-Shirt,2.0
2022-10-07,T-Shirt,1.0
2022-10-08,T-Shirt,2.0
2022-10-09,T-Shirt,2.0
2022-10-10,T-Shirt,0.0
2022-10-11,T-Shirt,2.0
2022-10-12,T-Shirt,0.0
2022-10-13,T-Shirt,0.0
2022-10-14,T-Shirt,1.0
2022-10-15,T-Shirt,1.0
2022-10-16,T-Shirt,0.0
2022-10-17,T-Shirt,2.0
2022-10-18,T-Shirt,1.0
2022-10-19,T-Shirt,0.0
2022-10-20,T-Shirt,0.0
2022-10-21,T-Shirt,1.0
2022-10-22,T-Shirt,0.0
2022-10-23,T-Shirt,2.0
2022-10-24,T-Shirt,1.0
2022-10-25,T-Shirt,1.0
2022-10-26,T-Shirt,0.0
2022-10-27,T-Shirt,0.0
2022-10-28,T-Shirt,2.0
2022-10-29,T-Shirt,4.0
2022-10-30,T-Shirt,2.0
2022-10-31,T-Shirt,2.0
2022-11-01,T-Shirt,0.0
2022-11-02,T-Shirt,0.0
2022-11-03,T-Shirt,2.0
2022-11-04,T-Shirt,0.0
2022-11-05,T-Shirt,1.0
2022-11-06,T-Shirt,2.0
2022-11-07,T-Shirt,0.0
2022-11-08,T-Shirt,0.0
2022-11-09,T-Shirt,2.0
2022-11-10,T-Shirt,0.0
2022-11-11,T-Shirt,1.0
2022-11-12,T-Shirt,2.0
2022-11-13,T-Shirt,0.0
2022-11-14,T-Shirt,1.0
2022-11-15,T-Shirt,2.0
2022-11-16,T-Shirt,1.0
2022-11-17,T-Shirt,0.0
2022-11-18,T-Shirt,0.0
2022-11-19,T-Shirt,1.0
2022-11-20,T-Shirt,1.0
2022-11-21,T-Shirt,1.0
2022-11-22,T-Shirt,3.0
2022-11-23,T-Shirt,0.0
2022-11-24,T-Shirt,0.0
2022-11-25,T-Shirt,1.0
2022-11-26,T-Shirt,2.0
2022-11-27,T-Shirt,0.0
2022-11-28,T-Shirt,1.0
2022-11-29,T-Shirt,1.0
2022-11-30,T-Shirt,0.0
2022-12-01,T-Shirt,0.0
2022-12-02,T-Shirt,0.0
2022-12-03,T-Shirt,0.0
2022-12-04,T-Shirt,2.0
2022-12-05,T-Shirt,2.0
2022-12-06,T-Shirt,0.0
2022-12-07,T-Shirt,5.0
2022-12-08,T-Shirt,1.0
2022-12-09,T-Shirt,0.0
2022-12-10,T-Shirt,1.0
2022-12-11,T-Shirt,0.0
2022-12-12,T-Shirt,0.0
2022-12-13,T-Shirt,0.0
2022-12-14,T-Shirt,1.0
2022-12-15,T-Shirt,1.0
2022-12-16,T-Shirt,1.0
2022-12-17,T-Shirt,1.0
2022-12-18,T-Shirt,0.0
2022-12-19,T-Shirt,2.0
2022-12-20,T-Shirt,0.0
2022-12-21,T-Shirt,1.0
2022-12-22,T-Shirt,0.0
2022-12-23,T-Shirt,0.0
2022-12-24,T-Shirt,1.0
2022-12-25,T-Shirt,1.0
2022-12-26,T-Shirt,4.0
2022-12-27,T-Shirt,3.0
2022-12-28,T-Shirt,1.0
2022-12-29,T-Shirt,0.0
2022-12-30,T-Shirt,0.0
2022-12-31,T-Shirt,0.0
2023-01-01,T-Shirt,0.0
2023-01-02,T-Shirt,1.0
2023-01-03,T-Shirt,0.0
2023-01-04,T-Shirt,0.0
2023-01-05,T-Shirt,1.0
2023-01-06,T-Shirt,0.0
2023-01-07,T-Shirt,0.0
2023-01-08,T-Shirt,0.0
2023-01-09,T-Shirt,0.0
2023-01-10,T-Shirt,0.0
2023-01-11,T-Shirt,1.0
2023-01-12,T-Shirt,1.0
2023-01-13,T-Shirt,1.0
2023-01-14,T-Shirt,1.0
2023-01-15,T-Shirt,0.0
2023-01-16,T-Shirt,1.0
2023-01-17,T-Shirt,2.0
2023-01-18,T-Shirt,0.0
2023-01-19,T-Shirt,1.0
2023-01-20,T-Shirt,0.0
2023-01-21,T-Shirt,0.0
2023-01-22,T-Shirt,0.0
2023-01-23,T-Shirt,2.0
2023-01-24,T-Shirt,1.0
2023-01-25,T-Shirt,1.0
2023-01-26,T-Shirt,0.0
2023-01-27,T-Shirt,0.0
2023-01-28,T-Shirt,0.0
2023-01-29,T-Shirt,0.0
2023-01-30,T-Shirt,2.0
2023-01-31,T-Shirt,0.0
2023-02-01,T-Shirt,1.0
2023-02-02,T-Shirt,1.0
2023-02-03,T-Shirt,1.0
2023-02-04,T-Shirt,0.0
2023-02-05,T-Shirt,0.0
2023-02-06,T-Shirt,1.0
2023-02-07,T-Shirt,3.0
2023-02-08,T-Shirt,0.0
2023-02-09,T-Shirt,0.0
2023-02-10,T-Shirt,0.0
2023-02-11,T-Shirt,1.0
2023-02-12,T-Shirt,0.0
2023-02-13,T-Shirt,5.0
2023-02-14,T-Shirt,0.0
2023-02-15,T-Shirt,2.0
2023-02-16,T-Shirt,0.0
2023-02-17,T-Shirt,1.0
2023-02-18,T-Shirt,1.0
2023-02-19,T-Shirt,0.0
2023-02-20,T-Shirt,1.0
2023-02-21,T-Shirt,0.0
2023-02-22,T-Shirt,1.0
2023-02-23,T-Shirt,1.0
2023-02-24,T-Shirt,0.0
2023-02-25,T-Shirt,0.0
2023-02-26,T-Shirt,0.0
2023-02-27,T-Shirt,2.0
2023-02-28,T-Shirt,1.0
2023-03-01,T-Shirt,1.0
2023-03-02,T-Shirt,1.0
2023-03-03,T-Shirt,1.0
2023-03-04,T-Shirt,1.0
2023-03-05,T-Shirt,1.0
2023-03-06,T-Shirt,0.0
2023-03-07,T-Shirt,0.0
2023-03-08,T-Shirt,1.0
2023-03-09,T-Shirt,0.0
2023-03-10,T-Shirt,1.0
2023-03-11,T-Shirt,0.0
2023-03-12,T-Shirt,0.0
2023-03-13,T-Shirt,1.0
2023-03-14,T-Shirt,2.0
2023-03-15,T-Shirt,1.0
2023-03-16,T-Shirt,0.0
2023-03-17,T-Shirt,3.0
2023-03-18,T-Shirt,0.0
2023-03-19,T-Shirt,1.0
2023-03-20,T-Shirt,0.0
2023-03-21,T-Shirt,0.0
2023-03-22,T-Shirt,0.0
2023-03-23,T-Shirt,1.0
2023-03-24,T-Shirt,2.0
2023-03-25,T-Shirt,1.0
2023-03-26,T-Shirt,0.0
2023-03-27,T-Shirt,1.0
2023-03-28,T-Shirt,0.0
2023-03-29,T-Shirt,2.0
2023-03-30,T-Shirt,1.0
2023-03-31,T-Shirt,0.0
2023-04-01,T-Shirt,2.0
2023-04-02,T-Shirt,1.0
2023-04-03,T-Shirt,0.0
2023-04-04,T-Shirt,1.0
2023-04-05,T-Shirt,2.0
2023-04-06,T-Shirt,0.0
2023-04-07,T-Shirt,0.0
2023-04-08,T-Shirt,0.0
2023-04-09,T-Shirt,0.0
2023-04-10,T-Shirt,0.0
2023-04-11,T-Shirt,1.0
2023-04-12,T-Shirt,0.0
2023-04-13,T-Shirt,1.0
2023-04-14,T-Shirt,0.0
2023-04-15,T-Shirt,1.0
2023-04-16,T-Shirt,1.0
2023-04-17,T-Shirt,0.0
2023-04-18,T-Shirt,1.0
2023-04-19,T-Shirt,1.0
2023-04-20,T-Shirt,1.0
2023-04-21,T-Shirt,1.0
2023-04-22,T-Shirt,0.0
2023-04-23,T-Shirt,0.0
2023-04-24,T-Shirt,0.0
2023-04-25,T-Shirt,0.0
2023-04-26,T-Shirt,0.0
2023-04-27,T-Shirt,1.0
2023-04-28,T-Shirt,1.0
2023-04-29,T-Shirt,3.0
2023-04-30,T-Shirt,0.0
2023-05-01,T-Shirt,0.0
2023-05-02,T-Shirt,0.0
2023-05-03,T-Shirt,0.0
2023-05-04,T-Shirt,0.0
2023-05-05,T-Shirt,1.0
2023-05-06,T-Shirt,2.0
2023-05-07,T-Shirt,1.0
2023-05-08,T-Shirt,2.0
2023-05-09,T-Shirt,1.0
2023-05-10,T-Shirt,1.0
2023-05-11,T-Shirt,0.0
2023-05-12,T-Shirt,1.0
2023-05-13,T-Shirt,0.0
2023-05-14,T-Shirt,1.0
2023-05-15,T-Shirt,0.0
2023-05-16,T-Shirt,1.0
2023-05-17,T-Shirt,0.0
2023-05-18,T-Shirt,1.0
2023-05-19,T-Shirt,1.0
2023-05-20,T-Shirt,0.0
2023-05-21,T-Shirt,1.0
2023-05-22,T-Shirt,1.0
2023-05-23,T-Shirt,0.0
2023-05-24,T-Shirt,3.0
2023-05-25,T-Shirt,2.0
2023-05-26,T-Shirt,0.0
2023-05-27,T-Shirt,1.0
2023-05-28,T-Shirt,0.0
2023-05-29,T-Shirt,0.0
2023-05-30,T-Shirt,2.0
2023-05-31,T-Shirt,0.0
2023-06-01,T-Shirt,1.0
2023-06-02,T-Shirt,0.0
2023-06-03,T-Shirt,3.0
2023-06-04,T-Shirt,0.0
2023-06-05,T-Shirt,1.0
2023-06-06,T-Shirt,2.0
2023-06-07,T-Shirt,3.0
2023-06-08,T-Shirt,1.0
2023-06-09,T-Shirt,1.0
2023-06-10,T-Shirt,2.0
2023-06-11,T-Shirt,1.0
2023-06-12,T-Shirt,0.0
2023-06-13,T-Shirt,1.0
2023-06-14,T-Shirt,0.0
2023-06-15,T-Shirt,0.0
2023-06-16,T-Shirt,1.0
2023-06-17,T-Shirt,0.0
2023-06-18,T-Shirt,2.0
2023-06-19,T-Shirt,0.0
2023-06-20,T-Shirt,0.0
2023-06-21,T-Shirt,0.0
2023-06-22,T-Shirt,1.0
2023-06-23,T-Shirt,0.0
2023-06-24,T-Shirt,1.0
2023-06-25,T-Shirt,1.0
2023-06-26,T-Shirt,1.0
2023-06-27,T-Shirt,2.0
2023-06-28,T-Shirt,0.0
2023-06-29,T-Shirt,0.0
2023-06-30,T-Shirt,2.0
2023-07-01,T-Shirt,0.0
2023-07-02,T-Shirt,1.0
2023-07-03,T-Shirt,0.0
2023-07-04,T-Shirt,0.0
2023-07-05,T-Shirt,0.0
2023-07-06,T-Shirt,1.0
2023-07-07,T-Shirt,2.0
2023-07-08,T-Shirt,2.0
2023-07-09,T-Shirt,2.0
2023-07-10,T-Shirt,1.0
2023-07-11,T-Shirt,1.0
2023-07-12,T-Shirt,1.0
2023-07-13,T-Shirt,1.0
2023-07-14,T-Shirt,3.0
2023-07-15,T-Shirt,3.0
2023-07-16,T-Shirt,1.0
2023-07-17,T-Shirt,2.0
2023-07-18,T-Shirt,0.0
2023-07-19,T-Shirt,0.0
2023-07-20,T-Shirt,1.0
2023-07-21,T-Shirt,3.0
2023-07-22,T-Shirt,0.0
2023-07-23,T-Shirt,0.0
2023-07-24,T-Shirt,2.0
2023-07-25,T-Shirt,0.0
2023-07-26,T-Shirt,0.0
2023-07-27,T-Shirt,0.0
2023-07-28,T-Shirt,0.0
2023-07-29,T-Shirt,1.0
2023-07-30,T-Shirt,0.0
2023-07-31,T-Shirt,4.0
2023-08-01,T-Shirt,0.0
2023-08-02,T-Shirt,2.0
2023-08-03,T-Shirt,1.0
2023-08-04,T-Shirt,2.0
2023-08-05,T-Shirt,0.0
2023-08-06,T-Shirt,0.0
2023-08-07,T-Shirt,1.0
2023-08-08,T-Shirt,1.0
2023-08-09,T-Shirt,1.0
2023-08-10,T-Shirt,1.0
2023-08-11,T-Shirt,0.0
2023-08-12,T-Shirt,1.0
2023-08-13,T-Shirt,1.0
2023-08-14,T-Shirt,2.0
2023-08-15,T-Shirt,0.0
2023-08-16,T-Shirt,1.0
2023-08-17,T-Shirt,0.0
2023-08-18,T-Shirt,2.0
2023-08-19,T-Shirt,2.0
2023-08-20,T-Shirt,0.0
2023-08-21,T-Shirt,0.0
2023-08-22,T-Shirt,0.0
2023-08-23,T-Shirt,0.0
2023-08-24,T-Shirt,0.0
2023-08-25,T-Shirt,2.0
2023-08-26,T-Shirt,1.0
2023-08-27,T-Shirt,0.0
2023-08-28,T-Shirt,1.0
2023-08-29,T-Shirt,0.0
2023-08-30,T-Shirt,0.0
2023-08-31,T-Shirt,2.0
2023-09-01,T-Shirt,0.0
2023-09-02,T-Shirt,0.0
2023-09-03,T-Shirt,2.0
2023-09-04,T-Shirt,1.0
2023-09-05,T-Shirt,2.0
2023-09-06,T-Shirt,1.0
2023-09-07,T-Shirt,1.0
2023-09-08,T-Shirt,3.0
2023-09-09,T-Shirt,0.0
2023-09-10,T-Shirt,3.0
2023-09-11,T-Shirt,1.0
2023-09-12,T-Shirt,1.0
2023-09-13,T-Shirt,0.0
2023-09-14,T-Shirt,0.0
2023-09-15,T-Shirt,0.0
2023-09-16,T-Shirt,1.0
2023-09-17,T-Shirt,0.0
2023-09-18,T-Shirt,0.0
2023-09-19,T-Shirt,0.0
2023-09-20,T-Shirt,1.0
2023-09-21,T-Shirt,0.0
2023-09-22,T-Shirt,0.0
2023-09-23,T-Shirt,0.0
2023-09-24,T-Shirt,1.0
2023-09-25,T-Shirt,2.0
2023-09-26,T-Shirt,0.0
2023-09-27,T-Shirt,0.0
2023-09-28,T-Shirt,1.0
2023-09-29,T-Shirt,0.0
2023-09-30,T-Shirt,2.0
2023-10-01,T-Shirt,1.0
2023-10-02,T-Shirt,1.0
2023-10-03,T-Shirt,3.0
2023-10-04,T-Shirt,3.0
2023-10-05,T-Shirt,0.0
2023-10-06,T-Shirt,2.0
2023-10-07,T-Shirt,0.0
2023-10-08,T-Shirt,1.0
2023-10-09,T-Shirt,2.0
2023-10-10,T-Shirt,1.0
2023-10-11,T-Shirt,0.0
2023-10-12,T-Shirt,0.0
2023-10-13,T-Shirt,0.0
2023-10-14,T-Shirt,0.0
2023-10-15,T-Shirt,0.0
2023-10-16,T-Shirt,0.0
2023-10-17,T-Shirt,5.0
2023-10-18,T-Shirt,0.0
2023-10-19,T-Shirt,3.0
2023-10-20,T-Shirt,0.0
2023-10-21,T-Shirt,2.0
2023-10-22,T-Shirt,5.0
2023-10-23,T-Shirt,2.0
2023-10-24,T-Shirt,2.0
2023-10-25,T-Shirt,2.0
2023-10-26,T-Shirt,2.0
2023-10-27,T-Shirt,2.0
2023-10-28,T-Shirt,0.0
2023-10-29,T-Shirt,0.0
2023-10-30,T-Shirt,0.0
2023-10-31,T-Shirt,0.0
2023-11-01,T-Shirt,0.0
2023-11-02,T-Shirt,0.0
2023-11-03,T-Shirt,2.0
2023-11-04,T-Shirt,1.0
2023-11-05,T-Shirt,1.0
2023-11-06,T-Shirt,1.0
2023-11-07,T-Shirt,1.0
2023-11-08,T-Shirt,1.0
2023-11-09,T-Shirt,0.0
2023-11-10,T-Shirt,2.0
2023-11-11,T-Shirt,0.0
2023-11-12,T-Shirt,2.0
2023-11-13,T-Shirt,0.0
2023-11-14,T-Shirt,2.0
2023-11-15,T-Shirt,2.0
2023-11-16,T-Shirt,0.0
2023-11-17,T-Shirt,3.0
2023-11-18,T-Shirt,0.0
2023-11-19,T-Shirt,0.0
2023-11-20,T-Shirt,0.0
2023-11-21,T-Shirt,0.0
2023-11-22,T-Shirt,0.0
2023-11-23,T-Shirt,0.0
2023-11-24,T-Shirt,1.0
2023-11-25,T-Shirt,1.0
2023-11-26,T-Shirt,3.0
2023-11-27,T-Shirt,0.0
2023-11-28,T-Shirt,0.0
2023-11-29,T-Shirt,2.0
2023-11-30,T-Shirt,2.0
2023-12-01,T-Shirt,1.0
2023-12-02,T-Shirt,0.0
2023-12-03,T-Shirt,1.0
2023-12-04,T-Shirt,1.0
2023-12-05,T-Shirt,1.0
2023-12-06,T-Shirt,1.0
2023-12-07,T-Shirt,1.0
2023-12-08,T-Shirt,2.0
2023-12-09,T-Shirt,0.0
2023-12-10,T-Shirt,1.0
2023-12-11,T-Shirt,0.0
2023-12-12,T-Shirt,2.0
2023-12-13,T-Shirt,0.0
2023-12-14,T-Shirt,1.0
2023-12-15,T-Shirt,0.0
2023-12-16,T-Shirt,0.0
2023-12-17,T-Shirt,0.0
2023-12-18,T-Shirt,1.0
2023-12-19,T-Shirt,1.0
2023-12-20,T-Shirt,0.0
2023-12-21,T-Shirt,1.0
2023-12-22,T-Shirt,0.0
2023-12-23,T-Shirt,0.0
2023-12-24,T-Shirt,0.0
2023-12-25,T-Shirt,0.0
2023-12-26,T-Shirt,0.0
2023-12-27,T-Shirt,2.0
2023-12-28,T-Shirt,0.0
2023-12-29,T-Shirt,0.0
2023-12-30,T-Shirt,1.0
2023-12-31,T-Shirt,6.0
2024-01-01,T-Shirt,2.0
2024-01-02,T-Shirt,0.0
2024-01-03,T-Shirt,0.0
2024-01-04,T-Shirt,0.0
2024-01-05,T-Shirt,2.0
2024-01-06,T-Shirt,2.0
2024-01-07,T-Shirt,1.0
2024-01-08,T-Shirt,3.0
2024-01-09,T-Shirt,1.0
2024-01-10,T-Shirt,1.0
2024-01-11,T-Shirt,0.0
2024-01-12,T-Shirt,3.0
2024-01-13,T-Shirt,0.0
2024-01-14,T-Shirt,0.0
2024-01-15,T-Shirt,1.0
2024-01-16,T-Shirt,1.0
2024-01-17,T-Shirt,0.0
2024-01-18,T-Shirt,0.0
2024-01-19,T-Shirt,0.0
2024-01-20,T-Shirt,0.0
2024-01-21,T-Shirt,0.0
2024-01-22,T-Shirt,1.0
2024-01-23,T-Shirt,0.0
2024-01-24,T-Shirt,0.0
2024-01-25,T-Shirt,1.0
2024-01-26,T-Shirt,1.0
2024-01-27,T-Shirt,1.0
2024-01-28,T-Shirt,1.0
2024-01-29,T-Shirt,1.0
2024-01-30,T-Shirt,0.0
2024-01-31,T-Shirt,1.0
2024-02-01,T-Shirt,0.0
2024-02-02,T-Shirt,2.0
2024-02-03,T-Shirt,0.0
2024-02-04,T-Shirt,3.0
2024-02-05,T-Shirt,0.0
2024-02-06,T-Shirt,1.0
2024-02-07,T-Shirt,0.0
2024-02-08,T-Shirt,1.0
2024-02-09,T-Shirt,0.0
2024-02-10,T-Shirt,0.0
2024-02-11,T-Shirt,1.0
2024-02-12,T-Shirt,1.0
2024-02-13,T-Shirt,0.0
2024-02-14,T-Shirt,0.0
2024-02-15,T-Shirt,2.0
2024-02-16,T-Shirt,1.0
2024-02-17,T-Shirt,0.0
2024-02-18,T-Shirt,0.0
2024-02-19,T-Shirt,0.0
2024-02-20,T-Shirt,0.0
2024-02-21,T-Shirt,1.0
2024-02-22,T-Shirt,1.0
2024-02-23,T-Shirt,1.0
2024-02-24,T-Shirt,0.0
2024-02-25,T-Shirt,0.0
2024-02-26,T-Shirt,0.0
2024-02-27,T-Shirt,2.0
2024-02-28,T-Shirt,1.0
2024-02-29,T-Shirt,1.0
2024-03-01,T-Shirt,1.0
2024-03-02,T-Shirt,4.0
2024-03-03,T-Shirt,1.0
2024-03-04,T-Shirt,0.0
2024-03-05,T-Shirt,2.0
2024-03-06,T-Shirt,0.0
2024-03-07,T-Shirt,3.0
2024-03-08,T-Shirt,0.0
2024-03-09,T-Shirt,0.0
2024-03-10,T-Shirt,0.0
2024-03-11,T-Shirt,0.0
2024-03-12,T-Shirt,0.0
2024-03-13,T-Shirt,0.0
2024-03-14,T-Shirt,0.0
2024-03-15,T-Shirt,1.0
2024-03-16,T-Shirt,0.0
2024-03-17,T-Shirt,0.0
2024-03-18,T-Shirt,1.0
2024-03-19,T-Shirt,0.0
2024-03-20,T-Shirt,0.0
2024-03-21,T-Shirt,2.0
2024-03-22,T-Shirt,0.0
2024-03-23,T-Shirt,2.0
2024-03-24,T-Shirt,3.0
2024-03-25,T-Shirt,0.0
2024-03-26,T-Shirt,2.0
2021-03-28,Trouser,2.0
2021-03-29,Trouser,1.0
2021-03-30,Trouser,0.0
2021-03-31,Trouser,1.0
2021-04-01,Trouser,0.0
2021-04-02,Trouser,0.0
2021-04-03,Trouser,0.0
2021-04-04,Trouser,0.0
2021-04-05,Trouser,0.0
2021-04-06,Trouser,0.0
2021-04-07,Trouser,0.0
2021-04-08,Trouser,1.0
2021-04-09,Trouser,2.0
2021-04-10,Trouser,1.0
2021-04-11,Trouser,1.0
2021-04-12,Trouser,2.0
2021-04-13,Trouser,2.0
2021-04-14,Trouser,3.0
2021-04-15,Trouser,0.0
2021-04-16,Trouser,0.0
2021-04-17,Trouser,0.0
2021-04-18,Trouser,1.0
2021-04-19,Trouser,0.0
2021-04-20,Trouser,0.0
2021-04-21,Trouser,2.0
2021-04-22,Trouser,0.0
2021-04-23,Trouser,2.0
2021-04-24,Trouser,0.0
2021-04-25,Trouser,2.0
2021-04-26,Trouser,2.0
2021-04-27,Trouser,0.0
2021-04-28,Trouser,0.0
2021-04-29,Trouser,2.0
2021-04-30,Trouser,0.0
2021-05-01,Trouser,0.0
2021-05-02,Trouser,0.0
2021-05-03,Trouser,1.0
2021-05-04,Trouser,0.0
2021-05-05,Trouser,2.0
2021-05-06,Trouser,0.0
2021-05-07,Trouser,0.0
2021-05-08,Trouser,0.0
2021-05-09,Trouser,3.0
2021-05-10,Trouser,2.0
2021-05-11,Trouser,3.0
2021-05-12,Trouser,1.0
2021-05-13,Trouser,0.0
2021-05-14,Trouser,0.0
2021-05-15,Trouser,0.0
2021-05-16,Trouser,0.0
2021-05-17,Trouser,0.0
2021-05-18,Trouser,1.0
2021-05-19,Trouser,3.0
2021-05-20,Trouser,2.0
2021-05-21,Trouser,0.0
2021-05-22,Trouser,4.0
2021-05-23,Trouser,2.0
2021-05-24,Trouser,2.0
2021-05-25,Trouser,1.0
2021-05-26,Trouser,0.0
2021-05-27,Trouser,0.0
2021-05-28,Trouser,2.0
2021-05-29,Trouser,0.0
2021-05-30,Trouser,3.0
2021-05-31,Trouser,0.0
2021-06-01,Trouser,0.0
2021-06-02,Trouser,4.0
2021-06-03,Trouser,2.0
2021-06-04,Trouser,3.0
2021-06-05,Trouser,0.0
2021-06-06,Trouser,0.0
2021-06-07,Trouser,1.0
2021-06-08,Trouser,0.0
2021-06-09,Trouser,0.0
2021-06-10,Trouser,0.0
2021-06-11,Trouser,2.0
2021-06-12,Trouser,0.0
2021-06-13,Trouser,0.0
2021-06-14,Trouser,1.0
2021-06-15,Trouser,0.0
2021-06-16,Trouser,0.0
2021-06-17,Trouser,2.0
2021-06-18,Trouser,1.0
2021-06-19,Trouser,0.0
2021-06-20,Trouser,1.0
2021-06-21,Trouser,0.0
2021-06-22,Trouser,0.0
2021-06-23,Trouser,0.0
2021-06-24,Trouser,0.0
2021-06-25,Trouser,1.0
2021-06-26,Trouser,1.0
2021-06-27,Trouser,1.0
2021-06-28,Trouser,1.0
2021-06-29,Trouser,0.0
2021-06-30,Trouser,0.0
2021-07-01,Trouser,0.0
2021-07-02,Trouser,0.0
2021-07-03,Trouser,0.0
2021-07-04,Trouser,0.0
2021-07-05,Trouser,0.0
2021-07-06,Trouser,1.0
2021-07-07,Trouser,1.0
2021-07-08,Trouser,1.0
2021-07-09,Trouser,1.0
2021-07-10,Trouser,0.0
2021-07-11,Trouser,1.0
2021-07-12,Trouser,0.0
2021-07-13,Trouser,0.0
2021-07-14,Trouser,1.0
2021-07-15,Trouser,0.0
2021-07-16,Trouser,1.0
2021-07-17,Trouser,1.0
2021-07-18,Trouser,3.0
2021-07-19,Trouser,0.0
2021-07-20,Trouser,1.0
2021-07-21,Trouser,1.0
2021-07-22,Trouser,1.0
2021-07-23,Trouser,2.0
2021-07-24,Trouser,0.0
2021-07-25,Trouser,0.0
2021-07-26,Trouser,0.0
2021-07-27,Trouser,0.0
2021-07-28,Trouser,0.0
2021-07-29,Trouser,0.0
2021-07-30,Trouser,0.0
2021-07-31,Trouser,3.0
2021-08-01,Trouser,1.0
2021-08-02,Trouser,0.0
2021-08-03,Trouser,2.0
2021-08-04,Trouser,0.0
2021-08-05,Trouser,0.0
2021-08-06,Trouser,1.0
2021-08-07,Trouser,1.0
2021-08-08,Trouser,1.0
2021-08-09,Trouser,0.0
2021-08-10,Trouser,0.0
2021-08-11,Trouser,1.0
2021-08-12,Trouser,0.0
2021-08-13,Trouser,1.0
2021-08-14,Trouser,4.0
2021-08-15,Trouser,0.0
2021-08-16,Trouser,0.0
2021-08-17,Trouser,1.0
2021-08-18,Trouser,1.0
2021-08-19,Trouser,0.0
2021-08-20,Trouser,2.0
2021-08-21,Trouser,0.0
2021-08-22,Trouser,0.0
2021-08-23,Trouser,1.0
2021-08-24,Trouser,0.0
2021-08-25,Trouser,0.0
2021-08-26,Trouser,0.0
2021-08-27,Trouser,0.0
2021-08-28,Trouser,0.0
2021-08-29,Trouser,2.0
2021-08-30,Trouser,1.0
2021-08-31,Trouser,1.0
2021-09-01,Trouser,0.0
2021-09-02,Trouser,0.0
2021-09-03,Trouser,0.0
2021-09-04,Trouser,0.0
2021-09-05,Trouser,0.0
2021-09-06,Trouser,0.0
2021-09-07,Trouser,0.0
2021-09-08,Trouser,2.0
2021-09-09,Trouser,0.0
2021-09-10,Trouser,2.0
2021-09-11,Trouser,0.0
2021-09-12,Trouser,1.0
2021-09-13,Trouser,0.0
2021-09-14,Trouser,2.0
2021-09-15,Trouser,0.0
2021-09-16,Trouser,3.0
2021-09-17,Trouser,0.0
2021-09-18,Trouser,0.0
2021-09-19,Trouser,0.0
2021-09-20,Trouser,0.0
2021-09-21,Trouser,2.0
2021-09-22,Trouser,1.0
2021-09-23,Trouser,0.0
2021-09-24,Trouser,1.0
2021-09-25,Trouser,0.0
2021-09-26,Trouser,0.0
2021-09-27,Trouser,0.0
2021-09-28,Trouser,2.0
2021-09-29,Trouser,0.0
2021-09-30,Trouser,2.0
2021-10-01,Trouser,0.0
2021-10-02,Trouser,0.0
2021-10-03,Trouser,1.0
2021-10-04,Trouser,1.0
2021-10-05,Trouser,1.0
2021-10-06,Trouser,0.0
2021-10-07,Trouser,3.0
2021-10-08,Trouser,1.0
2021-10-09,Trouser,1.0
2021-10-10,Trouser,1.0
2021-10-11,Trouser,2.0
2021-10-12,Trouser,0.0
2021-10-13,Trouser,0.0
2021-10-14,Trouser,0.0
2021-10-15,Trouser,0.0
2021-10-16,Trouser,1.0
2021-10-17,Trouser,2.0
2021-10-18,Trouser,0.0
2021-10-19,Trouser,1.0
2021-10-20,Trouser,0.0
2021-10-21,Trouser,0.0
2021-10-22,Trouser,1.0
2021-10-23,Trouser,2.0
2021-10-24,Trouser,1.0
2021-10-25,Trouser,2.0
2021-10-26,Trouser,0.0
2021-10-27,Trouser,0.0
2021-10-28,Trouser,1.0
2021-10-29,Trouser,5.0
2021-10-30,Trouser,0.0
2021-10-31,Trouser,0.0
2021-11-01,Trouser,1.0
2021-11-02,Trouser,0.0
2021-11-03,Trouser,2.0
2021-11-04,Trouser,1.0
2021-11-05,Trouser,0.0
2021-11-06,Trouser,1.0
2021-11-07,Trouser,0.0
2021-11-08,Trouser,2.0
2021-11-09,Trouser,0.0
2021-11-10,Trouser,2.0
2021-11-11,Trouser,2.0
2021-11-12,Trouser,1.0
2021-11-13,Trouser,1.0
2021-11-14,Trouser,1.0
2021-11-15,Trouser,1.0
2021-11-16,Trouser,1.0
2021-11-17,Trouser,0.0
2021-11-18,Trouser,4.0
2021-11-19,Trouser,1.0
2021-11-20,Trouser,0.0
2021-11-21,Trouser,3.0
2021-11-22,Trouser,0.0
2021-11-23,Trouser,1.0
2021-11-24,Trouser,0.0
2021-11-25,Trouser,1.0
2021-11-26,Trouser,0.0
2021-11-27,Trouser,1.0
2021-11-28,Trouser,0.0
2021-11-29,Trouser,3.0
2021-11-30,Trouser,1.0
2021-12-01,Trouser,0.0
2021-12-02,Trouser,2.0
2021-12-03,Trouser,0.0
2021-12-04,Trouser,0.0
2021-12-05,Trouser,0.0
2021-12-06,Trouser,1.0
2021-12-07,Trouser,1.0
2021-12-08,Trouser,0.0
2021-12-09,Trouser,2.0
2021-12-10,Trouser,2.0
2021-12-11,Trouser,0.0
2021-12-12,Trouser,0.0
2021-12-13,Trouser,1.0
2021-12-14,Trouser,3.0
2021-12-15,Trouser,0.0
2021-12-16,Trouser,1.0
2021-12-17,Trouser,0.0
2021-12-18,Trouser,1.0
2021-12-19,Trouser,0.0
2021-12-20,Trouser,1.0
2021-12-21,Trouser,1.0
2021-12-22,Trouser,1.0
2021-12-23,Trouser,1.0
2021-12-24,Trouser,0.0
2021-12-25,Trouser,1.0
2021-12-26,Trouser,0.0
2021-12-27,Trouser,1.0
2021-12-28,Trouser,1.0
2021-12-29,Trouser,0.0
2021-12-30,Trouser,0.0
2021-12-31,Trouser,0.0
2022-01-01,Trouser,0.0
2022-01-02,Trouser,1.0
2022-01-03,Trouser,1.0
2022-01-04,Trouser,1.0
2022-01-05,Trouser,2.0
2022-01-06,Trouser,0.0
2022-01-07,Trouser,0.0
2022-01-08,Trouser,1.0
2022-01-09,Trouser,1.0
2022-01-10,Trouser,0.0
2022-01-11,Trouser,0.0
2022-01-12,Trouser,0.0
2022-01-13,Trouser,0.0
2022-01-14,Trouser,0.0
2022-01-15,Trouser,0.0
2022-01-16,Trouser,1.0
2022-01-17,Trouser,0.0
2022-01-18,Trouser,0.0
2022-01-19,Trouser,0.0
2022-01-20,Trouser,1.0
2022-01-21,Trouser,0.0
2022-01-22,Trouser,0.0
2022-01-23,Trouser,1.0
2022-01-24,Trouser,0.0
2022-01-25,Trouser,1.0
2022-01-26,Trouser,1.0
2022-01-27,Trouser,0.0
2022-01-28,Trouser,1.0
2022-01-29,Trouser,0.0
2022-01-30,Trouser,0.0
2022-01-31,Trouser,1.0
2022-02-01,Trouser,0.0
2022-02-02,Trouser,1.0
2022-02-03,Trouser,2.0
2022-02-04,Trouser,1.0
2022-02-05,Trouser,1.0
2022-02-06,Trouser,1.0
2022-02-07,Trouser,0.0
2022-02-08,Trouser,0.0
2022-02-09,Trouser,1.0
2022-02-10,Trouser,0.0
2022-02-11,Trouser,0.0
2022-02-12,Trouser,0.0
2022-02-13,Trouser,0.0
2022-02-14,Trouser,1.0
2022-02-15,Trouser,0.0
2022-02-16,Trouser,1.0
2022-02-17,Trouser,2.0
2022-02-18,Trouser,0.0
2022-02-19,Trouser,0.0
2022-02-20,Trouser,1.0
2022-02-21,Trouser,0.0
2022-02-22,Trouser,1.0
2022-02-23,Trouser,1.0
2022-02-24,Trouser,0.0
2022-02-25,Trouser,3.0
2022-02-26,Trouser,0.0
2022-02-27,Trouser,1.0
2022-02-28,Trouser,0.0
2022-03-01,Trouser,1.0
2022-03-02,Trouser,1.0
2022-03-03,Trouser,1.0
2022-03-04,Trouser,0.0
2022-03-05,Trouser,0.0
2022-03-06,Trouser,1.0
2022-03-07,Trouser,0.0
2022-03-08,Trouser,0.0
2022-03-09,Trouser,0.0
2022-03-10,Trouser,2.0
2022-03-11,Trouser,0.0
2022-03-12,Trouser,0.0
2022-03-13,Trouser,2.0
2022-03-14,Trouser,0.0
2022-03-15,Trouser,1.0
2022-03-16,Trouser,0.0
2022-03-17,Trouser,0.0
2022-03-18,Trouser,0.0
2022-03-19,Trouser,2.0
2022-03-20,Trouser,1.0
2022-03-21,Trouser,0.0
2022-03-22,Trouser,1.0
2022-03-23,Trouser,0.0
2022-03-24,Trouser,0.0
2022-03-25,Trouser,1.0
2022-03-26,Trouser,1.0
2022-03-27,Trouser,0.0
2022-03-28,Trouser,1.0
2022-03-29,Trouser,1.0
2022-03-30,Trouser,2.0
2022-03-31,Trouser,1.0
2022-04-01,Trouser,1.0
2022-04-02,Trouser,1.0
2022-04-03,Trouser,0.0
2022-04-04,Trouser,0.0
2022-04-05,Trouser,0.0
2022-04-06,Trouser,0.0
2022-04-07,Trouser,0.0
2022-04-08,Trouser,0.0
2022-04-09,Trouser,0.0
2022-04-10,Trouser,1.0
2022-04-11,Trouser,2.0
2022-04-12,Trouser,3.0
2022-04-13,Trouser,0.0
2022-04-14,Trouser,1.0
2022-04-15,Trouser,1.0
2022-04-16,Trouser,0.0
2022-04-17,Trouser,0.0
2022-04-18,Trouser,2.0
2022-04-19,Trouser,2.0
2022-04-20,Trouser,1.0
2022-04-21,Trouser,1.0
2022-04-22,Trouser,1.0
2022-04-23,Trouser,1.0
2022-04-24,Trouser,0.0
2022-04-25,Trouser,0.0
2022-04-26,Trouser,0.0
2022-04-27,Trouser,1.0
2022-04-28,Trouser,0.0
2022-04-29,Trouser,1.0
2022-04-30,Trouser,0.0
2022-05-01,Trouser,0.0
2022-05-02,Trouser,0.0
2022-05-03,Trouser,0.0
2022-05-04,Trouser,1.0
2022-05-05,Trouser,2.0
2022-05-06,Trouser,2.0
2022-05-07,Trouser,1.0
2022-05-08,Trouser,1.0
2022-05-09,Trouser,0.0
2022-05-10,Trouser,0.0
2022-05-11,Trouser,1.0
2022-05-12,Trouser,1.0
2022-05-13,Trouser,0.0
2022-05-14,Trouser,1.0
2022-05-15,Trouser,0.0
2022-05-16,Trouser,3.0
2022-05-17,Trouser,2.0
2022-05-18,Trouser,0.0
2022-05-19,Trouser,0.0
2022-05-20,Trouser,3.0
2022-05-21,Trouser,2.0
2022-05-22,Trouser,1.0
2022-05-23,Trouser,0.0
2022-05-24,Trouser,1.0
2022-05-25,Trouser,0.0
2022-05-26,Trouser,0.0
2022-05-27,Trouser,0.0
2022-05-28,Trouser,1.0
2022-05-29,Trouser,2.0
2022-05-30,Trouser,1.0
2022-05-31,Trouser,3.0
2022-06-01,Trouser,0.0
2022-06-02,Trouser,0.0
2022-06-03,Trouser,3.0
2022-06-04,Trouser,1.0
2022-06-05,Trouser,0.0
2022-06-06,Trouser,0.0
2022-06-07,Trouser,0.0
2022-06-08,Trouser,0.0
2022-06-09,Trouser,1.0
2022-06-10,Trouser,1.0
2022-06-11,Trouser,1.0
2022-06-12,Trouser,0.0
2022-06-13,Trouser,0.0
2022-06-14,Trouser,1.0
2022-06-15,Trouser,1.0
2022-06-16,Trouser,2.0
2022-06-17,Trouser,0.0
2022-06-18,Trouser,0.0
2022-06-19,Trouser,4.0
2022-06-20,Trouser,2.0
2022-06-21,Trouser,0.0
2022-06-22,Trouser,0.0
2022-06-23,Trouser,1.0
2022-06-24,Trouser,1.0
2022-06-25,Trouser,0.0
2022-06-26,Trouser,0.0
2022-06-27,Trouser,1.0
2022-06-28,Trouser,0.0
2022-06-29,Trouser,1.0
2022-06-30,Trouser,0.0
2022-07-01,Trouser,1.0
2022-07-02,Trouser,1.0
2022-07-03,Trouser,3.0
2022-07-04,Trouser,1.0
2022-07-05,Trouser,0.0
2022-07-06,Trouser,0.0
2022-07-07,Trouser,0.0
2022-07-08,Trouser,1.0
2022-07-09,Trouser,0.0
2022-07-10,Trouser,0.0
2022-07-11,Trouser,4.0
2022-07-12,Trouser,4.0
2022-07-13,Trouser,0.0
2022-07-14,Trouser,2.0
2022-07-15,Trouser,0.0
2022-07-16,Trouser,0.0
2022-07-17,Trouser,1.0
2022-07-18,Trouser,0.0
2022-07-19,Trouser,1.0
2022-07-20,Trouser,0.0
2022-07-21,Trouser,1.0
2022-07-22,Trouser,0.0
2022-07-23,Trouser,0.0
2022-07-24,Trouser,0.0
2022-07-25,Trouser,2.0
2022-07-26,Trouser,0.0
2022-07-27,Trouser,0.0
2022-07-28,Trouser,1.0
2022-07-29,Trouser,0.0
2022-07-30,Trouser,0.0
2022-07-31,Trouser,1.0
2022-08-01,Trouser,1.0
2022-08-02,Trouser,2.0
2022-08-03,Trouser,2.0
2022-08-04,Trouser,1.0
2022-08-05,Trouser,0.0
2022-08-06,Trouser,2.0
2022-08-07,Trouser,1.0
2022-08-08,Trouser,3.0
2022-08-09,Trouser,0.0
2022-08-10,Trouser,0.0
2022-08-11,Trouser,1.0
2022-08-12,Trouser,0.0
2022-08-13,Trouser,0.0
2022-08-14,Trouser,1.0
2022-08-15,Trouser,1.0
2022-08-16,Trouser,1.0
2022-08-17,Trouser,2.0
2022-08-18,Trouser,0.0
2022-08-19,Trouser,0.0
2022-08-20,Trouser,0.0
2022-08-21,Trouser,0.0
2022-08-22,Trouser,2.0
2022-08-23,Trouser,5.0
2022-08-24,Trouser,0.0
2022-08-25,Trouser,0.0
2022-08-26,Trouser,1.0
2022-08-27,Trouser,0.0
2022-08-28,Trouser,0.0
2022-08-29,Trouser,1.0
2022-08-30,Trouser,0.0
2022-08-31,Trouser,1.0
2022-09-01,Trouser,0.0
2022-09-02,Trouser,0.0
2022-09-03,Trouser,0.0
2022-09-04,Trouser,0.0
2022-09-05,Trouser,1.0
2022-09-06,Trouser,1.0
2022-09-07,Trouser,0.0
2022-09-08,Trouser,1.0
2022-09-09,Trouser,0.0
2022-09-10,Trouser,2.0
2022-09-11,Trouser,2.0
2022-09-12,Trouser,0.0
2022-09-13,Trouser,0.0
2022-09-14,Trouser,0.0
2022-09-15,Trouser,2.0
2022-09-16,Trouser,0.0
2022-09-17,Trouser,0.0
2022-09-18,Trouser,0.0
2022-09-19,Trouser,0.0
2022-09-20,Trouser,1.0
2022-09-21,Trouser,0.0
2022-09-22,Trouser,1.0
2022-09-23,Trouser,0.0
2022-09-24,Trouser,2.0
2022-09-25,Trouser,1.0
2022-09-26,Trouser,0.0
2022-09-27,Trouser,1.0
2022-09-28,Trouser,0.0
2022-09-29,Trouser,1.0
2022-09-30,Trouser,0.0
2022-10-01,Trouser,1.0
2022-10-02,Trouser,0.0
2022-10-03,Trouser,0.0
2022-10-04,Trouser,2.0
2022-10-05,Trouser,2.0
2022-10-06,Trouser,0.0
2022-10-07,Trouser,1.0
2022-10-08,Trouser,2.0
2022-10-09,Trouser,2.0
2022-10-10,Trouser,0.0
2022-10-11,Trouser,0.0
2022-10-12,Trouser,1.0
2022-10-13,Trouser,1.0
2022-10-14,Trouser,1.0
2022-10-15,Trouser,0.0
2022-10-16,Trouser,0.0
2022-10-17,Trouser,2.0
2022-10-18,Trouser,1.0
2022-10-19,Trouser,0.0
2022-10-20,Trouser,0.0
2022-10-21,Trouser,0.0
2022-10-22,Trouser,0.0
2022-10-23,Trouser,1.0
2022-10-24,Trouser,0.0
2022-10-25,Trouser,0.0
2022-10-26,Trouser,0.0
2022-10-27,Trouser,0.0
2022-10-28,Trouser,0.0
2022-10-29,Trouser,0.0
2022-10-30,Trouser,2.0
2022-10-31,Trouser,0.0
2022-11-01,Trouser,0.0
2022-11-02,Trouser,1.0
2022-11-03,Trouser,1.0
2022-11-04,Trouser,0.0
2022-11-05,Trouser,2.0
2022-11-06,Trouser,2.0
2022-11-07,Trouser,2.0
2022-11-08,Trouser,0.0
2022-11-09,Trouser,0.0
2022-11-10,Trouser,2.0
2022-11-11,Trouser,0.0
2022-11-12,Trouser,1.0
2022-11-13,Trouser,0.0
2022-11-14,Trouser,2.0
2022-11-15,Trouser,1.0
2022-11-16,Trouser,0.0
2022-11-17,Trouser,1.0
2022-11-18,Trouser,0.0
2022-11-19,Trouser,0.0
2022-11-20,Trouser,1.0
2022-11-21,Trouser,0.0
2022-11-22,Trouser,2.0
2022-11-23,Trouser,0.0
2022-11-24,Trouser,1.0
2022-11-25,Trouser,1.0
2022-11-26,Trouser,1.0
2022-11-27,Trouser,2.0
2022-11-28,Trouser,2.0
2022-11-29,Trouser,0.0
2022-11-30,Trouser,1.0
2022-12-01,Trouser,0.0
2022-12-02,Trouser,1.0
2022-12-03,Trouser,2.0
2022-12-04,Trouser,0.0
2022-12-05,Trouser,2.0
2022-12-06,Trouser,0.0
2022-12-07,Trouser,0.0
2022-12-08,Trouser,0.0
2022-12-09,Trouser,1.0
2022-12-10,Trouser,0.0
2022-12-11,Trouser,0.0
2022-12-12,Trouser,0.0
2022-12-13,Trouser,0.0
2022-12-14,Trouser,1.0
2022-12-15,Trouser,0.0
2022-12-16,Trouser,1.0
2022-12-17,Trouser,0.0
2022-12-18,Trouser,1.0
2022-12-19,Trouser,1.0
2022-12-20,Trouser,0.0
2022-12-21,Trouser,0.0
2022-12-22,Trouser,0.0
2022-12-23,Trouser,0.0
2022-12-24,Trouser,0.0
2022-12-25,Trouser,0.0
2022-12-26,Trouser,4.0
2022-12-27,Trouser,0.0
2022-12-28,Trouser,0.0
2022-12-29,Trouser,0.0
2022-12-30,Trouser,1.0
2022-12-31,Trouser,1.0
2023-01-01,Trouser,0.0
2023-01-02,Trouser,1.0
2023-01-03,Trouser,0.0
2023-01-04,Trouser,0.0
2023-01-05,Trouser,3.0
2023-01-06,Trouser,0.0
2023-01-07,Trouser,0.0
2023-01-08,Trouser,4.0
2023-01-09,Trouser,0.0
2023-01-10,Trouser,1.0
2023-01-11,Trouser,1.0
2023-01-12,Trouser,2.0
2023-01-13,Trouser,1.0
2023-01-14,Trouser,1.0
2023-01-15,Trouser,1.0
2023-01-16,Trouser,0.0
2023-01-17,Trouser,1.0
2023-01-18,Trouser,1.0
2023-01-19,Trouser,0.0
2023-01-20,Trouser,0.0
2023-01-21,Trouser,1.0
2023-01-22,Trouser,0.0
2023-01-23,Trouser,0.0
2023-01-24,Trouser,0.0
2023-01-25,Trouser,0.0
2023-01-26,Trouser,1.0
2023-01-27,Trouser,1.0
2023-01-28,Trouser,0.0
2023-01-29,Trouser,1.0
2023-01-30,Trouser,1.0
2023-01-31,Trouser,3.0
2023-02-01,Trouser,0.0
2023-02-02,Trouser,0.0
2023-02-03,Trouser,6.0
2023-02-04,Trouser,3.0
2023-02-05,Trouser,4.0
2023-02-06,Trouser,1.0
2023-02-07,Trouser,1.0
2023-02-08,Trouser,1.0
2023-02-09,Trouser,1.0
2023-02-10,Trouser,1.0
2023-02-11,Trouser,0.0
2023-02-12,Trouser,2.0
2023-02-13,Trouser,1.0
2023-02-14,Trouser,2.0
2023-02-15,Trouser,1.0
2023-02-16,Trouser,1.0
2023-02-17,Trouser,0.0
2023-02-18,Trouser,0.0
2023-02-19,Trouser,1.0
2023-02-20,Trouser,0.0
2023-02-21,Trouser,0.0
2023-02-22,Trouser,0.0
2023-02-23,Trouser,0.0
2023-02-24,Trouser,3.0
2023-02-25,Trouser,2.0
2023-02-26,Trouser,1.0
2023-02-27,Trouser,2.0
2023-02-28,Trouser,1.0
2023-03-01,Trouser,1.0
2023-03-02,Trouser,1.0
2023-03-03,Trouser,0.0
2023-03-04,Trouser,0.0
2023-03-05,Trouser,1.0
2023-03-06,Trouser,2.0
2023-03-07,Trouser,1.0
2023-03-08,Trouser,0.0
2023-03-09,Trouser,1.0
2023-03-10,Trouser,2.0
2023-03-11,Trouser,0.0
2023-03-12,Trouser,0.0
2023-03-13,Trouser,1.0
2023-03-14,Trouser,0.0
2023-03-15,Trouser,0.0
2023-03-16,Trouser,0.0
2023-03-17,Trouser,1.0
2023-03-18,Trouser,1.0
2023-03-19,Trouser,0.0
2023-03-20,Trouser,1.0
2023-03-21,Trouser,1.0
2023-03-22,Trouser,0.0
2023-03-23,Trouser,2.0
2023-03-24,Trouser,1.0
2023-03-25,Trouser,1.0
2023-03-26,Trouser,0.0
2023-03-27,Trouser,1.0
2023-03-28,Trouser,0.0
2023-03-29,Trouser,5.0
2023-03-30,Trouser,0.0
2023-03-31,Trouser,0.0
2023-04-01,Trouser,1.0
2023-04-02,Trouser,0.0
2023-04-03,Trouser,1.0
2023-04-04,Trouser,2.0
2023-04-05,Trouser,2.0
2023-04-06,Trouser,0.0
2023-04-07,Trouser,0.0
2023-04-08,Trouser,0.0
2023-04-09,Trouser,0.0
2023-04-10,Trouser,0.0
2023-04-11,Trouser,0.0
2023-04-12,Trouser,0.0
2023-04-13,Trouser,0.0
2023-04-14,Trouser,1.0
2023-04-15,Trouser,0.0
2023-04-16,Trouser,1.0
2023-04-17,Trouser,0.0
2023-04-18,Trouser,0.0
2023-04-19,Trouser,1.0
2023-04-20,Trouser,1.0
2023-04-21,Trouser,0.0
2023-04-22,Trouser,0.0
2023-04-23,Trouser,1.0
2023-04-24,Trouser,0.0
2023-04-25,Trouser,2.0
2023-04-26,Trouser,0.0
2023-04-27,Trouser,1.0
2023-04-28,Trouser,1.0
2023-04-29,Trouser,1.0
2023-04-30,Trouser,0.0
2023-05-01,Trouser,0.0
2023-05-02,Trouser,0.0
2023-05-03,Trouser,0.0
2023-05-04,Trouser,1.0
2023-05-05,Trouser,0.0
2023-05-06,Trouser,2.0
2023-05-07,Trouser,1.0
2023-05-08,Trouser,1.0
2023-05-09,Trouser,1.0
2023-05-10,Trouser,0.0
2023-05-11,Trouser,0.0
2023-05-12,Trouser,1.0
2023-05-13,Trouser,1.0
2023-05-14,Trouser,1.0
2023-05-15,Trouser,0.0
2023-05-16,Trouser,2.0
2023-05-17,Trouser,1.0
2023-05-18,Trouser,0.0
2023-05-19,Trouser,1.0
2023-05-20,Trouser,0.0
2023-05-21,Trouser,0.0
2023-05-22,Trouser,0.0
2023-05-23,Trouser,1.0
2023-05-24,Trouser,1.0
2023-05-25,Trouser,0.0
2023-05-26,Trouser,1.0
2023-05-27,Trouser,1.0
2023-05-28,Trouser,1.0
2023-05-29,Trouser,0.0
2023-05-30,Trouser,1.0
2023-05-31,Trouser,0.0
2023-06-01,Trouser,0.0
2023-06-02,Trouser,0.0
2023-06-03,Trouser,1.0
2023-06-04,Trouser,1.0
2023-06-05,Trouser,0.0
2023-06-06,Trouser,1.0
2023-06-07,Trouser,2.0
2023-06-08,Trouser,1.0
2023-06-09,Trouser,2.0
2023-06-10,Trouser,3.0
2023-06-11,Trouser,2.0
2023-06-12,Trouser,1.0
2023-06-13,Trouser,0.0
2023-06-14,Trouser,0.0
2023-06-15,Trouser,0.0
2023-06-16,Trouser,1.0
2023-06-17,Trouser,2.0
2023-06-18,Trouser,3.0
2023-06-19,Trouser,1.0
2023-06-20,Trouser,0.0
2023-06-21,Trouser,1.0
2023-06-22,Trouser,1.0
2023-06-23,Trouser,1.0
2023-06-24,Trouser,1.0
2023-06-25,Trouser,0.0
2023-06-26,Trouser,0.0
2023-06-27,Trouser,1.0
2023-06-28,Trouser,1.0
2023-06-29,Trouser,0.0
2023-06-30,Trouser,1.0
2023-07-01,Trouser,3.0
2023-07-02,Trouser,1.0
2023-07-03,Trouser,1.0
2023-07-04,Trouser,0.0
2023-07-05,Trouser,0.0
2023-07-06,Trouser,2.0
2023-07-07,Trouser,0.0
2023-07-08,Trouser,1.0
2023-07-09,Trouser,1.0
2023-07-10,Trouser,1.0
2023-07-11,Trouser,1.0
2023-07-12,Trouser,0.0
2023-07-13,Trouser,0.0
2023-07-14,Trouser,1.0
2023-07-15,Trouser,1.0
2023-07-16,Trouser,1.0
2023-07-17,Trouser,0.0
2023-07-18,Trouser,3.0
2023-07-19,Trouser,0.0
2023-07-20,Trouser,0.0
2023-07-21,Trouser,1.0
2023-07-22,Trouser,1.0
2023-07-23,Trouser,0.0
2023-07-24,Trouser,2.0
2023-07-25,Trouser,1.0
2023-07-26,Trouser,0.0
2023-07-27,Trouser,0.0
2023-07-28,Trouser,0.0
2023-07-29,Trouser,0.0
2023-07-30,Trouser,1.0
2023-07-31,Trouser,1.0
2023-08-01,Trouser,0.0
2023-08-02,Trouser,1.0
2023-08-03,Trouser,1.0
2023-08-04,Trouser,1.0
2023-08-05,Trouser,1.0
2023-08-06,Trouser,0.0
2023-08-07,Trouser,2.0
2023-08-08,Trouser,0.0
2023-08-09,Trouser,0.0
2023-08-10,Trouser,1.0
2023-08-11,Trouser,0.0
2023-08-12,Trouser,4.0
2023-08-13,Trouser,0.0
2023-08-14,Trouser,0.0
2023-08-15,Trouser,2.0
2023-08-16,Trouser,1.0
2023-08-17,Trouser,1.0
2023-08-18,Trouser,2.0
2023-08-19,Trouser,2.0
2023-08-20,Trouser,0.0
2023-08-21,Trouser,1.0
2023-08-22,Trouser,0.0
2023-08-23,Trouser,0.0
2023-08-24,Trouser,1.0
2023-08-25,Trouser,2.0
2023-08-26,Trouser,2.0
2023-08-27,Trouser,0.0
2023-08-28,Trouser,0.0
2023-08-29,Trouser,0.0
2023-08-30,Trouser,0.0
2023-08-31,Trouser,1.0
2023-09-01,Trouser,0.0
2023-09-02,Trouser,1.0
2023-09-03,Trouser,1.0
2023-09-04,Trouser,1.0
2023-09-05,Trouser,0.0
2023-09-06,Trouser,3.0
2023-09-07,Trouser,1.0
2023-09-08,Trouser,4.0
2023-09-09,Trouser,0.0
2023-09-10,Trouser,0.0
2023-09-11,Trouser,1.0
2023-09-12,Trouser,1.0
2023-09-13,Trouser,1.0
2023-09-14,Trouser,0.0
2023-09-15,Trouser,2.0
2023-09-16,Trouser,0.0
2023-09-17,Trouser,1.0
2023-09-18,Trouser,0.0
2023-09-19,Trouser,0.0
2023-09-20,Trouser,0.0
2023-09-21,Trouser,0.0
2023-09-22,Trouser,0.0
2023-09-23,Trouser,0.0
2023-09-24,Trouser,0.0
2023-09-25,Trouser,2.0
2023-09-26,Trouser,1.0
2023-09-27,Trouser,1.0
2023-09-28,Trouser,0.0
2023-09-29,Trouser,4.0
2023-09-30,Trouser,2.0
2023-10-01,Trouser,0.0
2023-10-02,Trouser,0.0
2023-10-03,Trouser,0.0
2023-10-04,Trouser,1.0
2023-10-05,Trouser,0.0
2023-10-06,Trouser,3.0
2023-10-07,Trouser,0.0
2023-10-08,Trouser,1.0
2023-10-09,Trouser,1.0
2023-10-10,Trouser,0.0
2023-10-11,Trouser,1.0
2023-10-12,Trouser,1.0
2023-10-13,Trouser,1.0
2023-10-14,Trouser,0.0
2023-10-15,Trouser,1.0
2023-10-16,Trouser,0.0
2023-10-17,Trouser,0.0
2023-10-18,Trouser,1.0
2023-10-19,Trouser,0.0
2023-10-20,Trouser,0.0
2023-10-21,Trouser,1.0
2023-10-22,Trouser,1.0
2023-10-23,Trouser,1.0
2023-10-24,Trouser,0.0
2023-10-25,Trouser,0.0
2023-10-26,Trouser,1.0
2023-10-27,Trouser,0.0
2023-10-28,Trouser,1.0
2023-10-29,Trouser,0.0
2023-10-30,Trouser,0.0
2023-10-31,Trouser,0.0
2023-11-01,Trouser,0.0
2023-11-02,Trouser,0.0
2023-11-03,Trouser,0.0
2023-11-04,Trouser,2.0
2023-11-05,Trouser,0.0
2023-11-06,Trouser,1.0
2023-11-07,Trouser,0.0
2023-11-08,Trouser,1.0
2023-11-09,Trouser,0.0
2023-11-10,Trouser,0.0
2023-11-11,Trouser,0.0
2023-11-12,Trouser,1.0
2023-11-13,Trouser,1.0
2023-11-14,Trouser,1.0
2023-11-15,Trouser,2.0
2023-11-16,Trouser,0.0
2023-11-17,Trouser,1.0
2023-11-18,Trouser,0.0
2023-11-19,Trouser,2.0
2023-11-20,Trouser,0.0
2023-11-21,Trouser,0.0
2023-11-22,Trouser,1.0
2023-11-23,Trouser,1.0
2023-11-24,Trouser,3.0
2023-11-25,Trouser,3.0
2023-11-26,Trouser,1.0
2023-11-27,Trouser,0.0
2023-11-28,Trouser,0.0
2023-11-29,Trouser,2.0
2023-11-30,Trouser,0.0
2023-12-01,Trouser,1.0
2023-12-02,Trouser,0.0
2023-12-03,Trouser,1.0
2023-12-04,Trouser,1.0
2023-12-05,Trouser,0.0
2023-12-06,Trouser,3.0
2023-12-07,Trouser,1.0
2023-12-08,Trouser,0.0
2023-12-09,Trouser,0.0
2023-12-10,Trouser,2.0
2023-12-11,Trouser,1.0
2023-12-12,Trouser,1.0
2023-12-13,Trouser,1.0
2023-12-14,Trouser,0.0
2023-12-15,Trouser,0.0
2023-12-16,Trouser,1.0
2023-12-17,Trouser,0.0
2023-12-18,Trouser,1.0
2023-12-19,Trouser,1.0
2023-12-20,Trouser,0.0
2023-12-21,Trouser,0.0
2023-12-22,Trouser,2.0
2023-12-23,Trouser,0.0
2023-12-24,Trouser,0.0
2023-12-25,Trouser,0.0
2023-12-26,Trouser,2.0
2023-12-27,Trouser,1.0
2023-12-28,Trouser,1.0
2023-12-29,Trouser,0.0
2023-12-30,Trouser,3.0
2023-12-31,Trouser,0.0
2024-01-01,Trouser,4.0
2024-01-02,Trouser,0.0
2024-01-03,Trouser,2.0
2024-01-04,Trouser,0.0
2024-01-05,Trouser,1.0
2024-01-06,Trouser,1.0
2024-01-07,Trouser,0.0
2024-01-08,Trouser,3.0
2024-01-09,Trouser,0.0
2024-01-10,Trouser,2.0
2024-01-11,Trouser,0.0
2024-01-12,Trouser,1.0
2024-01-13,Trouser,0.0
2024-01-14,Trouser,0.0
2024-01-15,Trouser,0.0
2024-01-16,Trouser,0.0
2024-01-17,Trouser,1.0
2024-01-18,Trouser,1.0
2024-01-19,Trouser,0.0
2024-01-20,Trouser,0.0
2024-01-21,Trouser,0.0
2024-01-22,Trouser,2.0
2024-01-23,Trouser,0.0
2024-01-24,Trouser,3.0
2024-01-25,Trouser,0.0
2024-01-26,Trouser,0.0
2024-01-27,Trouser,3.0
2024-01-28,Trouser,0.0
2024-01-29,Trouser,2.0
2024-01-30,Trouser,0.0
2024-01-31,Trouser,0.0
2024-02-01,Trouser,1.0
2024-02-02,Trouser,1.0
2024-02-03,Trouser,0.0
2024-02-04,Trouser,1.0
2024-02-05,Trouser,2.0
2024-02-06,Trouser,0.0
2024-02-07,Trouser,0.0
2024-02-08,Trouser,2.0
2024-02-09,Trouser,1.0
2024-02-10,Trouser,0.0
2024-02-11,Trouser,1.0
2024-02-12,Trouser,0.0
2024-02-13,Trouser,1.0
2024-02-14,Trouser,0.0
2024-02-15,Trouser,1.0
2024-02-16,Trouser,0.0
2024-02-17,Trouser,0.0
2024-02-18,Trouser,1.0
2024-02-19,Trouser,0.0
2024-02-20,Trouser,0.0
2024-02-21,Trouser,2.0
2024-02-22,Trouser,0.0
2024-02-23,Trouser,3.0
2024-02-24,Trouser,1.0
2024-02-25,Trouser,0.0
2024-02-26,Trouser,3.0
2024-02-27,Trouser,0.0
2024-02-28,Trouser,1.0
2024-02-29,Trouser,0.0
2024-03-01,Trouser,3.0
2024-03-02,Trouser,3.0
2024-03-03,Trouser,1.0
2024-03-04,Trouser,0.0
2024-03-05,Trouser,1.0
2024-03-06,Trouser,0.0
2024-03-07,Trouser,2.0
2024-03-08,Trouser,0.0
2024-03-09,Trouser,1.0
2024-03-10,Trouser,0.0
2024-03-11,Trouser,1.0
2024-03-12,Trouser,1.0
2024-03-13,Trouser,0.0
2024-03-14,Trouser,1.0
2024-03-15,Trouser,0.0
2024-03-16,Trouser,0.0
2024-03-17,Trouser,0.0
2024-03-18,Trouser,0.0
2024-03-19,Trouser,0.0
2024-03-20,Trouser,2.0
2024-03-21,Trouser,1.0
2024-03-22,Trouser,0.0
2024-03-23,Trouser,0.0
2024-03-24,Trouser,0.0
2024-03-25,Trouser,2.0
2024-03-26,Trouser,2.0
2021-03-28,Skirt,0.0
2021-03-29,Skirt,1.0
2021-03-30,Skirt,0.0
2021-03-31,Skirt,0.0
2021-04-01,Skirt,0.0
2021-04-02,Skirt,1.0
2021-04-03,Skirt,0.0
2021-04-04,Skirt,0.0
2021-04-05,Skirt,0.0
2021-04-06,Skirt,0.0
2021-04-07,Skirt,0.0
2021-04-08,Skirt,1.0
2021-04-09,Skirt,1.0
2021-04-10,Skirt,0.0
2021-04-11,Skirt,0.0
2021-04-12,Skirt,0.0
2021-04-13,Skirt,2.0
2021-04-14,Skirt,0.0
2021-04-15,Skirt,4.0
2021-04-16,Skirt,0.0
2021-04-17,Skirt,2.0
2021-04-18,Skirt,4.0
2021-04-19,Skirt,1.0
2021-04-20,Skirt,0.0
2021-04-21,Skirt,2.0
2021-04-22,Skirt,0.0
2021-04-23,Skirt,1.0
2021-04-24,Skirt,0.0
2021-04-25,Skirt,0.0
2021-04-26,Skirt,0.0
2021-04-27,Skirt,0.0
2021-04-28,Skirt,0.0
2021-04-29,Skirt,0.0
2021-04-30,Skirt,0.0
2021-05-01,Skirt,1.0
2021-05-02,Skirt,1.0
2021-05-03,Skirt,0.0
2021-05-04,Skirt,0.0
2021-05-05,Skirt,2.0
2021-05-06,Skirt,0.0
2021-05-07,Skirt,0.0
2021-05-08,Skirt,1.0
2021-05-09,Skirt,0.0
2021-05-10,Skirt,1.0
2021-05-11,Skirt,2.0
2021-05-12,Skirt,1.0
2021-05-13,Skirt,0.0
2021-05-14,Skirt,0.0
2021-05-15,Skirt,0.0
2021-05-16,Skirt,0.0
2021-05-17,Skirt,0.0
2021-05-18,Skirt,0.0
2021-05-19,Skirt,1.0
2021-05-20,Skirt,0.0
2021-05-21,Skirt,0.0
2021-05-22,Skirt,1.0
2021-05-23,Skirt,0.0
2021-05-24,Skirt,1.0
2021-05-25,Skirt,0.0
2021-05-26,Skirt,0.0
2021-05-27,Skirt,0.0
2021-05-28,Skirt,0.0
2021-05-29,Skirt,0.0
2021-05-30,Skirt,1.0
2021-05-31,Skirt,0.0
2021-06-01,Skirt,0.0
2021-06-02,Skirt,0.0
2021-06-03,Skirt,0.0
2021-06-04,Skirt,2.0
2021-06-05,Skirt,2.0
2021-06-06,Skirt,0.0
2021-06-07,Skirt,0.0
2021-06-08,Skirt,1.0
2021-06-09,Skirt,0.0
2021-06-10,Skirt,1.0
2021-06-11,Skirt,0.0
2021-06-12,Skirt,1.0
2021-06-13,Skirt,1.0
2021-06-14,Skirt,1.0
2021-06-15,Skirt,2.0
2021-06-16,Skirt,0.0
2021-06-17,Skirt,0.0
2021-06-18,Skirt,2.0
2021-06-19,Skirt,1.0
2021-06-20,Skirt,1.0
2021-06-21,Skirt,1.0
2021-06-22,Skirt,1.0
2021-06-23,Skirt,1.0
2021-06-24,Skirt,0.0
2021-06-25,Skirt,1.0
2021-06-26,Skirt,0.0
2021-06-27,Skirt,2.0
2021-06-28,Skirt,1.0
2021-06-29,Skirt,0.0
2021-06-30,Skirt,0.0
2021-07-01,Skirt,0.0
2021-07-02,Skirt,0.0
2021-07-03,Skirt,0.0
2021-07-04,Skirt,0.0
2021-07-05,Skirt,2.0
2021-07-06,Skirt,1.0
2021-07-07,Skirt,0.0
2021-07-08,Skirt,1.0
2021-07-09,Skirt,1.0
2021-07-10,Skirt,2.0
2021-07-11,Skirt,2.0
2021-07-12,Skirt,1.0
2021-07-13,Skirt,4.0
2021-07-14,Skirt,3.0
2021-07-15,Skirt,0.0
2021-07-16,Skirt,3.0
2021-07-17,Skirt,1.0
2021-07-18,Skirt,0.0
2021-07-19,Skirt,0.0
2021-07-20,Skirt,2.0
2021-07-21,Skirt,0.0
2021-07-22,Skirt,1.0
2021-07-23,Skirt,2.0
2021-07-24,Skirt,1.0
2021-07-25,Skirt,0.0
2021-07-26,Skirt,1.0
2021-07-27,Skirt,1.0
2021-07-28,Skirt,0.0
2021-07-29,Skirt,0.0
2021-07-30,Skirt,0.0
2021-07-31,Skirt,1.0
2021-08-01,Skirt,0.0
2021-08-02,Skirt,1.0
2021-08-03,Skirt,0.0
2021-08-04,Skirt,1.0
2021-08-05,Skirt,0.0
2021-08-06,Skirt,0.0
2021-08-07,Skirt,1.0
2021-08-08,Skirt,4.0
2021-08-09,Skirt,0.0
2021-08-10,Skirt,0.0
2021-08-11,Skirt,2.0
2021-08-12,Skirt,0.0
2021-08-13,Skirt,2.0
2021-08-14,Skirt,3.0
2021-08-15,Skirt,1.0
2021-08-16,Skirt,0.0
2021-08-17,Skirt,0.0
2021-08-18,Skirt,0.0
2021-08-19,Skirt,0.0
2021-08-20,Skirt,0.0
2021-08-21,Skirt,2.0
2021-08-22,Skirt,2.0
2021-08-23,Skirt,2.0
2021-08-24,Skirt,0.0
2021-08-25,Skirt,0.0
2021-08-26,Skirt,3.0
2021-08-27,Skirt,0.0
2021-08-28,Skirt,0.0
2021-08-29,Skirt,1.0
2021-08-30,Skirt,1.0
2021-08-31,Skirt,0.0
2021-09-01,Skirt,0.0
2021-09-02,Skirt,0.0
2021-09-03,Skirt,0.0
2021-09-04,Skirt,2.0
2021-09-05,Skirt,1.0
2021-09-06,Skirt,0.0
2021-09-07,Skirt,1.0
2021-09-08,Skirt,0.0
2021-09-09,Skirt,2.0
2021-09-10,Skirt,0.0
2021-09-11,Skirt,0.0
2021-09-12,Skirt,1.0
2021-09-13,Skirt,0.0
2021-09-14,Skirt,1.0
2021-09-15,Skirt,0.0
2021-09-16,Skirt,3.0
2021-09-17,Skirt,0.0
2021-09-18,Skirt,2.0
2021-09-19,Skirt,0.0
2021-09-20,Skirt,1.0
2021-09-21,Skirt,0.0
2021-09-22,Skirt,2.0
2021-09-23,Skirt,2.0
2021-09-24,Skirt,3.0
2021-09-25,Skirt,1.0
2021-09-26,Skirt,1.0
2021-09-27,Skirt,1.0
2021-09-28,Skirt,1.0
2021-09-29,Skirt,0.0
2021-09-30,Skirt,2.0
2021-10-01,Skirt,0.0
2021-10-02,Skirt,1.0
2021-10-03,Skirt,0.0
2021-10-04,Skirt,1.0
2021-10-05,Skirt,0.0
2021-10-06,Skirt,2.0
2021-10-07,Skirt,0.0
2021-10-08,Skirt,0.0
2021-10-09,Skirt,0.0
2021-10-10,Skirt,2.0
2021-10-11,Skirt,0.0
2021-10-12,Skirt,0.0
2021-10-13,Skirt,0.0
2021-10-14,Skirt,0.0
2021-10-15,Skirt,1.0
2021-10-16,Skirt,0.0
2021-10-17,Skirt,0.0
2021-10-18,Skirt,0.0
2021-10-19,Skirt,1.0
2021-10-20,Skirt,0.0
2021-10-21,Skirt,0.0
2021-10-22,Skirt,0.0
2021-10-23,Skirt,3.0
2021-10-24,Skirt,2.0
2021-10-25,Skirt,0.0
2021-10-26,Skirt,1.0
2021-10-27,Skirt,2.0
2021-10-28,Skirt,4.0
2021-10-29,Skirt,2.0
2021-10-30,Skirt,0.0
2021-10-31,Skirt,0.0
2021-11-01,Skirt,1.0
2021-11-02,Skirt,1.0
2021-11-03,Skirt,4.0
2021-11-04,Skirt,0.0
2021-11-05,Skirt,0.0
2021-11-06,Skirt,0.0
2021-11-07,Skirt,1.0
2021-11-08,Skirt,2.0
2021-11-09,Skirt,0.0
2021-11-10,Skirt,2.0
2021-11-11,Skirt,3.0
2021-11-12,Skirt,1.0
2021-11-13,Skirt,0.0
2021-11-14,Skirt,3.0
2021-11-15,Skirt,1.0
2021-11-16,Skirt,1.0
2021-11-17,Skirt,1.0
2021-11-18,Skirt,1.0
2021-11-19,Skirt,0.0
2021-11-20,Skirt,1.0
2021-11-21,Skirt,1.0
2021-11-22,Skirt,0.0
2021-11-23,Skirt,0.0
2021-11-24,Skirt,0.0
2021-11-25,Skirt,1.0
2021-11-26,Skirt,0.0
2021-11-27,Skirt,1.0
2021-11-28,Skirt,0.0
2021-11-29,Skirt,2.0
2021-11-30,Skirt,0.0
2021-12-01,Skirt,1.0
2021-12-02,Skirt,0.0
2021-12-03,Skirt,0.0
2021-12-04,Skirt,0.0
2021-12-05,Skirt,2.0
2021-12-06,Skirt,1.0
2021-12-07,Skirt,0.0
2021-12-08,Skirt,0.0
2021-12-09,Skirt,1.0
2021-12-10,Skirt,1.0
2021-12-11,Skirt,0.0
2021-12-12,Skirt,1.0
2021-12-13,Skirt,0.0
2021-12-14,Skirt,1.0
2021-12-15,Skirt,0.0
2021-12-16,Skirt,0.0
2021-12-17,Skirt,0.0
2021-12-18,Skirt,0.0
2021-12-19,Skirt,1.0
2021-12-20,Skirt,1.0
2021-12-21,Skirt,0.0
2021-12-22,Skirt,0.0
2021-12-23,Skirt,1.0
2021-12-24,Skirt,0.0
2021-12-25,Skirt,2.0
2021-12-26,Skirt,1.0
2021-12-27,Skirt,1.0
2021-12-28,Skirt,3.0
2021-12-29,Skirt,0.0
2021-12-30,Skirt,0.0
2021-12-31,Skirt,1.0
2022-01-01,Skirt,1.0
2022-01-02,Skirt,0.0
2022-01-03,Skirt,0.0
2022-01-04,Skirt,4.0
2022-01-05,Skirt,1.0
2022-01-06,Skirt,2.0
2022-01-07,Skirt,0.0
2022-01-08,Skirt,0.0
2022-01-09,Skirt,0.0
2022-01-10,Skirt,0.0
2022-01-11,Skirt,0.0
2022-01-12,Skirt,1.0
2022-01-13,Skirt,0.0
2022-01-14,Skirt,0.0
2022-01-15,Skirt,2.0
2022-01-16,Skirt,0.0
2022-01-17,Skirt,0.0
2022-01-18,Skirt,0.0
2022-01-19,Skirt,1.0
2022-01-20,Skirt,1.0
2022-01-21,Skirt,0.0
2022-01-22,Skirt,1.0
2022-01-23,Skirt,1.0
2022-01-24,Skirt,0.0
2022-01-25,Skirt,0.0
2022-01-26,Skirt,0.0
2022-01-27,Skirt,0.0
2022-01-28,Skirt,2.0
2022-01-29,Skirt,2.0
2022-01-30,Skirt,1.0
2022-01-31,Skirt,0.0
2022-02-01,Skirt,0.0
2022-02-02,Skirt,0.0
2022-02-03,Skirt,2.0
2022-02-04,Skirt,1.0
2022-02-05,Skirt,0.0
2022-02-06,Skirt,0.0
2022-02-07,Skirt,0.0
2022-02-08,Skirt,1.0
2022-02-09,Skirt,0.0
2022-02-10,Skirt,2.0
2022-02-11,Skirt,2.0
2022-02-12,Skirt,0.0
2022-02-13,Skirt,0.0
2022-02-14,Skirt,0.0
2022-02-15,Skirt,1.0
2022-02-16,Skirt,0.0
2022-02-17,Skirt,0.0
2022-02-18,Skirt,1.0
2022-02-19,Skirt,1.0
2022-02-20,Skirt,0.0
2022-02-21,Skirt,1.0
2022-02-22,Skirt,2.0
2022-02-23,Skirt,0.0
2022-02-24,Skirt,1.0
2022-02-25,Skirt,1.0
2022-02-26,Skirt,2.0
2022-02-27,Skirt,0.0
2022-02-28,Skirt,3.0
2022-03-01,Skirt,1.0
2022-03-02,Skirt,1.0
2022-03-03,Skirt,0.0
2022-03-04,Skirt,1.0
2022-03-05,Skirt,1.0
2022-03-06,Skirt,2.0
2022-03-07,Skirt,3.0
2022-03-08,Skirt,0.0
2022-03-09,Skirt,0.0
2022-03-10,Skirt,1.0
2022-03-11,Skirt,1.0
2022-03-12,Skirt,1.0
2022-03-13,Skirt,1.0
2022-03-14,Skirt,2.0
2022-03-15,Skirt,1.0
2022-03-16,Skirt,0.0
2022-03-17,Skirt,0.0
2022-03-18,Skirt,0.0
2022-03-19,Skirt,2.0
2022-03-20,Skirt,0.0
2022-03-21,Skirt,0.0
2022-03-22,Skirt,0.0
2022-03-23,Skirt,0.0
2022-03-24,Skirt,2.0
2022-03-25,Skirt,3.0
2022-03-26,Skirt,0.0
2022-03-27,Skirt,1.0
2022-03-28,Skirt,0.0
2022-03-29,Skirt,3.0
2022-03-30,Skirt,0.0
2022-03-31,Skirt,0.0
2022-04-01,Skirt,0.0
2022-04-02,Skirt,3.0
2022-04-03,Skirt,0.0
2022-04-04,Skirt,1.0
2022-04-05,Skirt,0.0
2022-04-06,Skirt,1.0
2022-04-07,Skirt,3.0
2022-04-08,Skirt,2.0
2022-04-09,Skirt,0.0
2022-04-10,Skirt,0.0
2022-04-11,Skirt,1.0
2022-04-12,Skirt,1.0
2022-04-13,Skirt,0.0
2022-04-14,Skirt,1.0
2022-04-15,Skirt,3.0
2022-04-16,Skirt,1.0
2022-04-17,Skirt,1.0
2022-04-18,Skirt,1.0
2022-04-19,Skirt,0.0
2022-04-20,Skirt,0.0
2022-04-21,Skirt,0.0
2022-04-22,Skirt,0.0
2022-04-23,Skirt,1.0
2022-04-24,Skirt,0.0
2022-04-25,Skirt,2.0
2022-04-26,Skirt,0.0
2022-04-27,Skirt,2.0
2022-04-28,Skirt,0.0
2022-04-29,Skirt,0.0
2022-04-30,Skirt,0.0
2022-05-01,Skirt,0.0
2022-05-02,Skirt,1.0
2022-05-03,Skirt,0.0
2022-05-04,Skirt,1.0
2022-05-05,Skirt,2.0
2022-05-06,Skirt,0.0
2022-05-07,Skirt,1.0
2022-05-08,Skirt,0.0
2022-05-09,Skirt,0.0
2022-05-10,Skirt,2.0
2022-05-11,Skirt,0.0
2022-05-12,Skirt,0.0
2022-05-13,Skirt,1.0
2022-05-14,Skirt,0.0
2022-05-15,Skirt,0.0
2022-05-16,Skirt,3.0
2022-05-17,Skirt,1.0
2022-05-18,Skirt,0.0
2022-05-19,Skirt,0.0
2022-05-20,Skirt,2.0
2022-05-21,Skirt,0.0
2022-05-22,Skirt,1.0
2022-05-23,Skirt,4.0
2022-05-24,Skirt,2.0
2022-05-25,Skirt,0.0
2022-05-26,Skirt,1.0
2022-05-27,Skirt,0.0
2022-05-28,Skirt,0.0
2022-05-29,Skirt,1.0
2022-05-30,Skirt,1.0
2022-05-31,Skirt,0.0
2022-06-01,Skirt,0.0
2022-06-02,Skirt,0.0
2022-06-03,Skirt,1.0
2022-06-04,Skirt,2.0
2022-06-05,Skirt,1.0
2022-06-06,Skirt,0.0
2022-06-07,Skirt,0.0
2022-06-08,Skirt,1.0
2022-06-09,Skirt,0.0
2022-06-10,Skirt,0.0
2022-06-11,Skirt,0.0
2022-06-12,Skirt,1.0
2022-06-13,Skirt,1.0
2022-06-14,Skirt,0.0
2022-06-15,Skirt,0.0
2022-06-16,Skirt,2.0
2022-06-17,Skirt,3.0
2022-06-18,Skirt,0.0
2022-06-19,Skirt,0.0
2022-06-20,Skirt,0.0
2022-06-21,Skirt,1.0
2022-06-22,Skirt,0.0
2022-06-23,Skirt,0.0
2022-06-24,Skirt,1.0
2022-06-25,Skirt,1.0
2022-06-26,Skirt,0.0
2022-06-27,Skirt,1.0
2022-06-28,Skirt,0.0
2022-06-29,Skirt,0.0
2022-06-30,Skirt,0.0
2022-07-01,Skirt,3.0
2022-07-02,Skirt,2.0
2022-07-03,Skirt,2.0
2022-07-04,Skirt,0.0
2022-07-05,Skirt,0.0
2022-07-06,Skirt,0.0
2022-07-07,Skirt,0.0
2022-07-08,Skirt,1.0
2022-07-09,Skirt,0.0
2022-07-10,Skirt,0.0
2022-07-11,Skirt,5.0
2022-07-12,Skirt,1.0
2022-07-13,Skirt,1.0
2022-07-14,Skirt,1.0
2022-07-15,Skirt,0.0
2022-07-16,Skirt,1.0
2022-07-17,Skirt,0.0
2022-07-18,Skirt,0.0
2022-07-19,Skirt,0.0
2022-07-20,Skirt,3.0
2022-07-21,Skirt,1.0
2022-07-22,Skirt,0.0
2022-07-23,Skirt,0.0
2022-07-24,Skirt,0.0
2022-07-25,Skirt,2.0
2022-07-26,Skirt,1.0
2022-07-27,Skirt,0.0
2022-07-28,Skirt,0.0
2022-07-29,Skirt,0.0
2022-07-30,Skirt,1.0
2022-07-31,Skirt,0.0
2022-08-01,Skirt,0.0
2022-08-02,Skirt,1.0
2022-08-03,Skirt,1.0
2022-08-04,Skirt,0.0
2022-08-05,Skirt,1.0
2022-08-06,Skirt,0.0
2022-08-07,Skirt,1.0
2022-08-08,Skirt,0.0
2022-08-09,Skirt,0.0
2022-08-10,Skirt,1.0
2022-08-11,Skirt,2.0
2022-08-12,Skirt,0.0
2022-08-13,Skirt,1.0
2022-08-14,Skirt,2.0
2022-08-15,Skirt,0.0
2022-08-16,Skirt,1.0
2022-08-17,Skirt,0.0
2022-08-18,Skirt,1.0
2022-08-19,Skirt,0.0
2022-08-20,Skirt,1.0
2022-08-21,Skirt,0.0
2022-08-22,Skirt,0.0
2022-08-23,Skirt,0.0
2022-08-24,Skirt,1.0
2022-08-25,Skirt,2.0
2022-08-26,Skirt,0.0
2022-08-27,Skirt,1.0
2022-08-28,Skirt,0.0
2022-08-29,Skirt,0.0
2022-08-30,Skirt,0.0
2022-08-31,Skirt,0.0
2022-09-01,Skirt,1.0
2022-09-02,Skirt,0.0
2022-09-03,Skirt,2.0
2022-09-04,Skirt,0.0
2022-09-05,Skirt,0.0
2022-09-06,Skirt,1.0
2022-09-07,Skirt,0.0
2022-09-08,Skirt,0.0
2022-09-09,Skirt,0.0
2022-09-10,Skirt,1.0
2022-09-11,Skirt,0.0
2022-09-12,Skirt,1.0
2022-09-13,Skirt,1.0
2022-09-14,Skirt,1.0
2022-09-15,Skirt,0.0
2022-09-16,Skirt,0.0
2022-09-17,Skirt,0.0
2022-09-18,Skirt,0.0
2022-09-19,Skirt,0.0
2022-09-20,Skirt,0.0
2022-09-21,Skirt,0.0
2022-09-22,Skirt,1.0
2022-09-23,Skirt,0.0
2022-09-24,Skirt,2.0
2022-09-25,Skirt,0.0
2022-09-26,Skirt,0.0
2022-09-27,Skirt,1.0
2022-09-28,Skirt,0.0
2022-09-29,Skirt,1.0
2022-09-30,Skirt,0.0
2022-10-01,Skirt,0.0
2022-10-02,Skirt,1.0
2022-10-03,Skirt,0.0
2022-10-04,Skirt,2.0
2022-10-05,Skirt,1.0
2022-10-06,Skirt,1.0
2022-10-07,Skirt,0.0
2022-10-08,Skirt,2.0
2022-10-09,Skirt,1.0
2022-10-10,Skirt,0.0
2022-10-11,Skirt,0.0
2022-10-12,Skirt,0.0
2022-10-13,Skirt,1.0
2022-10-14,Skirt,0.0
2022-10-15,Skirt,1.0
2022-10-16,Skirt,0.0
2022-10-17,Skirt,0.0
2022-10-18,Skirt,0.0
2022-10-19,Skirt,0.0
2022-10-20,Skirt,0.0
2022-10-21,Skirt,2.0
2022-10-22,Skirt,0.0
2022-10-23,Skirt,0.0
2022-10-24,Skirt,1.0
2022-10-25,Skirt,0.0
2022-10-26,Skirt,1.0
2022-10-27,Skirt,1.0
2022-10-28,Skirt,0.0
2022-10-29,Skirt,0.0
2022-10-30,Skirt,2.0
2022-10-31,Skirt,0.0
2022-11-01,Skirt,1.0
2022-11-02,Skirt,0.0
2022-11-03,Skirt,1.0
2022-11-04,Skirt,0.0
2022-11-05,Skirt,0.0
2022-11-06,Skirt,1.0
2022-11-07,Skirt,0.0
2022-11-08,Skirt,0.0
2022-11-09,Skirt,0.0
2022-11-10,Skirt,1.0
2022-11-11,Skirt,3.0
2022-11-12,Skirt,2.0
2022-11-13,Skirt,1.0
2022-11-14,Skirt,0.0
2022-11-15,Skirt,0.0
2022-11-16,Skirt,2.0
2022-11-17,Skirt,0.0
2022-11-18,Skirt,0.0
2022-11-19,Skirt,1.0
2022-11-20,Skirt,0.0
2022-11-21,Skirt,0.0
2022-11-22,Skirt,0.0
2022-11-23,Skirt,2.0
2022-11-24,Skirt,1.0
2022-11-25,Skirt,1.0
2022-11-26,Skirt,1.0
2022-11-27,Skirt,1.0
2022-11-28,Skirt,2.0
2022-11-29,Skirt,1.0
2022-11-30,Skirt,0.0
2022-12-01,Skirt,1.0
2022-12-02,Skirt,2.0
2022-12-03,Skirt,1.0
2022-12-04,Skirt,1.0
2022-12-05,Skirt,2.0
2022-12-06,Skirt,0.0
2022-12-07,Skirt,0.0
2022-12-08,Skirt,0.0
2022-12-09,Skirt,1.0
2022-12-10,Skirt,0.0
2022-12-11,Skirt,0.0
2022-12-12,Skirt,1.0
2022-12-13,Skirt,1.0
2022-12-14,Skirt,0.0
2022-12-15,Skirt,1.0
2022-12-16,Skirt,1.0
2022-12-17,Skirt,0.0
2022-12-18,Skirt,1.0
2022-12-19,Skirt,0.0
2022-12-20,Skirt,0.0
2022-12-21,Skirt,0.0
2022-12-22,Skirt,0.0
2022-12-23,Skirt,0.0
2022-12-24,Skirt,1.0
2022-12-25,Skirt,1.0
2022-12-26,Skirt,2.0
2022-12-27,Skirt,0.0
2022-12-28,Skirt,0.0
2022-12-29,Skirt,0.0
2022-12-30,Skirt,1.0
2022-12-31,Skirt,1.0
2023-01-01,Skirt,0.0
2023-01-02,Skirt,3.0
2023-01-03,Skirt,1.0
2023-01-04,Skirt,0.0
2023-01-05,Skirt,0.0
2023-01-06,Skirt,1.0
2023-01-07,Skirt,2.0
2023-01-08,Skirt,1.0
2023-01-09,Skirt,1.0
2023-01-10,Skirt,0.0
2023-01-11,Skirt,1.0
2023-01-12,Skirt,0.0
2023-01-13,Skirt,2.0
2023-01-14,Skirt,0.0
2023-01-15,Skirt,1.0
2023-01-16,Skirt,0.0
2023-01-17,Skirt,3.0
2023-01-18,Skirt,2.0
2023-01-19,Skirt,1.0
2023-01-20,Skirt,1.0
2023-01-21,Skirt,0.0
2023-01-22,Skirt,0.0
2023-01-23,Skirt,1.0
2023-01-24,Skirt,2.0
2023-01-25,Skirt,2.0
2023-01-26,Skirt,1.0
2023-01-27,Skirt,0.0
2023-01-28,Skirt,0.0
2023-01-29,Skirt,1.0
2023-01-30,Skirt,1.0
2023-01-31,Skirt,0.0
2023-02-01,Skirt,0.0
2023-02-02,Skirt,0.0
2023-02-03,Skirt,3.0
2023-02-04,Skirt,1.0
2023-02-05,Skirt,1.0
2023-02-06,Skirt,2.0
2023-02-07,Skirt,1.0
2023-02-08,Skirt,1.0
2023-02-09,Skirt,0.0
2023-02-10,Skirt,0.0
2023-02-11,Skirt,1.0
2023-02-12,Skirt,1.0
2023-02-13,Skirt,1.0
2023-02-14,Skirt,1.0
2023-02-15,Skirt,1.0
2023-02-16,Skirt,0.0
2023-02-17,Skirt,2.0
2023-02-18,Skirt,0.0
2023-02-19,Skirt,0.0
2023-02-20,Skirt,0.0
2023-02-21,Skirt,1.0
2023-02-22,Skirt,2.0
2023-02-23,Skirt,0.0
2023-02-24,Skirt,1.0
2023-02-25,Skirt,1.0
2023-02-26,Skirt,0.0
2023-02-27,Skirt,0.0
2023-02-28,Skirt,0.0
2023-03-01,Skirt,0.0
2023-03-02,Skirt,0.0
2023-03-03,Skirt,0.0
2023-03-04,Skirt,0.0
2023-03-05,Skirt,0.0
2023-03-06,Skirt,1.0
2023-03-07,Skirt,3.0
2023-03-08,Skirt,1.0
2023-03-09,Skirt,1.0
2023-03-10,Skirt,2.0
2023-03-11,Skirt,1.0
2023-03-12,Skirt,0.0
2023-03-13,Skirt,0.0
2023-03-14,Skirt,1.0
2023-03-15,Skirt,3.0
2023-03-16,Skirt,1.0
2023-03-17,Skirt,1.0
2023-03-18,Skirt,1.0
2023-03-19,Skirt,1.0
2023-03-20,Skirt,0.0
2023-03-21,Skirt,0.0
2023-03-22,Skirt,1.0
2023-03-23,Skirt,0.0
2023-03-24,Skirt,0.0
2023-03-25,Skirt,1.0
2023-03-26,Skirt,1.0
2023-03-27,Skirt,1.0
2023-03-28,Skirt,0.0
2023-03-29,Skirt,3.0
2023-03-30,Skirt,1.0
2023-03-31,Skirt,1.0
2023-04-01,Skirt,0.0
2023-04-02,Skirt,0.0
2023-04-03,Skirt,0.0
2023-04-04,Skirt,1.0
2023-04-05,Skirt,0.0
2023-04-06,Skirt,0.0
2023-04-07,Skirt,1.0
2023-04-08,Skirt,1.0
2023-04-09,Skirt,1.0
2023-04-10,Skirt,1.0
2023-04-11,Skirt,0.0
2023-04-12,Skirt,0.0
2023-04-13,Skirt,1.0
2023-04-14,Skirt,0.0
2023-04-15,Skirt,3.0
2023-04-16,Skirt,0.0
2023-04-17,Skirt,3.0
2023-04-18,Skirt,1.0
2023-04-19,Skirt,0.0
2023-04-20,Skirt,0.0
2023-04-21,Skirt,1.0
2023-04-22,Skirt,0.0
2023-04-23,Skirt,1.0
2023-04-24,Skirt,2.0
2023-04-25,Skirt,0.0
2023-04-26,Skirt,1.0
2023-04-27,Skirt,1.0
2023-04-28,Skirt,0.0
2023-04-29,Skirt,0.0
2023-04-30,Skirt,0.0
2023-05-01,Skirt,0.0
2023-05-02,Skirt,0.0
2023-05-03,Skirt,0.0
2023-05-04,Skirt,2.0
2023-05-05,Skirt,0.0
2023-05-06,Skirt,2.0
2023-05-07,Skirt,0.0
2023-05-08,Skirt,0.0
2023-05-09,Skirt,1.0
2023-05-10,Skirt,1.0
2023-05-11,Skirt,1.0
2023-05-12,Skirt,1.0
2023-05-13,Skirt,0.0
2023-05-14,Skirt,1.0
2023-05-15,Skirt,1.0
2023-05-16,Skirt,2.0
2023-05-17,Skirt,0.0
2023-05-18,Skirt,1.0
2023-05-19,Skirt,0.0
2023-05-20,Skirt,3.0
2023-05-21,Skirt,1.0
2023-05-22,Skirt,1.0
2023-05-23,Skirt,1.0
2023-05-24,Skirt,1.0
2023-05-25,Skirt,1.0
2023-05-26,Skirt,0.0
2023-05-27,Skirt,5.0
2023-05-28,Skirt,0.0
2023-05-29,Skirt,0.0
2023-05-30,Skirt,0.0
2023-05-31,Skirt,0.0
2023-06-01,Skirt,0.0
2023-06-02,Skirt,0.0
2023-06-03,Skirt,4.0
2023-06-04,Skirt,1.0
2023-06-05,Skirt,1.0
2023-06-06,Skirt,0.0
2023-06-07,Skirt,1.0
2023-06-08,Skirt,2.0
2023-06-09,Skirt,1.0
2023-06-10,Skirt,2.0
2023-06-11,Skirt,0.0
2023-06-12,Skirt,3.0
2023-06-13,Skirt,0.0
2023-06-14,Skirt,2.0
2023-06-15,Skirt,3.0
2023-06-16,Skirt,1.0
2023-06-17,Skirt,0.0
2023-06-18,Skirt,2.0
2023-06-19,Skirt,0.0
2023-06-20,Skirt,0.0
2023-06-21,Skirt,2.0
2023-06-22,Skirt,1.0
2023-06-23,Skirt,2.0
2023-06-24,Skirt,2.0
2023-06-25,Skirt,0.0
2023-06-26,Skirt,0.0
2023-06-27,Skirt,2.0
2023-06-28,Skirt,2.0
2023-06-29,Skirt,0.0
2023-06-30,Skirt,2.0
2023-07-01,Skirt,0.0
2023-07-02,Skirt,1.0
2023-07-03,Skirt,0.0
2023-07-04,Skirt,0.0
2023-07-05,Skirt,0.0
2023-07-06,Skirt,1.0
2023-07-07,Skirt,1.0
2023-07-08,Skirt,2.0
2023-07-09,Skirt,2.0
2023-07-10,Skirt,2.0
2023-07-11,Skirt,1.0
2023-07-12,Skirt,0.0
2023-07-13,Skirt,2.0
2023-07-14,Skirt,2.0
2023-07-15,Skirt,1.0
2023-07-16,Skirt,0.0
2023-07-17,Skirt,2.0
2023-07-18,Skirt,2.0
2023-07-19,Skirt,1.0
2023-07-20,Skirt,1.0
2023-07-21,Skirt,2.0
2023-07-22,Skirt,0.0
2023-07-23,Skirt,1.0
2023-07-24,Skirt,3.0
2023-07-25,Skirt,1.0
2023-07-26,Skirt,1.0
2023-07-27,Skirt,1.0
2023-07-28,Skirt,1.0
2023-07-29,Skirt,0.0
2023-07-30,Skirt,2.0
2023-07-31,Skirt,1.0
2023-08-01,Skirt,0.0
2023-08-02,Skirt,2.0
2023-08-03,Skirt,0.0
2023-08-04,Skirt,1.0
2023-08-05,Skirt,0.0
2023-08-06,Skirt,1.0
2023-08-07,Skirt,0.0
2023-08-08,Skirt,1.0
2023-08-09,Skirt,0.0
2023-08-10,Skirt,1.0
2023-08-11,Skirt,0.0
2023-08-12,Skirt,0.0
2023-08-13,Skirt,1.0
2023-08-14,Skirt,0.0
2023-08-15,Skirt,0.0
2023-08-16,Skirt,1.0
2023-08-17,Skirt,1.0
2023-08-18,Skirt,2.0
2023-08-19,Skirt,0.0
2023-08-20,Skirt,0.0
2023-08-21,Skirt,2.0
2023-08-22,Skirt,0.0
2023-08-23,Skirt,1.0
2023-08-24,Skirt,1.0
2023-08-25,Skirt,1.0
2023-08-26,Skirt,0.0
2023-08-27,Skirt,0.0
2023-08-28,Skirt,1.0
2023-08-29,Skirt,1.0
2023-08-30,Skirt,1.0
2023-08-31,Skirt,3.0
2023-09-01,Skirt,1.0
2023-09-02,Skirt,0.0
2023-09-03,Skirt,1.0
2023-09-04,Skirt,2.0
2023-09-05,Skirt,1.0
2023-09-06,Skirt,1.0
2023-09-07,Skirt,0.0
2023-09-08,Skirt,1.0
2023-09-09,Skirt,0.0
2023-09-10,Skirt,2.0
2023-09-11,Skirt,0.0
2023-09-12,Skirt,2.0
2023-09-13,Skirt,0.0
2023-09-14,Skirt,0.0
2023-09-15,Skirt,1.0
2023-09-16,Skirt,1.0
2023-09-17,Skirt,0.0
2023-09-18,Skirt,0.0
2023-09-19,Skirt,0.0
2023-09-20,Skirt,0.0
2023-09-21,Skirt,0.0
2023-09-22,Skirt,0.0
2023-09-23,Skirt,0.0
2023-09-24,Skirt,1.0
2023-09-25,Skirt,4.0
2023-09-26,Skirt,1.0
2023-09-27,Skirt,0.0
2023-09-28,Skirt,0.0
2023-09-29,Skirt,0.0
2023-09-30,Skirt,1.0
2023-10-01,Skirt,1.0
2023-10-02,Skirt,0.0
2023-10-03,Skirt,1.0
2023-10-04,Skirt,1.0
2023-10-05,Skirt,0.0
2023-10-06,Skirt,0.0
2023-10-07,Skirt,2.0
2023-10-08,Skirt,0.0
2023-10-09,Skirt,1.0
2023-10-10,Skirt,1.0
2023-10-11,Skirt,1.0
2023-10-12,Skirt,2.0
2023-10-13,Skirt,0.0
2023-10-14,Skirt,0.0
2023-10-15,Skirt,1.0
2023-10-16,Skirt,0.0
2023-10-17,Skirt,1.0
2023-10-18,Skirt,0.0
2023-10-19,Skirt,1.0
2023-10-20,Skirt,0.0
2023-10-21,Skirt,2.0
2023-10-22,Skirt,5.0
2023-10-23,Skirt,1.0
2023-10-24,Skirt,0.0
2023-10-25,Skirt,1.0
2023-10-26,Skirt,1.0
2023-10-27,Skirt,0.0
2023-10-28,Skirt,2.0
2023-10-29,Skirt,0.0
2023-10-30,Skirt,2.0
2023-10-31,Skirt,1.0
2023-11-01,Skirt,0.0
2023-11-02,Skirt,5.0
2023-11-03,Skirt,1.0
2023-11-04,Skirt,0.0
2023-11-05,Skirt,1.0
2023-11-06,Skirt,1.0
2023-11-07,Skirt,0.0
2023-11-08,Skirt,1.0
2023-11-09,Skirt,0.0
2023-11-10,Skirt,1.0
2023-11-11,Skirt,1.0
2023-11-12,Skirt,0.0
2023-11-13,Skirt,1.0
2023-11-14,Skirt,0.0
2023-11-15,Skirt,3.0
2023-11-16,Skirt,0.0
2023-11-17,Skirt,3.0
2023-11-18,Skirt,0.0
2023-11-19,Skirt,1.0
2023-11-20,Skirt,0.0
2023-11-21,Skirt,0.0
2023-11-22,Skirt,0.0
2023-11-23,Skirt,1.0
2023-11-24,Skirt,2.0
2023-11-25,Skirt,2.0
2023-11-26,Skirt,0.0
2023-11-27,Skirt,2.0
2023-11-28,Skirt,4.0
2023-11-29,Skirt,3.0
2023-11-30,Skirt,0.0
2023-12-01,Skirt,1.0
2023-12-02,Skirt,0.0
2023-12-03,Skirt,2.0
2023-12-04,Skirt,0.0
2023-12-05,Skirt,0.0
2023-12-06,Skirt,1.0
2023-12-07,Skirt,1.0
2023-12-08,Skirt,0.0
2023-12-09,Skirt,0.0
2023-12-10,Skirt,1.0
2023-12-11,Skirt,2.0
2023-12-12,Skirt,1.0
2023-12-13,Skirt,2.0
2023-12-14,Skirt,3.0
2023-12-15,Skirt,1.0
2023-12-16,Skirt,0.0
2023-12-17,Skirt,0.0
2023-12-18,Skirt,1.0
2023-12-19,Skirt,0.0
2023-12-20,Skirt,0.0
2023-12-21,Skirt,2.0
2023-12-22,Skirt,1.0
2023-12-23,Skirt,0.0
2023-12-24,Skirt,2.0
2023-12-25,Skirt,0.0
2023-12-26,Skirt,1.0
2023-12-27,Skirt,1.0
2023-12-28,Skirt,0.0
2023-12-29,Skirt,1.0
2023-12-30,Skirt,0.0
2023-12-31,Skirt,0.0
2024-01-01,Skirt,0.0
2024-01-02,Skirt,2.0
2024-01-03,Skirt,0.0
2024-01-04,Skirt,0.0
2024-01-05,Skirt,1.0
2024-01-06,Skirt,1.0
2024-01-07,Skirt,1.0
2024-01-08,Skirt,0.0
2024-01-09,Skirt,0.0
2024-01-10,Skirt,0.0
2024-01-11,Skirt,0.0
2024-01-12,Skirt,0.0
2024-01-13,Skirt,0.0
2024-01-14,Skirt,0.0
2024-01-15,Skirt,0.0
2024-01-16,Skirt,2.0
2024-01-17,Skirt,2.0
2024-01-18,Skirt,1.0
2024-01-19,Skirt,2.0
2024-01-20,Skirt,0.0
2024-01-21,Skirt,2.0
2024-01-22,Skirt,2.0
2024-01-23,Skirt,0.0
2024-01-24,Skirt,1.0
2024-01-25,Skirt,0.0
2024-01-26,Skirt,1.0
2024-01-27,Skirt,2.0
2024-01-28,Skirt,0.0
2024-01-29,Skirt,0.0
2024-01-30,Skirt,1.0
2024-01-31,Skirt,1.0
2024-02-01,Skirt,1.0
2024-02-02,Skirt,2.0
2024-02-03,Skirt,0.0
2024-02-04,Skirt,0.0
2024-02-05,Skirt,0.0
2024-02-06,Skirt,1.0
2024-02-07,Skirt,0.0
2024-02-08,Skirt,1.0
2024-02-09,Skirt,0.0
2024-02-10,Skirt,1.0
2024-02-11,Skirt,1.0
2024-02-12,Skirt,0.0
2024-02-13,Skirt,2.0
2024-02-14,Skirt,2.0
2024-02-15,Skirt,1.0
2024-02-16,Skirt,0.0
2024-02-17,Skirt,1.0
2024-02-18,Skirt,0.0
2024-02-19,Skirt,0.0
2024-02-20,Skirt,0.0
2024-02-21,Skirt,0.0
2024-02-22,Skirt,0.0
2024-02-23,Skirt,1.0
2024-02-24,Skirt,0.0
2024-02-25,Skirt,0.0
2024-02-26,Skirt,2.0
2024-02-27,Skirt,1.0
2024-02-28,Skirt,1.0
2024-02-29,Skirt,0.0
2024-03-01,Skirt,1.0
2024-03-02,Skirt,1.0
2024-03-03,Skirt,0.0
2024-03-04,Skirt,0.0
2024-03-05,Skirt,0.0
2024-03-06,Skirt,1.0
2024-03-07,Skirt,2.0
2024-03-08,Skirt,1.0
2024-03-09,Skirt,1.0
2024-03-10,Skirt,0.0
2024-03-11,Skirt,1.0
2024-03-12,Skirt,0.0
2024-03-13,Skirt,3.0
2024-03-14,Skirt,0.0
2024-03-15,Skirt,1.0
2024-03-16,Skirt,0.0
2024-03-17,Skirt,0.0
2024-03-18,Skirt,1.0
2024-03-19,Skirt,0.0
2024-03-20,Skirt,1.0
2024-03-21,Skirt,3.0
2024-03-22,Skirt,1.0
2024-03-23,Skirt,2.0
2024-03-24,Skirt,0.0
2024-03-25,Skirt,0.0
2024-03-26,Skirt,0.0
2021-03-28,Shirt,0.0
2021-03-29,Shirt,0.0
2021-03-30,Shirt,0.0
2021-03-31,Shirt,1.0
2021-04-01,Shirt,0.0
2021-04-02,Shirt,0.0
2021-04-03,Shirt,1.0
2021-04-04,Shirt,1.0
2021-04-05,Shirt,0.0
2021-04-06,Shirt,0.0
2021-04-07,Shirt,1.0
2021-04-08,Shirt,1.0
2021-04-09,Shirt,0.0
2021-04-10,Shirt,1.0
2021-04-11,Shirt,0.0
2021-04-12,Shirt,0.0
2021-04-13,Shirt,1.0
2021-04-14,Shirt,0.0
2021-04-15,Shirt,1.0
2021-04-16,Shirt,0.0
2021-04-17,Shirt,0.0
2021-04-18,Shirt,1.0
2021-04-19,Shirt,1.0
2021-04-20,Shirt,0.0
2021-04-21,Shirt,4.0
2021-04-22,Shirt,1.0
2021-04-23,Shirt,1.0
2021-04-24,Shirt,0.0
2021-04-25,Shirt,1.0
2021-04-26,Shirt,0.0
2021-04-27,Shirt,0.0
2021-04-28,Shirt,1.0
2021-04-29,Shirt,1.0
2021-04-30,Shirt,1.0
2021-05-01,Shirt,1.0
2021-05-02,Shirt,0.0
2021-05-03,Shirt,0.0
2021-05-04,Shirt,1.0
2021-05-05,Shirt,0.0
2021-05-06,Shirt,0.0
2021-05-07,Shirt,1.0
2021-05-08,Shirt,2.0
2021-05-09,Shirt,0.0
2021-05-10,Shirt,0.0
2021-05-11,Shirt,1.0
2021-05-12,Shirt,0.0
2021-05-13,Shirt,0.0
2021-05-14,Shirt,1.0
2021-05-15,Shirt,1.0
2021-05-16,Shirt,4.0
2021-05-17,Shirt,0.0
2021-05-18,Shirt,1.0
2021-05-19,Shirt,0.0
2021-05-20,Shirt,1.0
2021-05-21,Shirt,1.0
2021-05-22,Shirt,0.0
2021-05-23,Shirt,0.0
2021-05-24,Shirt,1.0
2021-05-25,Shirt,2.0
2021-05-26,Shirt,0.0
2021-05-27,Shirt,0.0
2021-05-28,Shirt,0.0
2021-05-29,Shirt,1.0
2021-05-30,Shirt,1.0
2021-05-31,Shirt,0.0
2021-06-01,Shirt,0.0
2021-06-02,Shirt,0.0
2021-06-03,Shirt,2.0
2021-06-04,Shirt,0.0
2021-06-05,Shirt,1.0
2021-06-06,Shirt,0.0
2021-06-07,Shirt,2.0
2021-06-08,Shirt,1.0
2021-06-09,Shirt,1.0
2021-06-10,Shirt,1.0
2021-06-11,Shirt,2.0
2021-06-12,Shirt,0.0
2021-06-13,Shirt,0.0
2021-06-14,Shirt,1.0
2021-06-15,Shirt,0.0
2021-06-16,Shirt,0.0
2021-06-17,Shirt,4.0
2021-06-18,Shirt,0.0
2021-06-19,Shirt,0.0
2021-06-20,Shirt,2.0
2021-06-21,Shirt,0.0
2021-06-22,Shirt,1.0
2021-06-23,Shirt,3.0
2021-06-24,Shirt,1.0
2021-06-25,Shirt,2.0
2021-06-26,Shirt,1.0
2021-06-27,Shirt,0.0
2021-06-28,Shirt,1.0
2021-06-29,Shirt,0.0
2021-06-30,Shirt,0.0
2021-07-01,Shirt,0.0
2021-07-02,Shirt,0.0
2021-07-03,Shirt,0.0
2021-07-04,Shirt,1.0
2021-07-05,Shirt,2.0
2021-07-06,Shirt,0.0
2021-07-07,Shirt,0.0
2021-07-08,Shirt,0.0
2021-07-09,Shirt,1.0
2021-07-10,Shirt,1.0
2021-07-11,Shirt,1.0
2021-07-12,Shirt,0.0
2021-07-13,Shirt,0.0
2021-07-14,Shirt,0.0
2021-07-15,Shirt,0.0
2021-07-16,Shirt,0.0
2021-07-17,Shirt,0.0
2021-07-18,Shirt,0.0
2021-07-19,Shirt,0.0
2021-07-20,Shirt,2.0
2021-07-21,Shirt,1.0
2021-07-22,Shirt,0.0
2021-07-23,Shirt,2.0
2021-07-24,Shirt,5.0
2021-07-25,Shirt,0.0
2021-07-26,Shirt,0.0
2021-07-27,Shirt,1.0
2021-07-28,Shirt,0.0
2021-07-29,Shirt,0.0
2021-07-30,Shirt,2.0
2021-07-31,Shirt,1.0
2021-08-01,Shirt,1.0
2021-08-02,Shirt,2.0
2021-08-03,Shirt,1.0
2021-08-04,Shirt,1.0
2021-08-05,Shirt,2.0
2021-08-06,Shirt,0.0
2021-08-07,Shirt,0.0
2021-08-08,Shirt,0.0
2021-08-09,Shirt,0.0
2021-08-10,Shirt,0.0
2021-08-11,Shirt,3.0
2021-08-12,Shirt,0.0
2021-08-13,Shirt,2.0
2021-08-14,Shirt,1.0
2021-08-15,Shirt,0.0
2021-08-16,Shirt,0.0
2021-08-17,Shirt,0.0
2021-08-18,Shirt,0.0
2021-08-19,Shirt,0.0
2021-08-20,Shirt,0.0
2021-08-21,Shirt,3.0
2021-08-22,Shirt,0.0
2021-08-23,Shirt,0.0
2021-08-24,Shirt,0.0
2021-08-25,Shirt,1.0
2021-08-26,Shirt,0.0
2021-08-27,Shirt,0.0
2021-08-28,Shirt,0.0
2021-08-29,Shirt,0.0
2021-08-30,Shirt,0.0
2021-08-31,Shirt,1.0
2021-09-01,Shirt,1.0
2021-09-02,Shirt,0.0
2021-09-03,Shirt,0.0
2021-09-04,Shirt,0.0
2021-09-05,Shirt,1.0
2021-09-06,Shirt,0.0
2021-09-07,Shirt,1.0
2021-09-08,Shirt,0.0
2021-09-09,Shirt,0.0
2021-09-10,Shirt,0.0
2021-09-11,Shirt,1.0
2021-09-12,Shirt,1.0
2021-09-13,Shirt,0.0
2021-09-14,Shirt,1.0
2021-09-15,Shirt,1.0
2021-09-16,Shirt,5.0
2021-09-17,Shirt,0.0
2021-09-18,Shirt,2.0
2021-09-19,Shirt,1.0
2021-09-20,Shirt,2.0
2021-09-21,Shirt,1.0
2021-09-22,Shirt,1.0
2021-09-23,Shirt,0.0
2021-09-24,Shirt,3.0
2021-09-25,Shirt,1.0
2021-09-26,Shirt,0.0
2021-09-27,Shirt,2.0
2021-09-28,Shirt,2.0
2021-09-29,Shirt,0.0
2021-09-30,Shirt,1.0
2021-10-01,Shirt,1.0
2021-10-02,Shirt,1.0
2021-10-03,Shirt,1.0
2021-10-04,Shirt,0.0
2021-10-05,Shirt,0.0
2021-10-06,Shirt,2.0
2021-10-07,Shirt,1.0
2021-10-08,Shirt,0.0
2021-10-09,Shirt,0.0
2021-10-10,Shirt,0.0
2021-10-11,Shirt,0.0
2021-10-12,Shirt,2.0
2021-10-13,Shirt,0.0
2021-10-14,Shirt,2.0
2021-10-15,Shirt,1.0
2021-10-16,Shirt,1.0
2021-10-17,Shirt,0.0
2021-10-18,Shirt,0.0
2021-10-19,Shirt,0.0
2021-10-20,Shirt,0.0
2021-10-21,Shirt,0.0
2021-10-22,Shirt,1.0
2021-10-23,Shirt,1.0
2021-10-24,Shirt,1.0
2021-10-25,Shirt,1.0
2021-10-26,Shirt,1.0
2021-10-27,Shirt,1.0
2021-10-28,Shirt,0.0
2021-10-29,Shirt,4.0
2021-10-30,Shirt,1.0
2021-10-31,Shirt,0.0
2021-11-01,Shirt,0.0
2021-11-02,Shirt,2.0
2021-11-03,Shirt,2.0
2021-11-04,Shirt,1.0
2021-11-05,Shirt,0.0
2021-11-06,Shirt,3.0
2021-11-07,Shirt,1.0
2021-11-08,Shirt,2.0
2021-11-09,Shirt,1.0
2021-11-10,Shirt,1.0
2021-11-11,Shirt,2.0
2021-11-12,Shirt,0.0
2021-11-13,Shirt,0.0
2021-11-14,Shirt,1.0
2021-11-15,Shirt,3.0
2021-11-16,Shirt,0.0
2021-11-17,Shirt,1.0
2021-11-18,Shirt,0.0
2021-11-19,Shirt,1.0
2021-11-20,Shirt,0.0
2021-11-21,Shirt,2.0
2021-11-22,Shirt,1.0
2021-11-23,Shirt,0.0
2021-11-24,Shirt,0.0
2021-11-25,Shirt,0.0
2021-11-26,Shirt,1.0
2021-11-27,Shirt,0.0
2021-11-28,Shirt,0.0
2021-11-29,Shirt,0.0
2021-11-30,Shirt,0.0
2021-12-01,Shirt,0.0
2021-12-02,Shirt,0.0
2021-12-03,Shirt,1.0
2021-12-04,Shirt,0.0
2021-12-05,Shirt,2.0
2021-12-06,Shirt,2.0
2021-12-07,Shirt,1.0
2021-12-08,Shirt,0.0
2021-12-09,Shirt,2.0
2021-12-10,Shirt,1.0
2021-12-11,Shirt,1.0
2021-12-12,Shirt,0.0
2021-12-13,Shirt,1.0
2021-12-14,Shirt,0.0
2021-12-15,Shirt,0.0
2021-12-16,Shirt,0.0
2021-12-17,Shirt,1.0
2021-12-18,Shirt,0.0
2021-12-19,Shirt,2.0
2021-12-20,Shirt,0.0
2021-12-21,Shirt,0.0
2021-12-22,Shirt,0.0
2021-12-23,Shirt,0.0
2021-12-24,Shirt,3.0
2021-12-25,Shirt,0.0
2021-12-26,Shirt,0.0
2021-12-27,Shirt,0.0
2021-12-28,Shirt,0.0
2021-12-29,Shirt,1.0
2021-12-30,Shirt,0.0
2021-12-31,Shirt,0.0
2022-01-01,Shirt,0.0
2022-01-02,Shirt,0.0
2022-01-03,Shirt,1.0
2022-01-04,Shirt,4.0
2022-01-05,Shirt,3.0
2022-01-06,Shirt,0.0
2022-01-07,Shirt,0.0
2022-01-08,Shirt,2.0
2022-01-09,Shirt,1.0
2022-01-10,Shirt,2.0
2022-01-11,Shirt,0.0
2022-01-12,Shirt,0.0
2022-01-13,Shirt,1.0
2022-01-14,Shirt,0.0
2022-01-15,Shirt,1.0
2022-01-16,Shirt,0.0
2022-01-17,Shirt,1.0
2022-01-18,Shirt,0.0
2022-01-19,Shirt,0.0
2022-01-20,Shirt,0.0
2022-01-21,Shirt,1.0
2022-01-22,Shirt,0.0
2022-01-23,Shirt,0.0
2022-01-24,Shirt,0.0
2022-01-25,Shirt,0.0
2022-01-26,Shirt,1.0
2022-01-27,Shirt,3.0
2022-01-28,Shirt,1.0
2022-01-29,Shirt,3.0
2022-01-30,Shirt,0.0
2022-01-31,Shirt,0.0
2022-02-01,Shirt,0.0
2022-02-02,Shirt,0.0
2022-02-03,Shirt,1.0
2022-02-04,Shirt,0.0
2022-02-05,Shirt,1.0
2022-02-06,Shirt,1.0
2022-02-07,Shirt,0.0
2022-02-08,Shirt,0.0
2022-02-09,Shirt,0.0
2022-02-10,Shirt,0.0
2022-02-11,Shirt,1.0
2022-02-12,Shirt,0.0
2022-02-13,Shirt,1.0
2022-02-14,Shirt,1.0
2022-02-15,Shirt,0.0
2022-02-16,Shirt,0.0
2022-02-17,Shirt,3.0
2022-02-18,Shirt,1.0
2022-02-19,Shirt,0.0
2022-02-20,Shirt,0.0
2022-02-21,Shirt,0.0
2022-02-22,Shirt,0.0
2022-02-23,Shirt,0.0
2022-02-24,Shirt,0.0
2022-02-25,Shirt,0.0
2022-02-26,Shirt,1.0
2022-02-27,Shirt,1.0
2022-02-28,Shirt,0.0
2022-03-01,Shirt,1.0
2022-03-02,Shirt,0.0
2022-03-03,Shirt,0.0
2022-03-04,Shirt,0.0
2022-03-05,Shirt,1.0
2022-03-06,Shirt,0.0
2022-03-07,Shirt,1.0
2022-03-08,Shirt,0.0
2022-03-09,Shirt,0.0
2022-03-10,Shirt,1.0
2022-03-11,Shirt,1.0
2022-03-12,Shirt,1.0
2022-03-13,Shirt,0.0
2022-03-14,Shirt,1.0
2022-03-15,Shirt,0.0
2022-03-16,Shirt,1.0
2022-03-17,Shirt,0.0
2022-03-18,Shirt,0.0
2022-03-19,Shirt,1.0
2022-03-20,Shirt,0.0
2022-03-21,Shirt,0.0
2022-03-22,Shirt,0.0
2022-03-23,Shirt,0.0
2022-03-24,Shirt,0.0
2022-03-25,Shirt,0.0
2022-03-26,Shirt,0.0
2022-03-27,Shirt,1.0
2022-03-28,Shirt,2.0
2022-03-29,Shirt,2.0
2022-03-30,Shirt,0.0
2022-03-31,Shirt,3.0
2022-04-01,Shirt,0.0
2022-04-02,Shirt,0.0
2022-04-03,Shirt,1.0
2022-04-04,Shirt,1.0
2022-04-05,Shirt,1.0
2022-04-06,Shirt,1.0
2022-04-07,Shirt,2.0
2022-04-08,Shirt,0.0
2022-04-09,Shirt,2.0
2022-04-10,Shirt,3.0
2022-04-11,Shirt,0.0
2022-04-12,Shirt,1.0
2022-04-13,Shirt,0.0
2022-04-14,Shirt,0.0
2022-04-15,Shirt,0.0
2022-04-16,Shirt,1.0
2022-04-17,Shirt,2.0
2022-04-18,Shirt,1.0
2022-04-19,Shirt,1.0
2022-04-20,Shirt,0.0
2022-04-21,Shirt,1.0
2022-04-22,Shirt,1.0
2022-04-23,Shirt,1.0
2022-04-24,Shirt,1.0
2022-04-25,Shirt,1.0
2022-04-26,Shirt,2.0
2022-04-27,Shirt,0.0
2022-04-28,Shirt,0.0
2022-04-29,Shirt,0.0
2022-04-30,Shirt,0.0
2022-05-01,Shirt,0.0
2022-05-02,Shirt,0.0
2022-05-03,Shirt,0.0
2022-05-04,Shirt,0.0
2022-05-05,Shirt,0.0
2022-05-06,Shirt,2.0
2022-05-07,Shirt,0.0
2022-05-08,Shirt,0.0
2022-05-09,Shirt,1.0
2022-05-10,Shirt,1.0
2022-05-11,Shirt,1.0
2022-05-12,Shirt,0.0
2022-05-13,Shirt,1.0
2022-05-14,Shirt,0.0
2022-05-15,Shirt,0.0
2022-05-16,Shirt,0.0
2022-05-17,Shirt,1.0
2022-05-18,Shirt,0.0
2022-05-19,Shirt,1.0
2022-05-20,Shirt,1.0
2022-05-21,Shirt,0.0
2022-05-22,Shirt,0.0
2022-05-23,Shirt,1.0
2022-05-24,Shirt,0.0
2022-05-25,Shirt,1.0
2022-05-26,Shirt,0.0
2022-05-27,Shirt,0.0
2022-05-28,Shirt,2.0
2022-05-29,Shirt,0.0
2022-05-30,Shirt,4.0
2022-05-31,Shirt,0.0
2022-06-01,Shirt,0.0
2022-06-02,Shirt,0.0
2022-06-03,Shirt,1.0
2022-06-04,Shirt,1.0
2022-06-05,Shirt,1.0
2022-06-06,Shirt,1.0
2022-06-07,Shirt,1.0
2022-06-08,Shirt,2.0
2022-06-09,Shirt,1.0
2022-06-10,Shirt,1.0
2022-06-11,Shirt,1.0
2022-06-12,Shirt,2.0
2022-06-13,Shirt,0.0
2022-06-14,Shirt,1.0
2022-06-15,Shirt,1.0
2022-06-16,Shirt,1.0
2022-06-17,Shirt,2.0
2022-06-18,Shirt,1.0
2022-06-19,Shirt,0.0
2022-06-20,Shirt,1.0
2022-06-21,Shirt,0.0
2022-06-22,Shirt,1.0
2022-06-23,Shirt,2.0
2022-06-24,Shirt,0.0
2022-06-25,Shirt,0.0
2022-06-26,Shirt,0.0
2022-06-27,Shirt,1.0
2022-06-28,Shirt,0.0
2022-06-29,Shirt,1.0
2022-06-30,Shirt,1.0
2022-07-01,Shirt,2.0
2022-07-02,Shirt,0.0
2022-07-03,Shirt,1.0
2022-07-04,Shirt,0.0
2022-07-05,Shirt,0.0
2022-07-06,Shirt,1.0
2022-07-07,Shirt,0.0
2022-07-08,Shirt,0.0
2022-07-09,Shirt,0.0
2022-07-10,Shirt,0.0
2022-07-11,Shirt,0.0
2022-07-12,Shirt,1.0
2022-07-13,Shirt,0.0
2022-07-14,Shirt,1.0
2022-07-15,Shirt,0.0
2022-07-16,Shirt,1.0
2022-07-17,Shirt,0.0
2022-07-18,Shirt,3.0
2022-07-19,Shirt,2.0
2022-07-20,Shirt,2.0
2022-07-21,Shirt,1.0
2022-07-22,Shirt,0.0
2022-07-23,Shirt,1.0
2022-07-24,Shirt,0.0
2022-07-25,Shirt,3.0
2022-07-26,Shirt,3.0
2022-07-27,Shirt,0.0
2022-07-28,Shirt,0.0
2022-07-29,Shirt,0.0
2022-07-30,Shirt,0.0
2022-07-31,Shirt,1.0
2022-08-01,Shirt,0.0
2022-08-02,Shirt,0.0
2022-08-03,Shirt,2.0
2022-08-04,Shirt,1.0
2022-08-05,Shirt,2.0
2022-08-06,Shirt,1.0
2022-08-07,Shirt,0.0
2022-08-08,Shirt,0.0
2022-08-09,Shirt,1.0
2022-08-10,Shirt,0.0
2022-08-11,Shirt,0.0
2022-08-12,Shirt,3.0
2022-08-13,Shirt,0.0
2022-08-14,Shirt,0.0
2022-08-15,Shirt,2.0
2022-08-16,Shirt,0.0
2022-08-17,Shirt,1.0
2022-08-18,Shirt,2.0
2022-08-19,Shirt,1.0
2022-08-20,Shirt,0.0
2022-08-21,Shirt,0.0
2022-08-22,Shirt,0.0
2022-08-23,Shirt,0.0
2022-08-24,Shirt,0.0
2022-08-25,Shirt,0.0
2022-08-26,Shirt,0.0
2022-08-27,Shirt,2.0
2022-08-28,Shirt,0.0
2022-08-29,Shirt,2.0
2022-08-30,Shirt,2.0
2022-08-31,Shirt,0.0
2022-09-01,Shirt,0.0
2022-09-02,Shirt,2.0
2022-09-03,Shirt,1.0
2022-09-04,Shirt,0.0
2022-09-05,Shirt,1.0
2022-09-06,Shirt,4.0
2022-09-07,Shirt,1.0
2022-09-08,Shirt,1.0
2022-09-09,Shirt,1.0
2022-09-10,Shirt,0.0
2022-09-11,Shirt,0.0
2022-09-12,Shirt,1.0
2022-09-13,Shirt,1.0
2022-09-14,Shirt,0.0
2022-09-15,Shirt,4.0
2022-09-16,Shirt,2.0
2022-09-17,Shirt,0.0
2022-09-18,Shirt,0.0
2022-09-19,Shirt,0.0
2022-09-20,Shirt,0.0
2022-09-21,Shirt,1.0
2022-09-22,Shirt,0.0
2022-09-23,Shirt,0.0
2022-09-24,Shirt,1.0
2022-09-25,Shirt,0.0
2022-09-26,Shirt,0.0
2022-09-27,Shirt,2.0
2022-09-28,Shirt,0.0
2022-09-29,Shirt,0.0
2022-09-30,Shirt,2.0
2022-10-01,Shirt,1.0
2022-10-02,Shirt,1.0
2022-10-03,Shirt,0.0
2022-10-04,Shirt,3.0
2022-10-05,Shirt,1.0
2022-10-06,Shirt,0.0
2022-10-07,Shirt,0.0
2022-10-08,Shirt,1.0
2022-10-09,Shirt,0.0
2022-10-10,Shirt,0.0
2022-10-11,Shirt,0.0
2022-10-12,Shirt,0.0
2022-10-13,Shirt,1.0
2022-10-14,Shirt,0.0
2022-10-15,Shirt,2.0
2022-10-16,Shirt,0.0
2022-10-17,Shirt,1.0
2022-10-18,Shirt,2.0
2022-10-19,Shirt,1.0
2022-10-20,Shirt,1.0
2022-10-21,Shirt,1.0
2022-10-22,Shirt,2.0
2022-10-23,Shirt,0.0
2022-10-24,Shirt,1.0
2022-10-25,Shirt,1.0
2022-10-26,Shirt,0.0
2022-10-27,Shirt,0.0
2022-10-28,Shirt,1.0
2022-10-29,Shirt,1.0
2022-10-30,Shirt,0.0
2022-10-31,Shirt,1.0
2022-11-01,Shirt,1.0
2022-11-02,Shirt,1.0
2022-11-03,Shirt,1.0
2022-11-04,Shirt,0.0
2022-11-05,Shirt,0.0
2022-11-06,Shirt,1.0
2022-11-07,Shirt,0.0
2022-11-08,Shirt,1.0
2022-11-09,Shirt,0.0
2022-11-10,Shirt,0.0
2022-11-11,Shirt,1.0
2022-11-12,Shirt,0.0
2022-11-13,Shirt,1.0
2022-11-14,Shirt,1.0
2022-11-15,Shirt,2.0
2022-11-16,Shirt,1.0
2022-11-17,Shirt,0.0
2022-11-18,Shirt,2.0
2022-11-19,Shirt,1.0
2022-11-20,Shirt,0.0
2022-11-21,Shirt,0.0
2022-11-22,Shirt,0.0
2022-11-23,Shirt,2.0
2022-11-24,Shirt,0.0
2022-11-25,Shirt,2.0
2022-11-26,Shirt,1.0
2022-11-27,Shirt,0.0
2022-11-28,Shirt,1.0
2022-11-29,Shirt,0.0
2022-11-30,Shirt,0.0
2022-12-01,Shirt,0.0
2022-12-02,Shirt,2.0
2022-12-03,Shirt,1.0
2022-12-04,Shirt,3.0
2022-12-05,Shirt,2.0
2022-12-06,Shirt,0.0
2022-12-07,Shirt,0.0
2022-12-08,Shirt,0.0
2022-12-09,Shirt,2.0
2022-12-10,Shirt,2.0
2022-12-11,Shirt,0.0
2022-12-12,Shirt,1.0
2022-12-13,Shirt,0.0
2022-12-14,Shirt,0.0
2022-12-15,Shirt,0.0
2022-12-16,Shirt,0.0
2022-12-17,Shirt,2.0
2022-12-18,Shirt,2.0
2022-12-19,Shirt,1.0
2022-12-20,Shirt,0.0
2022-12-21,Shirt,1.0
2022-12-22,Shirt,0.0
2022-12-23,Shirt,0.0
2022-12-24,Shirt,0.0
2022-12-25,Shirt,0.0
2022-12-26,Shirt,0.0
2022-12-27,Shirt,2.0
2022-12-28,Shirt,1.0
2022-12-29,Shirt,2.0
2022-12-30,Shirt,0.0
2022-12-31,Shirt,0.0
2023-01-01,Shirt,0.0
2023-01-02,Shirt,1.0
2023-01-03,Shirt,0.0
2023-01-04,Shirt,0.0
2023-01-05,Shirt,2.0
2023-01-06,Shirt,1.0
2023-01-07,Shirt,2.0
2023-01-08,Shirt,1.0
2023-01-09,Shirt,2.0
2023-01-10,Shirt,0.0
2023-01-11,Shirt,1.0
2023-01-12,Shirt,1.0
2023-01-13,Shirt,1.0
2023-01-14,Shirt,1.0
2023-01-15,Shirt,0.0
2023-01-16,Shirt,0.0
2023-01-17,Shirt,2.0
2023-01-18,Shirt,2.0
2023-01-19,Shirt,1.0
2023-01-20,Shirt,0.0
2023-01-21,Shirt,0.0
2023-01-22,Shirt,0.0
2023-01-23,Shirt,0.0
2023-01-24,Shirt,1.0
2023-01-25,Shirt,2.0
2023-01-26,Shirt,2.0
2023-01-27,Shirt,0.0
2023-01-28,Shirt,0.0
2023-01-29,Shirt,0.0
2023-01-30,Shirt,1.0
2023-01-31,Shirt,0.0
2023-02-01,Shirt,1.0
2023-02-02,Shirt,0.0
2023-02-03,Shirt,0.0
2023-02-04,Shirt,1.0
2023-02-05,Shirt,1.0
2023-02-06,Shirt,1.0
2023-02-07,Shirt,1.0
2023-02-08,Shirt,1.0
2023-02-09,Shirt,0.0
2023-02-10,Shirt,1.0
2023-02-11,Shirt,0.0
2023-02-12,Shirt,0.0
2023-02-13,Shirt,1.0
2023-02-14,Shirt,0.0
2023-02-15,Shirt,2.0
2023-02-16,Shirt,0.0
2023-02-17,Shirt,0.0
2023-02-18,Shirt,0.0
2023-02-19,Shirt,1.0
2023-02-20,Shirt,0.0
2023-02-21,Shirt,0.0
2023-02-22,Shirt,3.0
2023-02-23,Shirt,1.0
2023-02-24,Shirt,1.0
2023-02-25,Shirt,2.0
2023-02-26,Shirt,2.0
2023-02-27,Shirt,1.0
2023-02-28,Shirt,1.0
2023-03-01,Shirt,0.0
2023-03-02,Shirt,2.0
2023-03-03,Shirt,0.0
2023-03-04,Shirt,0.0
2023-03-05,Shirt,2.0
2023-03-06,Shirt,0.0
2023-03-07,Shirt,1.0
2023-03-08,Shirt,2.0
2023-03-09,Shirt,1.0
2023-03-10,Shirt,1.0
2023-03-11,Shirt,0.0
2023-03-12,Shirt,2.0
2023-03-13,Shirt,0.0
2023-03-14,Shirt,1.0
2023-03-15,Shirt,2.0
2023-03-16,Shirt,1.0
2023-03-17,Shirt,2.0
2023-03-18,Shirt,2.0
2023-03-19,Shirt,0.0
2023-03-20,Shirt,0.0
2023-03-21,Shirt,0.0
2023-03-22,Shirt,2.0
2023-03-23,Shirt,0.0
2023-03-24,Shirt,1.0
2023-03-25,Shirt,4.0
2023-03-26,Shirt,2.0
2023-03-27,Shirt,3.0
2023-03-28,Shirt,0.0
2023-03-29,Shirt,1.0
2023-03-30,Shirt,1.0
2023-03-31,Shirt,0.0
2023-04-01,Shirt,2.0
2023-04-02,Shirt,0.0
2023-04-03,Shirt,0.0
2023-04-04,Shirt,1.0
2023-04-05,Shirt,0.0
2023-04-06,Shirt,0.0
2023-04-07,Shirt,0.0
2023-04-08,Shirt,2.0
2023-04-09,Shirt,3.0
2023-04-10,Shirt,1.0
2023-04-11,Shirt,0.0
2023-04-12,Shirt,0.0
2023-04-13,Shirt,1.0
2023-04-14,Shirt,0.0
2023-04-15,Shirt,0.0
2023-04-16,Shirt,0.0
2023-04-17,Shirt,3.0
2023-04-18,Shirt,1.0
2023-04-19,Shirt,1.0
2023-04-20,Shirt,2.0
2023-04-21,Shirt,1.0
2023-04-22,Shirt,1.0
2023-04-23,Shirt,0.0
2023-04-24,Shirt,4.0
2023-04-25,Shirt,2.0
2023-04-26,Shirt,0.0
2023-04-27,Shirt,2.0
2023-04-28,Shirt,1.0
2023-04-29,Shirt,0.0
2023-04-30,Shirt,0.0
2023-05-01,Shirt,1.0
2023-05-02,Shirt,0.0
2023-05-03,Shirt,0.0
2023-05-04,Shirt,0.0
2023-05-05,Shirt,0.0
2023-05-06,Shirt,2.0
2023-05-07,Shirt,2.0
2023-05-08,Shirt,0.0
2023-05-09,Shirt,0.0
2023-05-10,Shirt,0.0
2023-05-11,Shirt,0.0
2023-05-12,Shirt,1.0
2023-05-13,Shirt,0.0
2023-05-14,Shirt,0.0
2023-05-15,Shirt,0.0
2023-05-16,Shirt,0.0
2023-05-17,Shirt,3.0
2023-05-18,Shirt,0.0
2023-05-19,Shirt,1.0
2023-05-20,Shirt,1.0
2023-05-21,Shirt,1.0
2023-05-22,Shirt,0.0
2023-05-23,Shirt,0.0
2023-05-24,Shirt,1.0
2023-05-25,Shirt,1.0
2023-05-26,Shirt,0.0
2023-05-27,Shirt,1.0
2023-05-28,Shirt,2.0
2023-05-29,Shirt,0.0
2023-05-30,Shirt,0.0
2023-05-31,Shirt,0.0
2023-06-01,Shirt,1.0
2023-06-02,Shirt,0.0
2023-06-03,Shirt,0.0
2023-06-04,Shirt,1.0
2023-06-05,Shirt,0.0
2023-06-06,Shirt,0.0
2023-06-07,Shirt,0.0
2023-06-08,Shirt,0.0
2023-06-09,Shirt,3.0
2023-06-10,Shirt,0.0
2023-06-11,Shirt,0.0
2023-06-12,Shirt,2.0
2023-06-13,Shirt,0.0
2023-06-14,Shirt,0.0
2023-06-15,Shirt,2.0
2023-06-16,Shirt,0.0
2023-06-17,Shirt,1.0
2023-06-18,Shirt,2.0
2023-06-19,Shirt,1.0
2023-06-20,Shirt,1.0
2023-06-21,Shirt,0.0
2023-06-22,Shirt,0.0
2023-06-23,Shirt,0.0
2023-06-24,Shirt,1.0
2023-06-25,Shirt,1.0
2023-06-26,Shirt,6.0
2023-06-27,Shirt,1.0
2023-06-28,Shirt,1.0
2023-06-29,Shirt,1.0
2023-06-30,Shirt,1.0
2023-07-01,Shirt,0.0
2023-07-02,Shirt,2.0
2023-07-03,Shirt,2.0
2023-07-04,Shirt,1.0
2023-07-05,Shirt,0.0
2023-07-06,Shirt,2.0
2023-07-07,Shirt,2.0
2023-07-08,Shirt,1.0
2023-07-09,Shirt,0.0
2023-07-10,Shirt,2.0
2023-07-11,Shirt,1.0
2023-07-12,Shirt,1.0
2023-07-13,Shirt,2.0
2023-07-14,Shirt,1.0
2023-07-15,Shirt,3.0
2023-07-16,Shirt,0.0
2023-07-17,Shirt,1.0
2023-07-18,Shirt,0.0
2023-07-19,Shirt,2.0
2023-07-20,Shirt,0.0
2023-07-21,Shirt,0.0
2023-07-22,Shirt,0.0
2023-07-23,Shirt,2.0
2023-07-24,Shirt,3.0
2023-07-25,Shirt,1.0
2023-07-26,Shirt,0.0
2023-07-27,Shirt,1.0
2023-07-28,Shirt,1.0
2023-07-29,Shirt,0.0
2023-07-30,Shirt,2.0
2023-07-31,Shirt,2.0
2023-08-01,Shirt,0.0
2023-08-02,Shirt,1.0
2023-08-03,Shirt,1.0
2023-08-04,Shirt,0.0
2023-08-05,Shirt,1.0
2023-08-06,Shirt,0.0
2023-08-07,Shirt,0.0
2023-08-08,Shirt,0.0
2023-08-09,Shirt,2.0
2023-08-10,Shirt,1.0
2023-08-11,Shirt,1.0
2023-08-12,Shirt,0.0
2023-08-13,Shirt,0.0
2023-08-14,Shirt,2.0
2023-08-15,Shirt,4.0
2023-08-16,Shirt,0.0
2023-08-17,Shirt,0.0
2023-08-18,Shirt,2.0
2023-08-19,Shirt,1.0
2023-08-20,Shirt,0.0
2023-08-21,Shirt,1.0
2023-08-22,Shirt,2.0
2023-08-23,Shirt,1.0
2023-08-24,Shirt,0.0
2023-08-25,Shirt,0.0
2023-08-26,Shirt,1.0
2023-08-27,Shirt,1.0
2023-08-28,Shirt,0.0
2023-08-29,Shirt,0.0
2023-08-30,Shirt,0.0
2023-08-31,Shirt,2.0
2023-09-01,Shirt,2.0
2023-09-02,Shirt,2.0
2023-09-03,Shirt,2.0
2023-09-04,Shirt,1.0
2023-09-05,Shirt,2.0
2023-09-06,Shirt,1.0
2023-09-07,Shirt,1.0
2023-09-08,Shirt,1.0
2023-09-09,Shirt,0.0
2023-09-10,Shirt,2.0
2023-09-11,Shirt,3.0
2023-09-12,Shirt,1.0
2023-09-13,Shirt,0.0
2023-09-14,Shirt,0.0
2023-09-15,Shirt,2.0
2023-09-16,Shirt,0.0
2023-09-17,Shirt,0.0
2023-09-18,Shirt,0.0
2023-09-19,Shirt,1.0
2023-09-20,Shirt,1.0
2023-09-21,Shirt,0.0
2023-09-22,Shirt,0.0
2023-09-23,Shirt,0.0
2023-09-24,Shirt,2.0
2023-09-25,Shirt,0.0
2023-09-26,Shirt,0.0
2023-09-27,Shirt,0.0
2023-09-28,Shirt,0.0
2023-09-29,Shirt,0.0
2023-09-30,Shirt,0.0
2023-10-01,Shirt,0.0
2023-10-02,Shirt,2.0
2023-10-03,Shirt,1.0
2023-10-04,Shirt,2.0
2023-10-05,Shirt,1.0
2023-10-06,Shirt,4.0
2023-10-07,Shirt,2.0
2023-10-08,Shirt,1.0
2023-10-09,Shirt,2.0
2023-10-10,Shirt,0.0
2023-10-11,Shirt,2.0
2023-10-12,Shirt,1.0
2023-10-13,Shirt,0.0
2023-10-14,Shirt,0.0
2023-10-15,Shirt,1.0
2023-10-16,Shirt,0.0
2023-10-17,Shirt,0.0
2023-10-18,Shirt,1.0
2023-10-19,Shirt,1.0
2023-10-20,Shirt,0.0
2023-10-21,Shirt,4.0
2023-10-22,Shirt,1.0
2023-10-23,Shirt,2.0
2023-10-24,Shirt,0.0
2023-10-25,Shirt,3.0
2023-10-26,Shirt,1.0
2023-10-27,Shirt,2.0
2023-10-28,Shirt,1.0
2023-10-29,Shirt,1.0
2023-10-30,Shirt,0.0
2023-10-31,Shirt,1.0
2023-11-01,Shirt,1.0
2023-11-02,Shirt,3.0
2023-11-03,Shirt,0.0
2023-11-04,Shirt,0.0
2023-11-05,Shirt,0.0
2023-11-06,Shirt,2.0
2023-11-07,Shirt,1.0
2023-11-08,Shirt,0.0
2023-11-09,Shirt,0.0
2023-11-10,Shirt,0.0
2023-11-11,Shirt,0.0
2023-11-12,Shirt,1.0
2023-11-13,Shirt,0.0
2023-11-14,Shirt,3.0
2023-11-15,Shirt,1.0
2023-11-16,Shirt,0.0
2023-11-17,Shirt,0.0
2023-11-18,Shirt,0.0
2023-11-19,Shirt,0.0
2023-11-20,Shirt,2.0
2023-11-21,Shirt,0.0
2023-11-22,Shirt,0.0
2023-11-23,Shirt,0.0
2023-11-24,Shirt,1.0
2023-11-25,Shirt,1.0
2023-11-26,Shirt,1.0
2023-11-27,Shirt,2.0
2023-11-28,Shirt,0.0
2023-11-29,Shirt,0.0
2023-11-30,Shirt,1.0
2023-12-01,Shirt,0.0
2023-12-02,Shirt,0.0
2023-12-03,Shirt,0.0
2023-12-04,Shirt,0.0
2023-12-05,Shirt,0.0
2023-12-06,Shirt,1.0
2023-12-07,Shirt,1.0
2023-12-08,Shirt,2.0
2023-12-09,Shirt,0.0
2023-12-10,Shirt,1.0
2023-12-11,Shirt,0.0
2023-12-12,Shirt,2.0
2023-12-13,Shirt,2.0
2023-12-14,Shirt,3.0
2023-12-15,Shirt,0.0
2023-12-16,Shirt,0.0
2023-12-17,Shirt,0.0
2023-12-18,Shirt,0.0
2023-12-19,Shirt,3.0
2023-12-20,Shirt,0.0
2023-12-21,Shirt,1.0
2023-12-22,Shirt,2.0
2023-12-23,Shirt,1.0
2023-12-24,Shirt,2.0
2023-12-25,Shirt,1.0
2023-12-26,Shirt,0.0
2023-12-27,Shirt,1.0
2023-12-28,Shirt,1.0
2023-12-29,Shirt,1.0
2023-12-30,Shirt,2.0
2023-12-31,Shirt,1.0
2024-01-01,Shirt,0.0
2024-01-02,Shirt,2.0
2024-01-03,Shirt,0.0
2024-01-04,Shirt,0.0
2024-01-05,Shirt,3.0
2024-01-06,Shirt,0.0
2024-01-07,Shirt,1.0
2024-01-08,Shirt,0.0
2024-01-09,Shirt,0.0
2024-01-10,Shirt,1.0
2024-01-11,Shirt,0.0
2024-01-12,Shirt,0.0
2024-01-13,Shirt,0.0
2024-01-14,Shirt,1.0
2024-01-15,Shirt,2.0
2024-01-16,Shirt,2.0
2024-01-17,Shirt,0.0
2024-01-18,Shirt,0.0
2024-01-19,Shirt,0.0
2024-01-20,Shirt,2.0
2024-01-21,Shirt,2.0
2024-01-22,Shirt,3.0
2024-01-23,Shirt,0.0
2024-01-24,Shirt,0.0
2024-01-25,Shirt,0.0
2024-01-26,Shirt,1.0
2024-01-27,Shirt,1.0
2024-01-28,Shirt,0.0
2024-01-29,Shirt,1.0
2024-01-30,Shirt,0.0
2024-01-31,Shirt,1.0
2024-02-01,Shirt,0.0
2024-02-02,Shirt,0.0
2024-02-03,Shirt,0.0
2024-02-04,Shirt,0.0
2024-02-05,Shirt,2.0
2024-02-06,Shirt,1.0
2024-02-07,Shirt,0.0
2024-02-08,Shirt,0.0
2024-02-09,Shirt,3.0
2024-02-10,Shirt,1.0
2024-02-11,Shirt,0.0
2024-02-12,Shirt,1.0
2024-02-13,Shirt,1.0
2024-02-14,Shirt,0.0
2024-02-15,Shirt,0.0
2024-02-16,Shirt,0.0
2024-02-17,Shirt,0.0
2024-02-18,Shirt,0.0
2024-02-19,Shirt,0.0
2024-02-20,Shirt,0.0
2024-02-21,Shirt,1.0
2024-02-22,Shirt,0.0
2024-02-23,Shirt,0.0
2024-02-24,Shirt,1.0
2024-02-25,Shirt,0.0
2024-02-26,Shirt,2.0
2024-02-27,Shirt,1.0
2024-02-28,Shirt,2.0
2024-02-29,Shirt,1.0
2024-03-01,Shirt,1.0
2024-03-02,Shirt,0.0
2024-03-03,Shirt,2.0
2024-03-04,Shirt,0.0
2024-03-05,Shirt,0.0
2024-03-06,Shirt,2.0
2024-03-07,Shirt,0.0
2024-03-08,Shirt,0.0
2024-03-09,Shirt,0.0
2024-03-10,Shirt,0.0
2024-03-11,Shirt,0.0
2024-03-12,Shirt,0.0
2024-03-13,Shirt,1.0
2024-03-14,Shirt,0.0
2024-03-15,Shirt,2.0
2024-03-16,Shirt,0.0
2024-03-17,Shirt,0.0
2024-03-18,Shirt,1.0
2024-03-19,Shirt,0.0
2024-03-20,Shirt,1.0
2024-03-21,Shirt,1.0
2024-03-22,Shirt,0.0
2024-03-23,Shirt,0.0
2024-03-24,Shirt,1.0
2024-03-25,Shirt,0.0
2024-03-26,Shirt,2.0
2021-03-28,Scarf,0.0
2021-03-29,Scarf,0.0
2021-03-30,Scarf,0.0
2021-03-31,Scarf,0.0
2021-04-01,Scarf,2.0
2021-04-02,Scarf,0.0
2021-04-03,Scarf,1.0
2021-04-04,Scarf,0.0
2021-04-05,Scarf,1.0
2021-04-06,Scarf,1.0
2021-04-07,Scarf,1.0
2021-04-08,Scarf,0.0
2021-04-09,Scarf,1.0
2021-04-10,Scarf,0.0
2021-04-11,Scarf,0.0
2021-04-12,Scarf,1.0
2021-04-13,Scarf,1.0
2021-04-14,Scarf,0.0
2021-04-15,Scarf,4.0
2021-04-16,Scarf,0.0
2021-04-17,Scarf,2.0
2021-04-18,Scarf,0.0
2021-04-19,Scarf,0.0
2021-04-20,Scarf,0.0
2021-04-21,Scarf,0.0
2021-04-22,Scarf,0.0
2021-04-23,Scarf,2.0
2021-04-24,Scarf,1.0
2021-04-25,Scarf,1.0
2021-04-26,Scarf,0.0
2021-04-27,Scarf,1.0
2021-04-28,Scarf,1.0
2021-04-29,Scarf,0.0
2021-04-30,Scarf,0.0
2021-05-01,Scarf,1.0
2021-05-02,Scarf,1.0
2021-05-03,Scarf,0.0
2021-05-04,Scarf,1.0
2021-05-05,Scarf,1.0
2021-05-06,Scarf,0.0
2021-05-07,Scarf,0.0
2021-05-08,Scarf,0.0
2021-05-09,Scarf,0.0
2021-05-10,Scarf,0.0
2021-05-11,Scarf,2.0
2021-05-12,Scarf,2.0
2021-05-13,Scarf,0.0
2021-05-14,Scarf,0.0
2021-05-15,Scarf,0.0
2021-05-16,Scarf,1.0
2021-05-17,Scarf,1.0
2021-05-18,Scarf,1.0
2021-05-19,Scarf,1.0
2021-05-20,Scarf,0.0
2021-05-21,Scarf,0.0
2021-05-22,Scarf,3.0
2021-05-23,Scarf,1.0
2021-05-24,Scarf,2.0
2021-05-25,Scarf,1.0
2021-05-26,Scarf,1.0
2021-05-27,Scarf,3.0
2021-05-28,Scarf,1.0
2021-05-29,Scarf,0.0
2021-05-30,Scarf,1.0
2021-05-31,Scarf,1.0
2021-06-01,Scarf,1.0
2021-06-02,Scarf,0.0
2021-06-03,Scarf,0.0
2021-06-04,Scarf,2.0
2021-06-05,Scarf,1.0
2021-06-06,Scarf,1.0
2021-06-07,Scarf,1.0
2021-06-08,Scarf,2.0
2021-06-09,Scarf,1.0
2021-06-10,Scarf,1.0
2021-06-11,Scarf,2.0
2021-06-12,Scarf,1.0
2021-06-13,Scarf,0.0
2021-06-14,Scarf,1.0
2021-06-15,Scarf,1.0
2021-06-16,Scarf,0.0
2021-06-17,Scarf,0.0
2021-06-18,Scarf,0.0
2021-06-19,Scarf,1.0
2021-06-20,Scarf,0.0
2021-06-21,Scarf,0.0
2021-06-22,Scarf,1.0
2021-06-23,Scarf,0.0
2021-06-24,Scarf,1.0
2021-06-25,Scarf,2.0
2021-06-26,Scarf,0.0
2021-06-27,Scarf,2.0
2021-06-28,Scarf,1.0
2021-06-29,Scarf,0.0
2021-06-30,Scarf,0.0
2021-07-01,Scarf,1.0
2021-07-02,Scarf,0.0
2021-07-03,Scarf,0.0
2021-07-04,Scarf,0.0
2021-07-05,Scarf,0.0
2021-07-06,Scarf,0.0
2021-07-07,Scarf,0.0
2021-07-08,Scarf,0.0
2021-07-09,Scarf,1.0
2021-07-10,Scarf,1.0
2021-07-11,Scarf,0.0
2021-07-12,Scarf,0.0
2021-07-13,Scarf,1.0
2021-07-14,Scarf,4.0
2021-07-15,Scarf,0.0
2021-07-16,Scarf,2.0
2021-07-17,Scarf,1.0
2021-07-18,Scarf,0.0
2021-07-19,Scarf,1.0
2021-07-20,Scarf,2.0
2021-07-21,Scarf,2.0
2021-07-22,Scarf,0.0
2021-07-23,Scarf,1.0
2021-07-24,Scarf,1.0
2021-07-25,Scarf,0.0
2021-07-26,Scarf,1.0
2021-07-27,Scarf,2.0
2021-07-28,Scarf,2.0
2021-07-29,Scarf,0.0
2021-07-30,Scarf,1.0
2021-07-31,Scarf,2.0
2021-08-01,Scarf,0.0
2021-08-02,Scarf,0.0
2021-08-03,Scarf,0.0
2021-08-04,Scarf,1.0
2021-08-05,Scarf,0.0
2021-08-06,Scarf,0.0
2021-08-07,Scarf,3.0
2021-08-08,Scarf,1.0
2021-08-09,Scarf,0.0
2021-08-10,Scarf,0.0
2021-08-11,Scarf,1.0
2021-08-12,Scarf,0.0
2021-08-13,Scarf,2.0
2021-08-14,Scarf,1.0
2021-08-15,Scarf,1.0
2021-08-16,Scarf,0.0
2021-08-17,Scarf,1.0
2021-08-18,Scarf,2.0
2021-08-19,Scarf,0.0
2021-08-20,Scarf,2.0
2021-08-21,Scarf,0.0
2021-08-22,Scarf,1.0
2021-08-23,Scarf,0.0
2021-08-24,Scarf,0.0
2021-08-25,Scarf,0.0
2021-08-26,Scarf,1.0
2021-08-27,Scarf,0.0
2021-08-28,Scarf,0.0
2021-08-29,Scarf,3.0
2021-08-30,Scarf,0.0
2021-08-31,Scarf,0.0
2021-09-01,Scarf,0.0
2021-09-02,Scarf,1.0
2021-09-03,Scarf,0.0
2021-09-04,Scarf,2.0
2021-09-05,Scarf,2.0
2021-09-06,Scarf,0.0
2021-09-07,Scarf,1.0
2021-09-08,Scarf,2.0
2021-09-09,Scarf,1.0
2021-09-10,Scarf,0.0
2021-09-11,Scarf,0.0
2021-09-12,Scarf,1.0
2021-09-13,Scarf,0.0
2021-09-14,Scarf,2.0
2021-09-15,Scarf,0.0
2021-09-16,Scarf,0.0
2021-09-17,Scarf,0.0
2021-09-18,Scarf,1.0
2021-09-19,Scarf,1.0
2021-09-20,Scarf,0.0
2021-09-21,Scarf,1.0
2021-09-22,Scarf,2.0
2021-09-23,Scarf,1.0
2021-09-24,Scarf,2.0
2021-09-25,Scarf,1.0
2021-09-26,Scarf,1.0
2021-09-27,Scarf,2.0
2021-09-28,Scarf,0.0
2021-09-29,Scarf,0.0
2021-09-30,Scarf,1.0
2021-10-01,Scarf,2.0
2021-10-02,Scarf,1.0
2021-10-03,Scarf,0.0
2021-10-04,Scarf,0.0
2021-10-05,Scarf,3.0
2021-10-06,Scarf,1.0
2021-10-07,Scarf,2.0
2021-10-08,Scarf,3.0
2021-10-09,Scarf,0.0
2021-10-10,Scarf,2.0
2021-10-11,Scarf,0.0
2021-10-12,Scarf,1.0
2021-10-13,Scarf,0.0
2021-10-14,Scarf,0.0
2021-10-15,Scarf,0.0
2021-10-16,Scarf,3.0
2021-10-17,Scarf,1.0
2021-10-18,Scarf,1.0
2021-10-19,Scarf,1.0
2021-10-20,Scarf,0.0
2021-10-21,Scarf,0.0
2021-10-22,Scarf,1.0
2021-10-23,Scarf,0.0
2021-10-24,Scarf,3.0
2021-10-25,Scarf,2.0
2021-10-26,Scarf,0.0
2021-10-27,Scarf,1.0
2021-10-28,Scarf,1.0
2021-10-29,Scarf,0.0
2021-10-30,Scarf,1.0
2021-10-31,Scarf,1.0
2021-11-01,Scarf,0.0
2021-11-02,Scarf,1.0
2021-11-03,Scarf,0.0
2021-11-04,Scarf,0.0
2021-11-05,Scarf,0.0
2021-11-06,Scarf,0.0
2021-11-07,Scarf,2.0
2021-11-08,Scarf,1.0
2021-11-09,Scarf,0.0
2021-11-10,Scarf,1.0
2021-11-11,Scarf,1.0
2021-11-12,Scarf,2.0
2021-11-13,Scarf,1.0
2021-11-14,Scarf,0.0
2021-11-15,Scarf,0.0
2021-11-16,Scarf,0.0
2021-11-17,Scarf,0.0
2021-11-18,Scarf,4.0
2021-11-19,Scarf,3.0
2021-11-20,Scarf,2.0
2021-11-21,Scarf,3.0
2021-11-22,Scarf,0.0
2021-11-23,Scarf,0.0
2021-11-24,Scarf,0.0
2021-11-25,Scarf,0.0
2021-11-26,Scarf,1.0
2021-11-27,Scarf,0.0
2021-11-28,Scarf,0.0
2021-11-29,Scarf,1.0
2021-11-30,Scarf,1.0
2021-12-01,Scarf,0.0
2021-12-02,Scarf,1.0
2021-12-03,Scarf,3.0
2021-12-04,Scarf,3.0
2021-12-05,Scarf,2.0
2021-12-06,Scarf,1.0
2021-12-07,Scarf,2.0
2021-12-08,Scarf,0.0
2021-12-09,Scarf,1.0
2021-12-10,Scarf,2.0
2021-12-11,Scarf,2.0
2021-12-12,Scarf,0.0
2021-12-13,Scarf,0.0
2021-12-14,Scarf,1.0
2021-12-15,Scarf,0.0
2021-12-16,Scarf,0.0
2021-12-17,Scarf,0.0
2021-12-18,Scarf,0.0
2021-12-19,Scarf,3.0
2021-12-20,Scarf,1.0
2021-12-21,Scarf,2.0
2021-12-22,Scarf,0.0
2021-12-23,Scarf,0.0
2021-12-24,Scarf,0.0
2021-12-25,Scarf,0.0
2021-12-26,Scarf,0.0
2021-12-27,Scarf,0.0
2021-12-28,Scarf,0.0
2021-12-29,Scarf,1.0
2021-12-30,Scarf,0.0
2021-12-31,Scarf,0.0
2022-01-01,Scarf,0.0
2022-01-02,Scarf,0.0
2022-01-03,Scarf,0.0
2022-01-04,Scarf,0.0
2022-01-05,Scarf,1.0
2022-01-06,Scarf,0.0
2022-01-07,Scarf,2.0
2022-01-08,Scarf,0.0
2022-01-09,Scarf,0.0
2022-01-10,Scarf,1.0
2022-01-11,Scarf,0.0
2022-01-12,Scarf,2.0
2022-01-13,Scarf,1.0
2022-01-14,Scarf,0.0
2022-01-15,Scarf,2.0
2022-01-16,Scarf,1.0
2022-01-17,Scarf,2.0
2022-01-18,Scarf,0.0
2022-01-19,Scarf,1.0
2022-01-20,Scarf,2.0
2022-01-21,Scarf,2.0
2022-01-22,Scarf,0.0
2022-01-23,Scarf,1.0
2022-01-24,Scarf,1.0
2022-01-25,Scarf,1.0
2022-01-26,Scarf,0.0
2022-01-27,Scarf,2.0
2022-01-28,Scarf,1.0
2022-01-29,Scarf,1.0
2022-01-30,Scarf,0.0
2022-01-31,Scarf,1.0
2022-02-01,Scarf,1.0
2022-02-02,Scarf,0.0
2022-02-03,Scarf,0.0
2022-02-04,Scarf,2.0
2022-02-05,Scarf,1.0
2022-02-06,Scarf,0.0
2022-02-07,Scarf,1.0
2022-02-08,Scarf,1.0
2022-02-09,Scarf,0.0
2022-02-10,Scarf,0.0
2022-02-11,Scarf,1.0
2022-02-12,Scarf,1.0
2022-02-13,Scarf,1.0
2022-02-14,Scarf,0.0
2022-02-15,Scarf,0.0
2022-02-16,Scarf,1.0
2022-02-17,Scarf,0.0
2022-02-18,Scarf,1.0
2022-02-19,Scarf,1.0
2022-02-20,Scarf,1.0
2022-02-21,Scarf,2.0
2022-02-22,Scarf,0.0
2022-02-23,Scarf,0.0
2022-02-24,Scarf,0.0
2022-02-25,Scarf,0.0
2022-02-26,Scarf,0.0
2022-02-27,Scarf,1.0
2022-02-28,Scarf,3.0
2022-03-01,Scarf,1.0
2022-03-02,Scarf,3.0
2022-03-03,Scarf,0.0
2022-03-04,Scarf,0.0
2022-03-05,Scarf,2.0
2022-03-06,Scarf,0.0
2022-03-07,Scarf,0.0
2022-03-08,Scarf,0.0
2022-03-09,Scarf,0.0
2022-03-10,Scarf,1.0
2022-03-11,Scarf,0.0
2022-03-12,Scarf,0.0
2022-03-13,Scarf,1.0
2022-03-14,Scarf,0.0
2022-03-15,Scarf,1.0
2022-03-16,Scarf,0.0
2022-03-17,Scarf,2.0
2022-03-18,Scarf,1.0
2022-03-19,Scarf,1.0
2022-03-20,Scarf,1.0
2022-03-21,Scarf,0.0
2022-03-22,Scarf,1.0
2022-03-23,Scarf,0.0
2022-03-24,Scarf,0.0
2022-03-25,Scarf,3.0
2022-03-26,Scarf,0.0
2022-03-27,Scarf,1.0
2022-03-28,Scarf,1.0
2022-03-29,Scarf,3.0
2022-03-30,Scarf,0.0
2022-03-31,Scarf,0.0
2022-04-01,Scarf,0.0
2022-04-02,Scarf,0.0
2022-04-03,Scarf,4.0
2022-04-04,Scarf,0.0
2022-04-05,Scarf,0.0
2022-04-06,Scarf,1.0
2022-04-07,Scarf,2.0
2022-04-08,Scarf,0.0
2022-04-09,Scarf,0.0
2022-04-10,Scarf,4.0
2022-04-11,Scarf,1.0
2022-04-12,Scarf,1.0
2022-04-13,Scarf,0.0
2022-04-14,Scarf,2.0
2022-04-15,Scarf,1.0
2022-04-16,Scarf,0.0
2022-04-17,Scarf,1.0
2022-04-18,Scarf,1.0
2022-04-19,Scarf,2.0
2022-04-20,Scarf,0.0
2022-04-21,Scarf,2.0
2022-04-22,Scarf,2.0
2022-04-23,Scarf,0.0
2022-04-24,Scarf,1.0
2022-04-25,Scarf,0.0
2022-04-26,Scarf,1.0
2022-04-27,Scarf,1.0
2022-04-28,Scarf,0.0
2022-04-29,Scarf,2.0
2022-04-30,Scarf,0.0
2022-05-01,Scarf,0.0
2022-05-02,Scarf,2.0
2022-05-03,Scarf,0.0
2022-05-04,Scarf,1.0
2022-05-05,Scarf,0.0
2022-05-06,Scarf,3.0
2022-05-07,Scarf,0.0
2022-05-08,Scarf,1.0
2022-05-09,Scarf,1.0
2022-05-10,Scarf,1.0
2022-05-11,Scarf,2.0
2022-05-12,Scarf,0.0
2022-05-13,Scarf,0.0
2022-05-14,Scarf,1.0
2022-05-15,Scarf,0.0
2022-05-16,Scarf,1.0
2022-05-17,Scarf,2.0
2022-05-18,Scarf,0.0
2022-05-19,Scarf,0.0
2022-05-20,Scarf,0.0
2022-05-21,Scarf,0.0
2022-05-22,Scarf,2.0
2022-05-23,Scarf,1.0
2022-05-24,Scarf,1.0
2022-05-25,Scarf,0.0
2022-05-26,Scarf,0.0
2022-05-27,Scarf,0.0
2022-05-28,Scarf,1.0
2022-05-29,Scarf,1.0
2022-05-30,Scarf,2.0
2022-05-31,Scarf,0.0
2022-06-01,Scarf,0.0
2022-06-02,Scarf,0.0
2022-06-03,Scarf,0.0
2022-06-04,Scarf,2.0
2022-06-05,Scarf,1.0
2022-06-06,Scarf,1.0
2022-06-07,Scarf,0.0
2022-06-08,Scarf,0.0
2022-06-09,Scarf,2.0
2022-06-10,Scarf,0.0
2022-06-11,Scarf,1.0
2022-06-12,Scarf,0.0
2022-06-13,Scarf,2.0
2022-06-14,Scarf,1.0
2022-06-15,Scarf,0.0
2022-06-16,Scarf,1.0
2022-06-17,Scarf,0.0
2022-06-18,Scarf,0.0
2022-06-19,Scarf,0.0
2022-06-20,Scarf,1.0
2022-06-21,Scarf,2.0
2022-06-22,Scarf,0.0
2022-06-23,Scarf,0.0
2022-06-24,Scarf,1.0
2022-06-25,Scarf,1.0
2022-06-26,Scarf,0.0
2022-06-27,Scarf,0.0
2022-06-28,Scarf,0.0
2022-06-29,Scarf,2.0
2022-06-30,Scarf,2.0
2022-07-01,Scarf,1.0
2022-07-02,Scarf,0.0
2022-07-03,Scarf,0.0
2022-07-04,Scarf,0.0
2022-07-05,Scarf,2.0
2022-07-06,Scarf,1.0
2022-07-07,Scarf,1.0
2022-07-08,Scarf,0.0
2022-07-09,Scarf,0.0
2022-07-10,Scarf,0.0
2022-07-11,Scarf,1.0
2022-07-12,Scarf,0.0
2022-07-13,Scarf,0.0
2022-07-14,Scarf,0.0
2022-07-15,Scarf,1.0
2022-07-16,Scarf,1.0
2022-07-17,Scarf,0.0
2022-07-18,Scarf,0.0
2022-07-19,Scarf,2.0
2022-07-20,Scarf,1.0
2022-07-21,Scarf,1.0
2022-07-22,Scarf,1.0
2022-07-23,Scarf,0.0
2022-07-24,Scarf,0.0
2022-07-25,Scarf,0.0
2022-07-26,Scarf,1.0
2022-07-27,Scarf,0.0
2022-07-28,Scarf,1.0
2022-07-29,Scarf,1.0
2022-07-30,Scarf,0.0
2022-07-31,Scarf,1.0
2022-08-01,Scarf,2.0
2022-08-02,Scarf,1.0
2022-08-03,Scarf,1.0
2022-08-04,Scarf,2.0
2022-08-05,Scarf,0.0
2022-08-06,Scarf,0.0
2022-08-07,Scarf,0.0
2022-08-08,Scarf,0.0
2022-08-09,Scarf,1.0
2022-08-10,Scarf,0.0
2022-08-11,Scarf,1.0
2022-08-12,Scarf,1.0
2022-08-13,Scarf,0.0
2022-08-14,Scarf,0.0
2022-08-15,Scarf,1.0
2022-08-16,Scarf,2.0
2022-08-17,Scarf,1.0
2022-08-18,Scarf,0.0
2022-08-19,Scarf,0.0
2022-08-20,Scarf,0.0
2022-08-21,Scarf,1.0
2022-08-22,Scarf,0.0
2022-08-23,Scarf,0.0
2022-08-24,Scarf,1.0
2022-08-25,Scarf,0.0
2022-08-26,Scarf,2.0
2022-08-27,Scarf,1.0
2022-08-28,Scarf,1.0
2022-08-29,Scarf,0.0
2022-08-30,Scarf,1.0
2022-08-31,Scarf,2.0
2022-09-01,Scarf,0.0
2022-09-02,Scarf,1.0
2022-09-03,Scarf,0.0
2022-09-04,Scarf,0.0
2022-09-05,Scarf,0.0
2022-09-06,Scarf,2.0
2022-09-07,Scarf,0.0
2022-09-08,Scarf,1.0
2022-09-09,Scarf,2.0
2022-09-10,Scarf,2.0
2022-09-11,Scarf,1.0
2022-09-12,Scarf,1.0
2022-09-13,Scarf,0.0
2022-09-14,Scarf,0.0
2022-09-15,Scarf,1.0
2022-09-16,Scarf,1.0
2022-09-17,Scarf,0.0
2022-09-18,Scarf,1.0
2022-09-19,Scarf,0.0
2022-09-20,Scarf,2.0
2022-09-21,Scarf,1.0
2022-09-22,Scarf,1.0
2022-09-23,Scarf,0.0
2022-09-24,Scarf,0.0
2022-09-25,Scarf,0.0
2022-09-26,Scarf,0.0
2022-09-27,Scarf,0.0
2022-09-28,Scarf,1.0
2022-09-29,Scarf,1.0
2022-09-30,Scarf,1.0
2022-10-01,Scarf,1.0
2022-10-02,Scarf,0.0
2022-10-03,Scarf,0.0
2022-10-04,Scarf,2.0
2022-10-05,Scarf,0.0
2022-10-06,Scarf,1.0
2022-10-07,Scarf,2.0
2022-10-08,Scarf,2.0
2022-10-09,Scarf,2.0
2022-10-10,Scarf,0.0
2022-10-11,Scarf,0.0
2022-10-12,Scarf,1.0
2022-10-13,Scarf,0.0
2022-10-14,Scarf,0.0
2022-10-15,Scarf,1.0
2022-10-16,Scarf,1.0
2022-10-17,Scarf,2.0
2022-10-18,Scarf,0.0
2022-10-19,Scarf,1.0
2022-10-20,Scarf,2.0
2022-10-21,Scarf,0.0
2022-10-22,Scarf,1.0
2022-10-23,Scarf,1.0
2022-10-24,Scarf,2.0
2022-10-25,Scarf,1.0
2022-10-26,Scarf,0.0
2022-10-27,Scarf,1.0
2022-10-28,Scarf,0.0
2022-10-29,Scarf,1.0
2022-10-30,Scarf,0.0
2022-10-31,Scarf,1.0
2022-11-01,Scarf,1.0
2022-11-02,Scarf,0.0
2022-11-03,Scarf,0.0
2022-11-04,Scarf,0.0
2022-11-05,Scarf,3.0
2022-11-06,Scarf,0.0
2022-11-07,Scarf,0.0
2022-11-08,Scarf,0.0
2022-11-09,Scarf,0.0
2022-11-10,Scarf,0.0
2022-11-11,Scarf,1.0
2022-11-12,Scarf,1.0
2022-11-13,Scarf,1.0
2022-11-14,Scarf,0.0
2022-11-15,Scarf,0.0
2022-11-16,Scarf,1.0
2022-11-17,Scarf,1.0
2022-11-18,Scarf,0.0
2022-11-19,Scarf,0.0
2022-11-20,Scarf,0.0
2022-11-21,Scarf,1.0
2022-11-22,Scarf,0.0
2022-11-23,Scarf,1.0
2022-11-24,Scarf,0.0
2022-11-25,Scarf,0.0
2022-11-26,Scarf,1.0
2022-11-27,Scarf,0.0
2022-11-28,Scarf,0.0
2022-11-29,Scarf,0.0
2022-11-30,Scarf,0.0
2022-12-01,Scarf,0.0
2022-12-02,Scarf,1.0
2022-12-03,Scarf,1.0
2022-12-04,Scarf,0.0
2022-12-05,Scarf,3.0
2022-12-06,Scarf,0.0
2022-12-07,Scarf,0.0
2022-12-08,Scarf,0.0
2022-12-09,Scarf,0.0
2022-12-10,Scarf,1.0
2022-12-11,Scarf,0.0
2022-12-12,Scarf,0.0
2022-12-13,Scarf,0.0
2022-12-14,Scarf,1.0
2022-12-15,Scarf,2.0
2022-12-16,Scarf,0.0
2022-12-17,Scarf,1.0
2022-12-18,Scarf,0.0
2022-12-19,Scarf,1.0
2022-12-20,Scarf,0.0
2022-12-21,Scarf,2.0
2022-12-22,Scarf,0.0
2022-12-23,Scarf,0.0
2022-12-24,Scarf,1.0
2022-12-25,Scarf,0.0
2022-12-26,Scarf,6.0
2022-12-27,Scarf,0.0
2022-12-28,Scarf,1.0
2022-12-29,Scarf,1.0
2022-12-30,Scarf,0.0
2022-12-31,Scarf,1.0
2023-01-01,Scarf,0.0
2023-01-02,Scarf,0.0
2023-01-03,Scarf,0.0
2023-01-04,Scarf,0.0
2023-01-05,Scarf,2.0
2023-01-06,Scarf,0.0
2023-01-07,Scarf,0.0
2023-01-08,Scarf,1.0
2023-01-09,Scarf,1.0
2023-01-10,Scarf,0.0
2023-01-11,Scarf,0.0
2023-01-12,Scarf,2.0
2023-01-13,Scarf,3.0
2023-01-14,Scarf,5.0
2023-01-15,Scarf,1.0
2023-01-16,Scarf,2.0
2023-01-17,Scarf,0.0
2023-01-18,Scarf,1.0
2023-01-19,Scarf,1.0
2023-01-20,Scarf,0.0
2023-01-21,Scarf,1.0
2023-01-22,Scarf,1.0
2023-01-23,Scarf,0.0
2023-01-24,Scarf,0.0
2023-01-25,Scarf,1.0
2023-01-26,Scarf,0.0
2023-01-27,Scarf,0.0
2023-01-28,Scarf,0.0
2023-01-29,Scarf,2.0
2023-01-30,Scarf,1.0
2023-01-31,Scarf,0.0
2023-02-01,Scarf,0.0
2023-02-02,Scarf,0.0
2023-02-03,Scarf,0.0
2023-02-04,Scarf,0.0
2023-02-05,Scarf,0.0
2023-02-06,Scarf,2.0
2023-02-07,Scarf,0.0
2023-02-08,Scarf,0.0
2023-02-09,Scarf,1.0
2023-02-10,Scarf,4.0
2023-02-11,Scarf,0.0
2023-02-12,Scarf,1.0
2023-02-13,Scarf,1.0
2023-02-14,Scarf,0.0
2023-02-15,Scarf,0.0
2023-02-16,Scarf,2.0
2023-02-17,Scarf,1.0
2023-02-18,Scarf,0.0
2023-02-19,Scarf,2.0
2023-02-20,Scarf,0.0
2023-02-21,Scarf,1.0
2023-02-22,Scarf,1.0
2023-02-23,Scarf,0.0
2023-02-24,Scarf,1.0
2023-02-25,Scarf,1.0
2023-02-26,Scarf,1.0
2023-02-27,Scarf,3.0
2023-02-28,Scarf,1.0
2023-03-01,Scarf,0.0
2023-03-02,Scarf,0.0
2023-03-03,Scarf,0.0
2023-03-04,Scarf,0.0
2023-03-05,Scarf,1.0
2023-03-06,Scarf,0.0
2023-03-07,Scarf,1.0
2023-03-08,Scarf,0.0
2023-03-09,Scarf,0.0
2023-03-10,Scarf,0.0
2023-03-11,Scarf,2.0
2023-03-12,Scarf,1.0
2023-03-13,Scarf,2.0
2023-03-14,Scarf,1.0
2023-03-15,Scarf,0.0
2023-03-16,Scarf,0.0
2023-03-17,Scarf,1.0
2023-03-18,Scarf,0.0
2023-03-19,Scarf,1.0
2023-03-20,Scarf,0.0
2023-03-21,Scarf,0.0
2023-03-22,Scarf,0.0
2023-03-23,Scarf,0.0
2023-03-24,Scarf,2.0
2023-03-25,Scarf,0.0
2023-03-26,Scarf,0.0
2023-03-27,Scarf,0.0
2023-03-28,Scarf,0.0
2023-03-29,Scarf,1.0
2023-03-30,Scarf,1.0
2023-03-31,Scarf,0.0
2023-04-01,Scarf,1.0
2023-04-02,Scarf,0.0
2023-04-03,Scarf,0.0
2023-04-04,Scarf,1.0
2023-04-05,Scarf,1.0
2023-04-06,Scarf,0.0
2023-04-07,Scarf,0.0
2023-04-08,Scarf,3.0
2023-04-09,Scarf,0.0
2023-04-10,Scarf,0.0
2023-04-11,Scarf,0.0
2023-04-12,Scarf,1.0
2023-04-13,Scarf,1.0
2023-04-14,Scarf,0.0
2023-04-15,Scarf,1.0
2023-04-16,Scarf,0.0
2023-04-17,Scarf,1.0
2023-04-18,Scarf,1.0
2023-04-19,Scarf,2.0
2023-04-20,Scarf,2.0
2023-04-21,Scarf,0.0
2023-04-22,Scarf,3.0
2023-04-23,Scarf,0.0
2023-04-24,Scarf,3.0
2023-04-25,Scarf,0.0
2023-04-26,Scarf,1.0
2023-04-27,Scarf,0.0
2023-04-28,Scarf,1.0
2023-04-29,Scarf,0.0
2023-04-30,Scarf,0.0
2023-05-01,Scarf,0.0
2023-05-02,Scarf,0.0
2023-05-03,Scarf,0.0
2023-05-04,Scarf,1.0
2023-05-05,Scarf,1.0
2023-05-06,Scarf,0.0
2023-05-07,Scarf,2.0
2023-05-08,Scarf,1.0
2023-05-09,Scarf,1.0
2023-05-10,Scarf,0.0
2023-05-11,Scarf,0.0
2023-05-12,Scarf,1.0
2023-05-13,Scarf,0.0
2023-05-14,Scarf,0.0
2023-05-15,Scarf,2.0
2023-05-16,Scarf,1.0
2023-05-17,Scarf,2.0
2023-05-18,Scarf,1.0
2023-05-19,Scarf,0.0
2023-05-20,Scarf,0.0
2023-05-21,Scarf,0.0
2023-05-22,Scarf,0.0
2023-05-23,Scarf,0.0
2023-05-24,Scarf,2.0
2023-05-25,Scarf,0.0
2023-05-26,Scarf,0.0
2023-05-27,Scarf,3.0
2023-05-28,Scarf,0.0
2023-05-29,Scarf,2.0
2023-05-30,Scarf,1.0
2023-05-31,Scarf,1.0
2023-06-01,Scarf,0.0
2023-06-02,Scarf,0.0
2023-06-03,Scarf,2.0
2023-06-04,Scarf,0.0
2023-06-05,Scarf,0.0
2023-06-06,Scarf,2.0
2023-06-07,Scarf,1.0
2023-06-08,Scarf,3.0
2023-06-09,Scarf,3.0
2023-06-10,Scarf,0.0
2023-06-11,Scarf,1.0
2023-06-12,Scarf,1.0
2023-06-13,Scarf,1.0
2023-06-14,Scarf,0.0
2023-06-15,Scarf,4.0
2023-06-16,Scarf,1.0
2023-06-17,Scarf,0.0
2023-06-18,Scarf,0.0
2023-06-19,Scarf,1.0
2023-06-20,Scarf,0.0
2023-06-21,Scarf,1.0
2023-06-22,Scarf,0.0
2023-06-23,Scarf,1.0
2023-06-24,Scarf,1.0
2023-06-25,Scarf,0.0
2023-06-26,Scarf,0.0
2023-06-27,Scarf,2.0
2023-06-28,Scarf,0.0
2023-06-29,Scarf,0.0
2023-06-30,Scarf,2.0
2023-07-01,Scarf,3.0
2023-07-02,Scarf,0.0
2023-07-03,Scarf,1.0
2023-07-04,Scarf,1.0
2023-07-05,Scarf,3.0
2023-07-06,Scarf,1.0
2023-07-07,Scarf,0.0
2023-07-08,Scarf,0.0
2023-07-09,Scarf,1.0
2023-07-10,Scarf,0.0
2023-07-11,Scarf,0.0
2023-07-12,Scarf,0.0
2023-07-13,Scarf,1.0
2023-07-14,Scarf,0.0
2023-07-15,Scarf,1.0
2023-07-16,Scarf,1.0
2023-07-17,Scarf,1.0
2023-07-18,Scarf,0.0
2023-07-19,Scarf,1.0
2023-07-20,Scarf,1.0
2023-07-21,Scarf,1.0
2023-07-22,Scarf,0.0
2023-07-23,Scarf,1.0
2023-07-24,Scarf,0.0
2023-07-25,Scarf,0.0
2023-07-26,Scarf,0.0
2023-07-27,Scarf,1.0
2023-07-28,Scarf,0.0
2023-07-29,Scarf,1.0
2023-07-30,Scarf,0.0
2023-07-31,Scarf,0.0
2023-08-01,Scarf,1.0
2023-08-02,Scarf,4.0
2023-08-03,Scarf,1.0
2023-08-04,Scarf,0.0
2023-08-05,Scarf,0.0
2023-08-06,Scarf,2.0
2023-08-07,Scarf,1.0
2023-08-08,Scarf,1.0
2023-08-09,Scarf,1.0
2023-08-10,Scarf,0.0
2023-08-11,Scarf,0.0
2023-08-12,Scarf,3.0
2023-08-13,Scarf,0.0
2023-08-14,Scarf,1.0
2023-08-15,Scarf,4.0
2023-08-16,Scarf,1.0
2023-08-17,Scarf,4.0
2023-08-18,Scarf,2.0
2023-08-19,Scarf,0.0
2023-08-20,Scarf,3.0
2023-08-21,Scarf,0.0
2023-08-22,Scarf,0.0
2023-08-23,Scarf,0.0
2023-08-24,Scarf,1.0
2023-08-25,Scarf,0.0
2023-08-26,Scarf,2.0
2023-08-27,Scarf,1.0
2023-08-28,Scarf,0.0
2023-08-29,Scarf,0.0
2023-08-30,Scarf,0.0
2023-08-31,Scarf,0.0
2023-09-01,Scarf,1.0
2023-09-02,Scarf,3.0
2023-09-03,Scarf,2.0
2023-09-04,Scarf,1.0
2023-09-05,Scarf,1.0
2023-09-06,Scarf,0.0
2023-09-07,Scarf,1.0
2023-09-08,Scarf,0.0
2023-09-09,Scarf,0.0
2023-09-10,Scarf,1.0
2023-09-11,Scarf,0.0
2023-09-12,Scarf,3.0
2023-09-13,Scarf,1.0
2023-09-14,Scarf,0.0
2023-09-15,Scarf,1.0
2023-09-16,Scarf,0.0
2023-09-17,Scarf,0.0
2023-09-18,Scarf,0.0
2023-09-19,Scarf,3.0
2023-09-20,Scarf,0.0
2023-09-21,Scarf,0.0
2023-09-22,Scarf,0.0
2023-09-23,Scarf,0.0
2023-09-24,Scarf,0.0
2023-09-25,Scarf,2.0
2023-09-26,Scarf,1.0
2023-09-27,Scarf,0.0
2023-09-28,Scarf,2.0
2023-09-29,Scarf,0.0
2023-09-30,Scarf,2.0
2023-10-01,Scarf,0.0
2023-10-02,Scarf,3.0
2023-10-03,Scarf,1.0
2023-10-04,Scarf,1.0
2023-10-05,Scarf,1.0
2023-10-06,Scarf,3.0
2023-10-07,Scarf,2.0
2023-10-08,Scarf,1.0
2023-10-09,Scarf,0.0
2023-10-10,Scarf,0.0
2023-10-11,Scarf,0.0
2023-10-12,Scarf,1.0
2023-10-13,Scarf,1.0
2023-10-14,Scarf,0.0
2023-10-15,Scarf,1.0
2023-10-16,Scarf,0.0
2023-10-17,Scarf,0.0
2023-10-18,Scarf,0.0
2023-10-19,Scarf,4.0
2023-10-20,Scarf,0.0
2023-10-21,Scarf,1.0
2023-10-22,Scarf,2.0
2023-10-23,Scarf,2.0
2023-10-24,Scarf,0.0
2023-10-25,Scarf,0.0
2023-10-26,Scarf,0.0
2023-10-27,Scarf,0.0
2023-10-28,Scarf,1.0
2023-10-29,Scarf,1.0
2023-10-30,Scarf,0.0
2023-10-31,Scarf,3.0
2023-11-01,Scarf,0.0
2023-11-02,Scarf,0.0
2023-11-03,Scarf,0.0
2023-11-04,Scarf,0.0
2023-11-05,Scarf,0.0
2023-11-06,Scarf,1.0
2023-11-07,Scarf,0.0
2023-11-08,Scarf,0.0
2023-11-09,Scarf,0.0
2023-11-10,Scarf,0.0
2023-11-11,Scarf,0.0
2023-11-12,Scarf,2.0
2023-11-13,Scarf,0.0
2023-11-14,Scarf,1.0
2023-11-15,Scarf,1.0
2023-11-16,Scarf,1.0
2023-11-17,Scarf,0.0
2023-11-18,Scarf,0.0
2023-11-19,Scarf,2.0
2023-11-20,Scarf,0.0
2023-11-21,Scarf,0.0
2023-11-22,Scarf,1.0
2023-11-23,Scarf,0.0
2023-11-24,Scarf,0.0
2023-11-25,Scarf,0.0
2023-11-26,Scarf,1.0
2023-11-27,Scarf,1.0
2023-11-28,Scarf,1.0
2023-11-29,Scarf,1.0
2023-11-30,Scarf,1.0
2023-12-01,Scarf,1.0
2023-12-02,Scarf,0.0
2023-12-03,Scarf,0.0
2023-12-04,Scarf,0.0
2023-12-05,Scarf,0.0
2023-12-06,Scarf,0.0
2023-12-07,Scarf,1.0
2023-12-08,Scarf,2.0
2023-12-09,Scarf,0.0
2023-12-10,Scarf,1.0
2023-12-11,Scarf,1.0
2023-12-12,Scarf,0.0
2023-12-13,Scarf,0.0
2023-12-14,Scarf,3.0
2023-12-15,Scarf,1.0
2023-12-16,Scarf,1.0
2023-12-17,Scarf,1.0
2023-12-18,Scarf,0.0
2023-12-19,Scarf,1.0
2023-12-20,Scarf,0.0
2023-12-21,Scarf,3.0
2023-12-22,Scarf,0.0
2023-12-23,Scarf,0.0
2023-12-24,Scarf,2.0
2023-12-25,Scarf,0.0
2023-12-26,Scarf,0.0
2023-12-27,Scarf,2.0
2023-12-28,Scarf,0.0
2023-12-29,Scarf,1.0
2023-12-30,Scarf,1.0
2023-12-31,Scarf,0.0
2024-01-01,Scarf,0.0
2024-01-02,Scarf,0.0
2024-01-03,Scarf,0.0
2024-01-04,Scarf,0.0
2024-01-05,Scarf,0.0
2024-01-06,Scarf,0.0
2024-01-07,Scarf,1.0
2024-01-08,Scarf,1.0
2024-01-09,Scarf,0.0
2024-01-10,Scarf,3.0
2024-01-11,Scarf,0.0
2024-01-12,Scarf,2.0
2024-01-13,Scarf,0.0
2024-01-14,Scarf,0.0
2024-01-15,Scarf,1.0
2024-01-16,Scarf,1.0
2024-01-17,Scarf,1.0
2024-01-18,Scarf,0.0
2024-01-19,Scarf,2.0
2024-01-20,Scarf,1.0
2024-01-21,Scarf,2.0
2024-01-22,Scarf,1.0
2024-01-23,Scarf,2.0
2024-01-24,Scarf,0.0
2024-01-25,Scarf,0.0
2024-01-26,Scarf,0.0
2024-01-27,Scarf,1.0
2024-01-28,Scarf,2.0
2024-01-29,Scarf,1.0
2024-01-30,Scarf,0.0
2024-01-31,Scarf,0.0
2024-02-01,Scarf,0.0
2024-02-02,Scarf,0.0
2024-02-03,Scarf,0.0
2024-02-04,Scarf,0.0
2024-02-05,Scarf,1.0
2024-02-06,Scarf,2.0
2024-02-07,Scarf,0.0
2024-02-08,Scarf,0.0
2024-02-09,Scarf,2.0
2024-02-10,Scarf,3.0
2024-02-11,Scarf,0.0
2024-02-12,Scarf,0.0
2024-02-13,Scarf,1.0
2024-02-14,Scarf,0.0
2024-02-15,Scarf,0.0
2024-02-16,Scarf,1.0
2024-02-17,Scarf,1.0
2024-02-18,Scarf,0.0
2024-02-19,Scarf,1.0
2024-02-20,Scarf,0.0
2024-02-21,Scarf,0.0
2024-02-22,Scarf,1.0
2024-02-23,Scarf,2.0
2024-02-24,Scarf,1.0
2024-02-25,Scarf,0.0
2024-02-26,Scarf,0.0
2024-02-27,Scarf,0.0
2024-02-28,Scarf,2.0
2024-02-29,Scarf,0.0
2024-03-01,Scarf,1.0
2024-03-02,Scarf,1.0
2024-03-03,Scarf,0.0
2024-03-04,Scarf,0.0
2024-03-05,Scarf,0.0
2024-03-06,Scarf,3.0
2024-03-07,Scarf,1.0
2024-03-08,Scarf,0.0
2024-03-09,Scarf,2.0
2024-03-10,Scarf,0.0
2024-03-11,Scarf,3.0
2024-03-12,Scarf,0.0
2024-03-13,Scarf,1.0
2024-03-14,Scarf,2.0
2024-03-15,Scarf,0.0
2024-03-16,Scarf,0.0
2024-03-17,Scarf,0.0
2024-03-18,Scarf,1.0
2024-03-19,Scarf,0.0
2024-03-20,Scarf,0.0
2024-03-21,Scarf,1.0
2024-03-22,Scarf,0.0
2024-03-23,Scarf,1.0
2024-03-24,Scarf,0.0
2024-03-25,Scarf,2.0
2024-03-26,Scarf,0.0
2021-03-28,Dress,0.0
2021-03-29,Dress,0.0
2021-03-30,Dress,0.0
2021-03-31,Dress,0.0
2021-04-01,Dress,0.0
2021-04-02,Dress,1.0
2021-04-03,Dress,0.0
2021-04-04,Dress,1.0
2021-04-05,Dress,0.0
2021-04-06,Dress,0.0
2021-04-07,Dress,0.0
2021-04-08,Dress,1.0
2021-04-09,Dress,1.0
2021-04-10,Dress,0.0
2021-04-11,Dress,0.0
2021-04-12,Dress,0.0
2021-04-13,Dress,1.0
2021-04-14,Dress,0.0
2021-04-15,Dress,1.0
2021-04-16,Dress,1.0
2021-04-17,Dress,1.0
2021-04-18,Dress,0.0
2021-04-19,Dress,0.0
2021-04-20,Dress,0.0
2021-04-21,Dress,0.0
2021-04-22,Dress,3.0
2021-04-23,Dress,3.0
2021-04-24,Dress,0.0
2021-04-25,Dress,1.0
2021-04-26,Dress,2.0
2021-04-27,Dress,0.0
2021-04-28,Dress,0.0
2021-04-29,Dress,0.0
2021-04-30,Dress,0.0
2021-05-01,Dress,2.0
2021-05-02,Dress,0.0
2021-05-03,Dress,0.0
2021-05-04,Dress,1.0
2021-05-05,Dress,1.0
2021-05-06,Dress,0.0
2021-05-07,Dress,0.0
2021-05-08,Dress,0.0
2021-05-09,Dress,0.0
2021-05-10,Dress,0.0
2021-05-11,Dress,1.0
2021-05-12,Dress,1.0
2021-05-13,Dress,1.0
2021-05-14,Dress,1.0
2021-05-15,Dress,1.0
2021-05-16,Dress,1.0
2021-05-17,Dress,0.0
2021-05-18,Dress,2.0
2021-05-19,Dress,0.0
2021-05-20,Dress,1.0
2021-05-21,Dress,0.0
2021-05-22,Dress,1.0
2021-05-23,Dress,1.0
2021-05-24,Dress,1.0
2021-05-25,Dress,1.0
2021-05-26,Dress,0.0
2021-05-27,Dress,4.0
2021-05-28,Dress,0.0
2021-05-29,Dress,1.0
2021-05-30,Dress,0.0
2021-05-31,Dress,0.0
2021-06-01,Dress,0.0
2021-06-02,Dress,1.0
2021-06-03,Dress,2.0
2021-06-04,Dress,1.0
2021-06-05,Dress,0.0
2021-06-06,Dress,0.0
2021-06-07,Dress,2.0
2021-06-08,Dress,1.0
2021-06-09,Dress,1.0
2021-06-10,Dress,0.0
2021-06-11,Dress,1.0
2021-06-12,Dress,0.0
2021-06-13,Dress,0.0
2021-06-14,Dress,3.0
2021-06-15,Dress,0.0
2021-06-16,Dress,0.0
2021-06-17,Dress,1.0
2021-06-18,Dress,0.0
2021-06-19,Dress,0.0
2021-06-20,Dress,2.0
2021-06-21,Dress,1.0
2021-06-22,Dress,1.0
2021-06-23,Dress,0.0
2021-06-24,Dress,0.0
2021-06-25,Dress,0.0
2021-06-26,Dress,0.0
2021-06-27,Dress,0.0
2021-06-28,Dress,1.0
2021-06-29,Dress,0.0
2021-06-30,Dress,0.0
2021-07-01,Dress,1.0
2021-07-02,Dress,2.0
2021-07-03,Dress,0.0
2021-07-04,Dress,0.0
2021-07-05,Dress,3.0
2021-07-06,Dress,2.0
2021-07-07,Dress,0.0
2021-07-08,Dress,0.0
2021-07-09,Dress,2.0
2021-07-10,Dress,1.0
2021-07-11,Dress,1.0
2021-07-12,Dress,0.0
2021-07-13,Dress,1.0
2021-07-14,Dress,3.0
2021-07-15,Dress,1.0
2021-07-16,Dress,0.0
2021-07-17,Dress,0.0
2021-07-18,Dress,3.0
2021-07-19,Dress,0.0
2021-07-20,Dress,1.0
2021-07-21,Dress,1.0
2021-07-22,Dress,1.0
2021-07-23,Dress,0.0
2021-07-24,Dress,0.0
2021-07-25,Dress,0.0
2021-07-26,Dress,0.0
2021-07-27,Dress,1.0
2021-07-28,Dress,4.0
2021-07-29,Dress,0.0
2021-07-30,Dress,0.0
2021-07-31,Dress,0.0
2021-08-01,Dress,1.0
2021-08-02,Dress,0.0
2021-08-03,Dress,1.0
2021-08-04,Dress,2.0
2021-08-05,Dress,0.0
2021-08-06,Dress,1.0
2021-08-07,Dress,0.0
2021-08-08,Dress,1.0
2021-08-09,Dress,0.0
2021-08-10,Dress,0.0
2021-08-11,Dress,2.0
2021-08-12,Dress,0.0
2021-08-13,Dress,0.0
2021-08-14,Dress,0.0
2021-08-15,Dress,0.0
2021-08-16,Dress,0.0
2021-08-17,Dress,2.0
2021-08-18,Dress,0.0
2021-08-19,Dress,0.0
2021-08-20,Dress,0.0
2021-08-21,Dress,0.0
2021-08-22,Dress,2.0
2021-08-23,Dress,0.0
2021-08-24,Dress,1.0
2021-08-25,Dress,0.0
2021-08-26,Dress,0.0
2021-08-27,Dress,1.0
2021-08-28,Dress,0.0
2021-08-29,Dress,1.0
2021-08-30,Dress,1.0
2021-08-31,Dress,3.0
2021-09-01,Dress,0.0
2021-09-02,Dress,0.0
2021-09-03,Dress,0.0
2021-09-04,Dress,1.0
2021-09-05,Dress,1.0
2021-09-06,Dress,1.0
2021-09-07,Dress,0.0
2021-09-08,Dress,0.0
2021-09-09,Dress,2.0
2021-09-10,Dress,1.0
2021-09-11,Dress,0.0
2021-09-12,Dress,0.0
2021-09-13,Dress,0.0
2021-09-14,Dress,0.0
2021-09-15,Dress,1.0
2021-09-16,Dress,0.0
2021-09-17,Dress,0.0
2021-09-18,Dress,1.0
2021-09-19,Dress,4.0
2021-09-20,Dress,2.0
2021-09-21,Dress,0.0
2021-09-22,Dress,0.0
2021-09-23,Dress,2.0
2021-09-24,Dress,0.0
2021-09-25,Dress,0.0
2021-09-26,Dress,2.0
2021-09-27,Dress,3.0
2021-09-28,Dress,1.0
2021-09-29,Dress,0.0
2021-09-30,Dress,1.0
2021-10-01,Dress,1.0
2021-10-02,Dress,2.0
2021-10-03,Dress,0.0
2021-10-04,Dress,1.0
2021-10-05,Dress,2.0
2021-10-06,Dress,1.0
2021-10-07,Dress,2.0
2021-10-08,Dress,1.0
2021-10-09,Dress,0.0
2021-10-10,Dress,1.0
2021-10-11,Dress,0.0
2021-10-12,Dress,0.0
2021-10-13,Dress,0.0
2021-10-14,Dress,1.0
2021-10-15,Dress,0.0
2021-10-16,Dress,0.0
2021-10-17,Dress,2.0
2021-10-18,Dress,0.0
2021-10-19,Dress,0.0
2021-10-20,Dress,1.0
2021-10-21,Dress,0.0
2021-10-22,Dress,0.0
2021-10-23,Dress,0.0
2021-10-24,Dress,3.0
2021-10-25,Dress,0.0
2021-10-26,Dress,0.0
2021-10-27,Dress,4.0
2021-10-28,Dress,0.0
2021-10-29,Dress,0.0
2021-10-30,Dress,1.0
2021-10-31,Dress,0.0
2021-11-01,Dress,0.0
2021-11-02,Dress,2.0
2021-11-03,Dress,1.0
2021-11-04,Dress,0.0
2021-11-05,Dress,0.0
2021-11-06,Dress,1.0
2021-11-07,Dress,0.0
2021-11-08,Dress,2.0
2021-11-09,Dress,0.0
2021-11-10,Dress,2.0
2021-11-11,Dress,1.0
2021-11-12,Dress,2.0
2021-11-13,Dress,0.0
2021-11-14,Dress,1.0
2021-11-15,Dress,0.0
2021-11-16,Dress,2.0
2021-11-17,Dress,1.0
2021-11-18,Dress,1.0
2021-11-19,Dress,1.0
2021-11-20,Dress,0.0
2021-11-21,Dress,2.0
2021-11-22,Dress,0.0
2021-11-23,Dress,1.0
2021-11-24,Dress,2.0
2021-11-25,Dress,1.0
2021-11-26,Dress,0.0
2021-11-27,Dress,0.0
2021-11-28,Dress,0.0
2021-11-29,Dress,3.0
2021-11-30,Dress,1.0
2021-12-01,Dress,1.0
2021-12-02,Dress,0.0
2021-12-03,Dress,2.0
2021-12-04,Dress,0.0
2021-12-05,Dress,0.0
2021-12-06,Dress,1.0
2021-12-07,Dress,0.0
2021-12-08,Dress,0.0
2021-12-09,Dress,0.0
2021-12-10,Dress,0.0
2021-12-11,Dress,2.0
2021-12-12,Dress,2.0
2021-12-13,Dress,1.0
2021-12-14,Dress,1.0
2021-12-15,Dress,1.0
2021-12-16,Dress,1.0
2021-12-17,Dress,1.0
2021-12-18,Dress,1.0
2021-12-19,Dress,1.0
2021-12-20,Dress,0.0
2021-12-21,Dress,0.0
2021-12-22,Dress,0.0
2021-12-23,Dress,1.0
2021-12-24,Dress,1.0
2021-12-25,Dress,2.0
2021-12-26,Dress,0.0
2021-12-27,Dress,0.0
2021-12-28,Dress,2.0
2021-12-29,Dress,2.0
2021-12-30,Dress,1.0
2021-12-31,Dress,0.0
2022-01-01,Dress,0.0
2022-01-02,Dress,1.0
2022-01-03,Dress,1.0
2022-01-04,Dress,1.0
2022-01-05,Dress,1.0
2022-01-06,Dress,0.0
2022-01-07,Dress,0.0
2022-01-08,Dress,0.0
2022-01-09,Dress,0.0
2022-01-10,Dress,0.0
2022-01-11,Dress,0.0
2022-01-12,Dress,0.0
2022-01-13,Dress,0.0
2022-01-14,Dress,0.0
2022-01-15,Dress,0.0
2022-01-16,Dress,1.0
2022-01-17,Dress,0.0
2022-01-18,Dress,1.0
2022-01-19,Dress,0.0
2022-01-20,Dress,2.0
2022-01-21,Dress,1.0
2022-01-22,Dress,0.0
2022-01-23,Dress,1.0
2022-01-24,Dress,0.0
2022-01-25,Dress,1.0
2022-01-26,Dress,1.0
2022-01-27,Dress,0.0
2022-01-28,Dress,2.0
2022-01-29,Dress,0.0
2022-01-30,Dress,0.0
2022-01-31,Dress,1.0
2022-02-01,Dress,0.0
2022-02-02,Dress,0.0
2022-02-03,Dress,0.0
2022-02-04,Dress,1.0
2022-02-05,Dress,2.0
2022-02-06,Dress,0.0
2022-02-07,Dress,0.0
2022-02-08,Dress,0.0
2022-02-09,Dress,1.0
2022-02-10,Dress,0.0
2022-02-11,Dress,2.0
2022-02-12,Dress,0.0
2022-02-13,Dress,3.0
2022-02-14,Dress,2.0
2022-02-15,Dress,1.0
2022-02-16,Dress,0.0
2022-02-17,Dress,0.0
2022-02-18,Dress,3.0
2022-02-19,Dress,0.0
2022-02-20,Dress,1.0
2022-02-21,Dress,0.0
2022-02-22,Dress,2.0
2022-02-23,Dress,0.0
2022-02-24,Dress,1.0
2022-02-25,Dress,1.0
2022-02-26,Dress,1.0
2022-02-27,Dress,1.0
2022-02-28,Dress,2.0
2022-03-01,Dress,1.0
2022-03-02,Dress,1.0
2022-03-03,Dress,1.0
2022-03-04,Dress,2.0
2022-03-05,Dress,0.0
2022-03-06,Dress,3.0
2022-03-07,Dress,0.0
2022-03-08,Dress,0.0
2022-03-09,Dress,0.0
2022-03-10,Dress,1.0
2022-03-11,Dress,0.0
2022-03-12,Dress,0.0
2022-03-13,Dress,0.0
2022-03-14,Dress,0.0
2022-03-15,Dress,2.0
2022-03-16,Dress,0.0
2022-03-17,Dress,0.0
2022-03-18,Dress,0.0
2022-03-19,Dress,0.0
2022-03-20,Dress,1.0
2022-03-21,Dress,1.0
2022-03-22,Dress,0.0
2022-03-23,Dress,0.0
2022-03-24,Dress,0.0
2022-03-25,Dress,1.0
2022-03-26,Dress,1.0
2022-03-27,Dress,1.0
2022-03-28,Dress,1.0
2022-03-29,Dress,3.0
2022-03-30,Dress,3.0
2022-03-31,Dress,1.0
2022-04-01,Dress,1.0
2022-04-02,Dress,2.0
2022-04-03,Dress,1.0
2022-04-04,Dress,0.0
2022-04-05,Dress,0.0
2022-04-06,Dress,0.0
2022-04-07,Dress,0.0
2022-04-08,Dress,1.0
2022-04-09,Dress,0.0
2022-04-10,Dress,2.0
2022-04-11,Dress,2.0
2022-04-12,Dress,0.0
2022-04-13,Dress,1.0
2022-04-14,Dress,0.0
2022-04-15,Dress,1.0
2022-04-16,Dress,1.0
2022-04-17,Dress,0.0
2022-04-18,Dress,2.0
2022-04-19,Dress,0.0
2022-04-20,Dress,1.0
2022-04-21,Dress,2.0
2022-04-22,Dress,0.0
2022-04-23,Dress,1.0
2022-04-24,Dress,1.0
2022-04-25,Dress,0.0
2022-04-26,Dress,1.0
2022-04-27,Dress,0.0
2022-04-28,Dress,0.0
2022-04-29,Dress,0.0
2022-04-30,Dress,0.0
2022-05-01,Dress,1.0
2022-05-02,Dress,0.0
2022-05-03,Dress,0.0
2022-05-04,Dress,1.0
2022-05-05,Dress,2.0
2022-05-06,Dress,2.0
2022-05-07,Dress,0.0
2022-05-08,Dress,1.0
2022-05-09,Dress,0.0
2022-05-10,Dress,0.0
2022-05-11,Dress,0.0
2022-05-12,Dress,0.0
2022-05-13,Dress,1.0
2022-05-14,Dress,2.0
2022-05-15,Dress,1.0
2022-05-16,Dress,2.0
2022-05-17,Dress,3.0
2022-05-18,Dress,0.0
2022-05-19,Dress,0.0
2022-05-20,Dress,2.0
2022-05-21,Dress,0.0
2022-05-22,Dress,0.0
2022-05-23,Dress,2.0
2022-05-24,Dress,1.0
2022-05-25,Dress,0.0
2022-05-26,Dress,0.0
2022-05-27,Dress,0.0
2022-05-28,Dress,0.0
2022-05-29,Dress,1.0
2022-05-30,Dress,3.0
2022-05-31,Dress,0.0
2022-06-01,Dress,0.0
2022-06-02,Dress,0.0
2022-06-03,Dress,0.0
2022-06-04,Dress,3.0
2022-06-05,Dress,1.0
2022-06-06,Dress,1.0
2022-06-07,Dress,0.0
2022-06-08,Dress,1.0
2022-06-09,Dress,2.0
2022-06-10,Dress,0.0
2022-06-11,Dress,0.0
2022-06-12,Dress,0.0
2022-06-13,Dress,1.0
2022-06-14,Dress,0.0
2022-06-15,Dress,0.0
2022-06-16,Dress,0.0
2022-06-17,Dress,2.0
2022-06-18,Dress,1.0
2022-06-19,Dress,0.0
2022-06-20,Dress,1.0
2022-06-21,Dress,0.0
2022-06-22,Dress,1.0
2022-06-23,Dress,1.0
2022-06-24,Dress,0.0
2022-06-25,Dress,2.0
2022-06-26,Dress,0.0
2022-06-27,Dress,2.0
2022-06-28,Dress,1.0
2022-06-29,Dress,0.0
2022-06-30,Dress,0.0
2022-07-01,Dress,0.0
2022-07-02,Dress,2.0
2022-07-03,Dress,2.0
2022-07-04,Dress,0.0
2022-07-05,Dress,1.0
2022-07-06,Dress,0.0
2022-07-07,Dress,0.0
2022-07-08,Dress,1.0
2022-07-09,Dress,0.0
2022-07-10,Dress,0.0
2022-07-11,Dress,4.0
2022-07-12,Dress,0.0
2022-07-13,Dress,0.0
2022-07-14,Dress,2.0
2022-07-15,Dress,0.0
2022-07-16,Dress,0.0
2022-07-17,Dress,0.0
2022-07-18,Dress,1.0
2022-07-19,Dress,0.0
2022-07-20,Dress,0.0
2022-07-21,Dress,1.0
2022-07-22,Dress,0.0
2022-07-23,Dress,0.0
2022-07-24,Dress,0.0
2022-07-25,Dress,0.0
2022-07-26,Dress,1.0
2022-07-27,Dress,0.0
2022-07-28,Dress,0.0
2022-07-29,Dress,1.0
2022-07-30,Dress,2.0
2022-07-31,Dress,1.0
2022-08-01,Dress,1.0
2022-08-02,Dress,4.0
2022-08-03,Dress,0.0
2022-08-04,Dress,2.0
2022-08-05,Dress,2.0
2022-08-06,Dress,0.0
2022-08-07,Dress,1.0
2022-08-08,Dress,2.0
2022-08-09,Dress,1.0
2022-08-10,Dress,1.0
2022-08-11,Dress,0.0
2022-08-12,Dress,2.0
2022-08-13,Dress,1.0
2022-08-14,Dress,0.0
2022-08-15,Dress,0.0
2022-08-16,Dress,0.0
2022-08-17,Dress,2.0
2022-08-18,Dress,1.0
2022-08-19,Dress,1.0
2022-08-20,Dress,0.0
2022-08-21,Dress,0.0
2022-08-22,Dress,0.0
2022-08-23,Dress,0.0
2022-08-24,Dress,0.0
2022-08-25,Dress,1.0
2022-08-26,Dress,2.0
2022-08-27,Dress,0.0
2022-08-28,Dress,0.0
2022-08-29,Dress,1.0
2022-08-30,Dress,1.0
2022-08-31,Dress,2.0
2022-09-01,Dress,3.0
2022-09-02,Dress,1.0
2022-09-03,Dress,1.0
2022-09-04,Dress,0.0
2022-09-05,Dress,0.0
2022-09-06,Dress,4.0
2022-09-07,Dress,0.0
2022-09-08,Dress,0.0
2022-09-09,Dress,0.0
2022-09-10,Dress,1.0
2022-09-11,Dress,1.0
2022-09-12,Dress,1.0
2022-09-13,Dress,0.0
2022-09-14,Dress,1.0
2022-09-15,Dress,2.0
2022-09-16,Dress,2.0
2022-09-17,Dress,0.0
2022-09-18,Dress,1.0
2022-09-19,Dress,3.0
2022-09-20,Dress,1.0
2022-09-21,Dress,0.0
2022-09-22,Dress,0.0
2022-09-23,Dress,1.0
2022-09-24,Dress,0.0
2022-09-25,Dress,0.0
2022-09-26,Dress,1.0
2022-09-27,Dress,1.0
2022-09-28,Dress,2.0
2022-09-29,Dress,1.0
2022-09-30,Dress,0.0
2022-10-01,Dress,0.0
2022-10-02,Dress,0.0
2022-10-03,Dress,0.0
2022-10-04,Dress,0.0
2022-10-05,Dress,0.0
2022-10-06,Dress,2.0
2022-10-07,Dress,2.0
2022-10-08,Dress,1.0
2022-10-09,Dress,3.0
2022-10-10,Dress,1.0
2022-10-11,Dress,0.0
2022-10-12,Dress,0.0
2022-10-13,Dress,2.0
2022-10-14,Dress,0.0
2022-10-15,Dress,2.0
2022-10-16,Dress,1.0
2022-10-17,Dress,3.0
2022-10-18,Dress,1.0
2022-10-19,Dress,2.0
2022-10-20,Dress,0.0
2022-10-21,Dress,1.0
2022-10-22,Dress,1.0
2022-10-23,Dress,0.0
2022-10-24,Dress,0.0
2022-10-25,Dress,1.0
2022-10-26,Dress,0.0
2022-10-27,Dress,0.0
2022-10-28,Dress,0.0
2022-10-29,Dress,1.0
2022-10-30,Dress,1.0
2022-10-31,Dress,0.0
2022-11-01,Dress,0.0
2022-11-02,Dress,0.0
2022-11-03,Dress,0.0
2022-11-04,Dress,0.0
2022-11-05,Dress,2.0
2022-11-06,Dress,1.0
2022-11-07,Dress,0.0
2022-11-08,Dress,1.0
2022-11-09,Dress,0.0
2022-11-10,Dress,2.0
2022-11-11,Dress,2.0
2022-11-12,Dress,1.0
2022-11-13,Dress,0.0
2022-11-14,Dress,2.0
2022-11-15,Dress,0.0
2022-11-16,Dress,1.0
2022-11-17,Dress,1.0
2022-11-18,Dress,0.0
2022-11-19,Dress,0.0
2022-11-20,Dress,2.0
2022-11-21,Dress,2.0
2022-11-22,Dress,2.0
2022-11-23,Dress,0.0
2022-11-24,Dress,0.0
2022-11-25,Dress,5.0
2022-11-26,Dress,1.0
2022-11-27,Dress,2.0
2022-11-28,Dress,3.0
2022-11-29,Dress,1.0
2022-11-30,Dress,0.0
2022-12-01,Dress,1.0
2022-12-02,Dress,1.0
2022-12-03,Dress,4.0
2022-12-04,Dress,0.0
2022-12-05,Dress,1.0
2022-12-06,Dress,1.0
2022-12-07,Dress,0.0
2022-12-08,Dress,0.0
2022-12-09,Dress,3.0
2022-12-10,Dress,0.0
2022-12-11,Dress,1.0
2022-12-12,Dress,1.0
2022-12-13,Dress,0.0
2022-12-14,Dress,1.0
2022-12-15,Dress,1.0
2022-12-16,Dress,0.0
2022-12-17,Dress,1.0
2022-12-18,Dress,0.0
2022-12-19,Dress,1.0
2022-12-20,Dress,0.0
2022-12-21,Dress,2.0
2022-12-22,Dress,0.0
2022-12-23,Dress,0.0
2022-12-24,Dress,2.0
2022-12-25,Dress,1.0
2022-12-26,Dress,3.0
2022-12-27,Dress,1.0
2022-12-28,Dress,3.0
2022-12-29,Dress,2.0
2022-12-30,Dress,0.0
2022-12-31,Dress,1.0
2023-01-01,Dress,0.0
2023-01-02,Dress,0.0
2023-01-03,Dress,0.0
2023-01-04,Dress,0.0
2023-01-05,Dress,0.0
2023-01-06,Dress,1.0
2023-01-07,Dress,0.0
2023-01-08,Dress,2.0
2023-01-09,Dress,1.0
2023-01-10,Dress,2.0
2023-01-11,Dress,1.0
2023-01-12,Dress,0.0
2023-01-13,Dress,0.0
2023-01-14,Dress,3.0
2023-01-15,Dress,1.0
2023-01-16,Dress,1.0
2023-01-17,Dress,0.0
2023-01-18,Dress,2.0
2023-01-19,Dress,0.0
2023-01-20,Dress,0.0
2023-01-21,Dress,0.0
2023-01-22,Dress,0.0
2023-01-23,Dress,0.0
2023-01-24,Dress,0.0
2023-01-25,Dress,0.0
2023-01-26,Dress,0.0
2023-01-27,Dress,1.0
2023-01-28,Dress,0.0
2023-01-29,Dress,2.0
2023-01-30,Dress,0.0
2023-01-31,Dress,1.0
2023-02-01,Dress,0.0
2023-02-02,Dress,0.0
2023-02-03,Dress,2.0
2023-02-04,Dress,0.0
2023-02-05,Dress,0.0
2023-02-06,Dress,2.0
2023-02-07,Dress,1.0
2023-02-08,Dress,0.0
2023-02-09,Dress,0.0
2023-02-10,Dress,1.0
2023-02-11,Dress,0.0
2023-02-12,Dress,2.0
2023-02-13,Dress,1.0
2023-02-14,Dress,1.0
2023-02-15,Dress,1.0
2023-02-16,Dress,1.0
2023-02-17,Dress,1.0
2023-02-18,Dress,0.0
2023-02-19,Dress,3.0
2023-02-20,Dress,0.0
2023-02-21,Dress,1.0
2023-02-22,Dress,1.0
2023-02-23,Dress,1.0
2023-02-24,Dress,0.0
2023-02-25,Dress,1.0
2023-02-26,Dress,1.0
2023-02-27,Dress,1.0
2023-02-28,Dress,1.0
2023-03-01,Dress,1.0
2023-03-02,Dress,0.0
2023-03-03,Dress,1.0
2023-03-04,Dress,0.0
2023-03-05,Dress,1.0
2023-03-06,Dress,3.0
2023-03-07,Dress,0.0
2023-03-08,Dress,1.0
2023-03-09,Dress,2.0
2023-03-10,Dress,1.0
2023-03-11,Dress,1.0
2023-03-12,Dress,0.0
2023-03-13,Dress,1.0
2023-03-14,Dress,3.0
2023-03-15,Dress,0.0
2023-03-16,Dress,0.0
2023-03-17,Dress,1.0
2023-03-18,Dress,0.0
2023-03-19,Dress,0.0
2023-03-20,Dress,0.0
2023-03-21,Dress,0.0
2023-03-22,Dress,1.0
2023-03-23,Dress,2.0
2023-03-24,Dress,1.0
2023-03-25,Dress,2.0
2023-03-26,Dress,1.0
2023-03-27,Dress,0.0
2023-03-28,Dress,0.0
2023-03-29,Dress,1.0
2023-03-30,Dress,1.0
2023-03-31,Dress,0.0
2023-04-01,Dress,1.0
2023-04-02,Dress,0.0
2023-04-03,Dress,1.0
2023-04-04,Dress,1.0
2023-04-05,Dress,1.0
2023-04-06,Dress,0.0
2023-04-07,Dress,1.0
2023-04-08,Dress,0.0
2023-04-09,Dress,0.0
2023-04-10,Dress,0.0
2023-04-11,Dress,1.0
2023-04-12,Dress,3.0
2023-04-13,Dress,0.0
2023-04-14,Dress,1.0
2023-04-15,Dress,1.0
2023-04-16,Dress,0.0
2023-04-17,Dress,1.0
2023-04-18,Dress,2.0
2023-04-19,Dress,0.0
2023-04-20,Dress,0.0
2023-04-21,Dress,0.0
2023-04-22,Dress,0.0
2023-04-23,Dress,1.0
2023-04-24,Dress,2.0
2023-04-25,Dress,1.0
2023-04-26,Dress,0.0
2023-04-27,Dress,2.0
2023-04-28,Dress,0.0
2023-04-29,Dress,1.0
2023-04-30,Dress,0.0
2023-05-01,Dress,0.0
2023-05-02,Dress,0.0
2023-05-03,Dress,0.0
2023-05-04,Dress,0.0
2023-05-05,Dress,0.0
2023-05-06,Dress,2.0
2023-05-07,Dress,0.0
2023-05-08,Dress,1.0
2023-05-09,Dress,2.0
2023-05-10,Dress,1.0
2023-05-11,Dress,0.0
2023-05-12,Dress,0.0
2023-05-13,Dress,0.0
2023-05-14,Dress,0.0
2023-05-15,Dress,0.0
2023-05-16,Dress,0.0
2023-05-17,Dress,2.0
2023-05-18,Dress,1.0
2023-05-19,Dress,0.0
2023-05-20,Dress,0.0
2023-05-21,Dress,1.0
2023-05-22,Dress,0.0
2023-05-23,Dress,0.0
2023-05-24,Dress,2.0
2023-05-25,Dress,1.0
2023-05-26,Dress,1.0
2023-05-27,Dress,1.0
2023-05-28,Dress,0.0
2023-05-29,Dress,0.0
2023-05-30,Dress,0.0
2023-05-31,Dress,2.0
2023-06-01,Dress,0.0
2023-06-02,Dress,2.0
2023-06-03,Dress,0.0
2023-06-04,Dress,0.0
2023-06-05,Dress,1.0
2023-06-06,Dress,1.0
2023-06-07,Dress,1.0
2023-06-08,Dress,3.0
2023-06-09,Dress,3.0
2023-06-10,Dress,2.0
2023-06-11,Dress,2.0
2023-06-12,Dress,0.0
2023-06-13,Dress,0.0
2023-06-14,Dress,0.0
2023-06-15,Dress,0.0
2023-06-16,Dress,1.0
2023-06-17,Dress,0.0
2023-06-18,Dress,0.0
2023-06-19,Dress,0.0
2023-06-20,Dress,0.0
2023-06-21,Dress,1.0
2023-06-22,Dress,0.0
2023-06-23,Dress,1.0
2023-06-24,Dress,0.0
2023-06-25,Dress,0.0
2023-06-26,Dress,0.0
2023-06-27,Dress,2.0
2023-06-28,Dress,0.0
2023-06-29,Dress,0.0
2023-06-30,Dress,3.0
2023-07-01,Dress,0.0
2023-07-02,Dress,2.0
2023-07-03,Dress,0.0
2023-07-04,Dress,1.0
2023-07-05,Dress,1.0
2023-07-06,Dress,0.0
2023-07-07,Dress,0.0
2023-07-08,Dress,0.0
2023-07-09,Dress,0.0
2023-07-10,Dress,0.0
2023-07-11,Dress,1.0
2023-07-12,Dress,0.0
2023-07-13,Dress,2.0
2023-07-14,Dress,1.0
2023-07-15,Dress,0.0
2023-07-16,Dress,1.0
2023-07-17,Dress,0.0
2023-07-18,Dress,1.0
2023-07-19,Dress,2.0
2023-07-20,Dress,1.0
2023-07-21,Dress,1.0
2023-07-22,Dress,0.0
2023-07-23,Dress,0.0
2023-07-24,Dress,1.0
2023-07-25,Dress,0.0
2023-07-26,Dress,0.0
2023-07-27,Dress,1.0
2023-07-28,Dress,0.0
2023-07-29,Dress,0.0
2023-07-30,Dress,0.0
2023-07-31,Dress,0.0
2023-08-01,Dress,0.0
2023-08-02,Dress,1.0
2023-08-03,Dress,0.0
2023-08-04,Dress,0.0
2023-08-05,Dress,1.0
2023-08-06,Dress,1.0
2023-08-07,Dress,0.0
2023-08-08,Dress,0.0
2023-08-09,Dress,0.0
2023-08-10,Dress,1.0
2023-08-11,Dress,0.0
2023-08-12,Dress,1.0
2023-08-13,Dress,2.0
2023-08-14,Dress,0.0
2023-08-15,Dress,3.0
2023-08-16,Dress,2.0
2023-08-17,Dress,1.0
2023-08-18,Dress,2.0
2023-08-19,Dress,0.0
2023-08-20,Dress,2.0
2023-08-21,Dress,0.0
2023-08-22,Dress,3.0
2023-08-23,Dress,0.0
2023-08-24,Dress,1.0
2023-08-25,Dress,1.0
2023-08-26,Dress,2.0
2023-08-27,Dress,3.0
2023-08-28,Dress,1.0
2023-08-29,Dress,0.0
2023-08-30,Dress,1.0
2023-08-31,Dress,2.0
2023-09-01,Dress,1.0
2023-09-02,Dress,2.0
2023-09-03,Dress,1.0
2023-09-04,Dress,2.0
2023-09-05,Dress,0.0
2023-09-06,Dress,3.0
2023-09-07,Dress,1.0
2023-09-08,Dress,3.0
2023-09-09,Dress,0.0
2023-09-10,Dress,2.0
2023-09-11,Dress,1.0
2023-09-12,Dress,0.0
2023-09-13,Dress,0.0
2023-09-14,Dress,0.0
2023-09-15,Dress,2.0
2023-09-16,Dress,1.0
2023-09-17,Dress,1.0
2023-09-18,Dress,0.0
2023-09-19,Dress,0.0
2023-09-20,Dress,0.0
2023-09-21,Dress,1.0
2023-09-22,Dress,1.0
2023-09-23,Dress,0.0
2023-09-24,Dress,1.0
2023-09-25,Dress,0.0
2023-09-26,Dress,0.0
2023-09-27,Dress,1.0
2023-09-28,Dress,2.0
2023-09-29,Dress,2.0
2023-09-30,Dress,1.0
2023-10-01,Dress,0.0
2023-10-02,Dress,1.0
2023-10-03,Dress,1.0
2023-10-04,Dress,0.0
2023-10-05,Dress,1.0
2023-10-06,Dress,1.0
2023-10-07,Dress,1.0
2023-10-08,Dress,1.0
2023-10-09,Dress,3.0
2023-10-10,Dress,1.0
2023-10-11,Dress,0.0
2023-10-12,Dress,0.0
2023-10-13,Dress,0.0
2023-10-14,Dress,1.0
2023-10-15,Dress,0.0
2023-10-16,Dress,0.0
2023-10-17,Dress,0.0
2023-10-18,Dress,0.0
2023-10-19,Dress,0.0
2023-10-20,Dress,1.0
2023-10-21,Dress,3.0
2023-10-22,Dress,0.0
2023-10-23,Dress,0.0
2023-10-24,Dress,1.0
2023-10-25,Dress,1.0
2023-10-26,Dress,3.0
2023-10-27,Dress,0.0
2023-10-28,Dress,1.0
2023-10-29,Dress,0.0
2023-10-30,Dress,0.0
2023-10-31,Dress,1.0
2023-11-01,Dress,0.0
2023-11-02,Dress,0.0
2023-11-03,Dress,0.0
2023-11-04,Dress,1.0
2023-11-05,Dress,1.0
2023-11-06,Dress,0.0
2023-11-07,Dress,1.0
2023-11-08,Dress,1.0
2023-11-09,Dress,1.0
2023-11-10,Dress,0.0
2023-11-11,Dress,0.0
2023-11-12,Dress,2.0
2023-11-13,Dress,0.0
2023-11-14,Dress,2.0
2023-11-15,Dress,2.0
2023-11-16,Dress,0.0
2023-11-17,Dress,0.0
2023-11-18,Dress,2.0
2023-11-19,Dress,1.0
2023-11-20,Dress,1.0
2023-11-21,Dress,0.0
2023-11-22,Dress,0.0
2023-11-23,Dress,0.0
2023-11-24,Dress,1.0
2023-11-25,Dress,1.0
2023-11-26,Dress,1.0
2023-11-27,Dress,3.0
2023-11-28,Dress,0.0
2023-11-29,Dress,2.0
2023-11-30,Dress,0.0
2023-12-01,Dress,0.0
2023-12-02,Dress,0.0
2023-12-03,Dress,3.0
2023-12-04,Dress,0.0
2023-12-05,Dress,0.0
2023-12-06,Dress,1.0
2023-12-07,Dress,0.0
2023-12-08,Dress,1.0
2023-12-09,Dress,0.0
2023-12-10,Dress,0.0
2023-12-11,Dress,0.0
2023-12-12,Dress,1.0
2023-12-13,Dress,3.0
2023-12-14,Dress,2.0
2023-12-15,Dress,3.0
2023-12-16,Dress,1.0
2023-12-17,Dress,0.0
2023-12-18,Dress,0.0
2023-12-19,Dress,2.0
2023-12-20,Dress,2.0
2023-12-21,Dress,0.0
2023-12-22,Dress,1.0
2023-12-23,Dress,1.0
2023-12-24,Dress,1.0
2023-12-25,Dress,0.0
2023-12-26,Dress,0.0
2023-12-27,Dress,1.0
2023-12-28,Dress,0.0
2023-12-29,Dress,0.0
2023-12-30,Dress,0.0
2023-12-31,Dress,0.0
2024-01-01,Dress,0.0
2024-01-02,Dress,0.0
2024-01-03,Dress,1.0
2024-01-04,Dress,1.0
2024-01-05,Dress,2.0
2024-01-06,Dress,1.0
2024-01-07,Dress,2.0
2024-01-08,Dress,1.0
2024-01-09,Dress,0.0
2024-01-10,Dress,2.0
2024-01-11,Dress,1.0
2024-01-12,Dress,0.0
2024-01-13,Dress,0.0
2024-01-14,Dress,0.0
2024-01-15,Dress,1.0
2024-01-16,Dress,2.0
2024-01-17,Dress,2.0
2024-01-18,Dress,0.0
2024-01-19,Dress,3.0
2024-01-20,Dress,0.0
2024-01-21,Dress,0.0
2024-01-22,Dress,1.0
2024-01-23,Dress,0.0
2024-01-24,Dress,1.0
2024-01-25,Dress,1.0
2024-01-26,Dress,0.0
2024-01-27,Dress,2.0
2024-01-28,Dress,0.0
2024-01-29,Dress,1.0
2024-01-30,Dress,1.0
2024-01-31,Dress,0.0
2024-02-01,Dress,1.0
2024-02-02,Dress,1.0
2024-02-03,Dress,1.0
2024-02-04,Dress,2.0
2024-02-05,Dress,0.0
2024-02-06,Dress,2.0
2024-02-07,Dress,0.0
2024-02-08,Dress,1.0
2024-02-09,Dress,3.0
2024-02-10,Dress,1.0
2024-02-11,Dress,0.0
2024-02-12,Dress,2.0
2024-02-13,Dress,1.0
2024-02-14,Dress,0.0
2024-02-15,Dress,1.0
2024-02-16,Dress,1.0
2024-02-17,Dress,0.0
2024-02-18,Dress,0.0
2024-02-19,Dress,1.0
2024-02-20,Dress,0.0
2024-02-21,Dress,1.0
2024-02-22,Dress,1.0
2024-02-23,Dress,1.0
2024-02-24,Dress,0.0
2024-02-25,Dress,0.0
2024-02-26,Dress,0.0
2024-02-27,Dress,0.0
2024-02-28,Dress,2.0
2024-02-29,Dress,0.0
2024-03-01,Dress,0.0
2024-03-02,Dress,1.0
2024-03-03,Dress,0.0
2024-03-04,Dress,0.0
2024-03-05,Dress,1.0
2024-03-06,Dress,0.0
2024-03-07,Dress,1.0
2024-03-08,Dress,0.0
2024-03-09,Dress,0.0
2024-03-10,Dress,0.0
2024-03-11,Dress,2.0
2024-03-12,Dress,1.0
2024-03-13,Dress,0.0
2024-03-14,Dress,1.0
2024-03-15,Dress,0.0
2024-03-16,Dress,0.0
2024-03-17,Dress,0.0
2024-03-18,Dress,1.0
2024-03-19,Dress,0.0
2024-03-20,Dress,0.0
2024-03-21,Dress,0.0
2024-03-22,Dress,0.0
2024-03-23,Dress,1.0
2024-03-24,Dress,3.0
2024-03-25,Dress,4.0
2024-03-26,Dress,0.0
